{"type":"FeatureCollection","features":[{"type":"Feature","id":"06","properties":{"kind":"state","fips":"06"},"geometry":{"type":"LineString","coordinates":[[-124.211605,41.99846],[-124.209598,41.998425],[-124.208297,41.998401],[-124.208283,41.998401],[-124.198548,41.998234],[-124.198506,41.998233],[-124.197062,41.998209],[-124.196961,41.998207],[-124.196941,41.998206],[-124.196928,41.998206],[-124.19689,41.998206],[-124.196847,41.998205],[-124.196793,41.998204],[-124.19667,41.998202],[-124.196546,41.9982],[-124.19312,41.998141],[-124.193025,41.99814],[-124.19297,41.998139],[-124.192934,41.998139],[-124.192843,41.998138],[-124.192704,41.998136],[-124.18873,41.998064],[-124.186977,41.998034],[-124.1816,41.997941],[-124.178792,41.997893],[-124.178066,41.997881],[-124.168002,41.997708],[-124.162263,41.99761],[-124.146612,41.997342],[-124.146403,41.997338],[-124.142943,41.997293],[-124.141582,41.997256],[-124.121365,41.997015],[-124.12133,41.997015],[-124.121115,41.997016],[-124.118786,41.997027],[-124.116525,41.997038],[-124.104557,41.997094],[-124.104023,41.997074],[-124.102783,41.997026],[-124.102654,41.996893],[-124.102532,41.99681],[-124.102389,41.996748],[-124.102149,41.996692],[-124.102001,41.996686],[-124.101857,41.996714],[-124.101804,41.996745],[-124.101714,41.996788],[-124.101611,41.996808],[-124.101309,41.996785],[-124.100995,41.99677],[-124.100705,41.996792],[-124.100593,41.996785],[-124.10047,41.996761],[-124.100376,41.996712],[-124.087967,41.996808],[-124.087843,41.996791],[-124.087758,41.996759],[-124.087641,41.996686],[-124.087488,41.99665],[-124.087378,41.996641],[-124.087246,41.996652],[-124.084956,41.996662],[-124.084937,41.996662],[-124.079435,41.996599],[-124.079403,41.996598],[-124.077276,41.996573],[-124.067556,41.99646],[-124.057854,41.996347],[-124.057713,41.996345],[-124.046589,41.996379],[-124.045824,41.996379],[-124.033089,41.996275],[-124.015681,41.996204],[-124.001183,41.996145],[-123.999902,41.99615],[-123.999248,41.996138],[-123.993252,41.996028],[-123.990753,41.996027],[-123.988383,41.996027],[-123.983508,41.996024],[-123.978633,41.996021],[-123.973758,41.996018],[-123.96889,41.996016],[-123.968338,41.996016],[-123.967826,41.996016],[-123.967089,41.996015],[-123.967046,41.996015],[-123.966934,41.996015],[-123.964022,41.996014],[-123.959154,41.996012],[-123.956367,41.996011],[-123.954292,41.99601],[-123.949421,41.995997],[-123.948999,41.995996],[-123.94455,41.995984],[-123.942228,41.995975],[-123.941723,41.995978],[-123.939679,41.99597],[-123.936313,41.995963],[-123.934808,41.995957],[-123.930121,41.995947],[-123.928612,41.995941],[-123.925261,41.995942],[-123.920399,41.995942],[-123.915537,41.995942],[-123.913723,41.995951],[-123.912055,41.995948],[-123.908176,41.995956],[-123.896111,41.995975],[-123.894986,41.995974],[-123.893236,41.995978],[-123.891259,41.995984],[-123.886409,41.995997],[-123.88599,41.995997],[-123.885316,41.995999],[-123.883408,41.996008],[-123.881556,41.996015],[-123.879816,41.996021],[-123.876703,41.996035],[-123.874964,41.996042],[-123.871907,41.996058],[-123.871223,41.99606],[-123.870573,41.996063],[-123.870111,41.996065],[-123.867012,41.99608],[-123.866099,41.996081],[-123.857462,41.996089],[-123.857239,41.996088],[-123.856119,41.996087],[-123.855506,41.996085],[-123.852388,41.99608],[-123.850636,41.996077],[-123.847537,41.996072],[-123.845766,41.996069],[-123.842686,41.996064],[-123.841261,41.99606],[-123.837835,41.996055],[-123.836025,41.996052],[-123.834485,41.99605],[-123.83297,41.995993],[-123.831154,41.995925],[-123.828087,41.995809],[-123.828046,41.995808],[-123.826426,41.995747],[-123.822041,41.99558],[-123.821455,41.99556],[-123.820335,41.995519],[-123.818675,41.995457],[-123.818553,41.995452],[-123.817775,41.995423],[-123.815613,41.995341],[-123.815296,41.995329],[-123.81479,41.995307],[-123.813557,41.995263],[-123.812956,41.995241],[-123.811708,41.995194],[-123.810993,41.995168],[-123.810908,41.995164],[-123.806116,41.995305],[-123.80486,41.995342],[-123.804706,41.995347],[-123.80425,41.99536],[-123.804197,41.995362],[-123.800967,41.995457],[-123.795982,41.995604],[-123.793811,41.995668],[-123.793648,41.995673],[-123.792261,41.99571],[-123.791497,41.995732],[-123.791265,41.995738],[-123.791161,41.995741],[-123.790207,41.995768],[-123.789914,41.995776],[-123.789782,41.99578],[-123.789563,41.995785],[-123.78919,41.995796],[-123.788489,41.995816],[-123.787501,41.995834],[-123.774955,41.996015],[-123.77474,41.996019],[-123.772039,41.996097],[-123.767179,41.996235],[-123.765987,41.996269],[-123.765879,41.996273],[-123.762321,41.996374],[-123.758079,41.996496],[-123.757463,41.996514],[-123.754222,41.996606],[-123.75394,41.996614],[-123.751089,41.996693],[-123.735167,41.996944],[-123.733637,41.996968],[-123.733504,41.996971],[-123.73261,41.996985],[-123.728169,41.997056],[-123.721428,41.996878],[-123.71864,41.996805],[-123.718374,41.996799],[-123.718136,41.996791],[-123.714688,41.9967],[-123.710046,41.996577],[-123.70989,41.996573],[-123.705093,41.996446],[-123.700536,41.996325],[-123.700296,41.996319],[-123.695305,41.996187],[-123.690315,41.996054],[-123.685325,41.995922],[-123.683766,41.995839],[-123.681934,41.995742],[-123.680406,41.995706],[-123.677568,41.995658],[-123.675549,41.995571],[-123.672896,41.995508],[-123.670693,41.995445],[-123.668166,41.995382],[-123.667174,41.995355],[-123.665837,41.995319],[-123.663444,41.995256],[-123.66098,41.995193],[-123.658723,41.99513],[-123.657212,41.995094],[-123.656124,41.995247],[-123.653983,41.995544],[-123.651267,41.99593],[-123.649199,41.996218],[-123.646411,41.996614],[-123.644424,41.996893],[-123.641555,41.997297],[-123.6405,41.997447],[-123.639711,41.997558],[-123.636698,41.997981],[-123.635008,41.998224],[-123.631833,41.998664],[-123.631511,41.99871],[-123.630304,41.99888],[-123.627571,41.999271],[-123.626968,41.999357],[-123.626165,41.999468],[-123.625601,41.999546],[-123.625404,41.999574],[-123.625165,41.999608],[-123.624022,41.99977],[-123.623842,41.999773],[-123.62323,41.999782],[-123.622351,41.999794],[-123.622238,41.999796],[-123.622105,41.999798],[-123.620964,41.999817],[-123.620066,41.999831],[-123.617318,41.999878],[-123.616329,41.999887],[-123.616183,41.99989],[-123.615705,41.999899],[-123.614472,41.999918],[-123.612534,41.99995],[-123.611607,41.999968],[-123.610518,41.999984],[-123.610223,41.999988],[-123.610093,41.99999],[-123.609885,41.999992],[-123.607749,42.000022],[-123.606877,42.00004],[-123.602965,42.000103],[-123.6022,42.000112],[-123.59801,42.000184],[-123.597524,42.000193],[-123.593063,42.000256],[-123.592812,42.000265],[-123.592389,42.000274],[-123.59209,42.000279],[-123.591598,42.000288],[-123.588117,42.000337],[-123.583423,42.000409],[-123.583162,42.000409],[-123.578746,42.000481],[-123.577118,42.000508],[-123.576194,42.000522],[-123.574061,42.000553],[-123.573606,42.00056],[-123.572226,42.00058],[-123.571926,42.000585],[-123.57174,42.000588],[-123.570352,42.00061],[-123.569836,42.000618],[-123.569384,42.000625],[-123.569305,42.000626],[-123.567361,42.000661],[-123.564789,42.000697],[-123.564204,42.000706],[-123.562495,42.000706],[-123.559797,42.000697],[-123.557263,42.000689],[-123.556367,42.000689],[-123.554803,42.000691],[-123.552741,42.000684],[-123.552068,42.000678],[-123.549812,42.000672],[-123.548487,42.00067],[-123.547872,42.00067],[-123.545192,42.000661],[-123.545049,42.000661],[-123.544594,42.000669],[-123.544374,42.000673],[-123.544106,42.000677],[-123.543782,42.000684],[-123.542989,42.000694],[-123.540291,42.000733],[-123.538142,42.00076],[-123.535209,42.000787],[-123.534799,42.000787],[-123.534376,42.000787],[-123.533294,42.000787],[-123.530758,42.000778],[-123.530232,42.000779],[-123.530014,42.000778],[-123.528448,42.000776],[-123.526029,42.000767],[-123.523601,42.000768],[-123.519119,42.00076],[-123.518734,42.00076],[-123.517911,42.000756],[-123.517425,42.000754],[-123.516558,42.000751],[-123.514013,42.00075],[-123.513878,42.000751],[-123.511828,42.000742],[-123.511354,42.000743],[-123.510816,42.000743],[-123.509851,42.000742],[-123.509711,42.000742],[-123.509279,42.000742],[-123.509013,42.000742],[-123.507079,42.000733],[-123.506468,42.000733],[-123.505658,42.000733],[-123.504407,42.000733],[-123.504248,42.000733],[-123.502322,42.000724],[-123.501801,42.000724],[-123.501787,42.000724],[-123.500461,42.000724],[-123.499624,42.000724],[-123.499291,42.000724],[-123.498863,42.00072],[-123.498496,42.00072],[-123.498217,42.000718],[-123.497573,42.000715],[-123.494426,42.000706],[-123.492825,42.000706],[-123.490063,42.000698],[-123.489798,42.000697],[-123.4897,42.000697],[-123.48956,42.000697],[-123.488068,42.000697],[-123.484704,42.000688],[-123.483319,42.000679],[-123.482276,42.000676],[-123.482012,42.000675],[-123.481821,42.000675],[-123.479839,42.00067],[-123.479631,42.00067],[-123.478562,42.00067],[-123.474991,42.000661],[-123.473831,42.000661],[-123.471097,42.000652],[-123.470126,42.000652],[-123.46911,42.000652],[-123.46527,42.000652],[-123.464397,42.000643],[-123.462797,42.000643],[-123.459676,42.000643],[-123.459442,42.000643],[-123.455995,42.00061],[-123.454964,42.000636],[-123.454585,42.000636],[-123.454375,42.000636],[-123.452757,42.000634],[-123.450617,42.000632],[-123.44973,42.000632],[-123.44775,42.00063],[-123.446177,42.000634],[-123.44597,42.000626],[-123.444875,42.000611],[-123.44467,42.000608],[-123.443055,42.000586],[-123.441322,42.000562],[-123.440034,42.000544],[-123.439988,42.000544],[-123.439576,42.000538],[-123.439114,42.000532],[-123.438909,42.000529],[-123.438468,42.000523],[-123.438217,42.00052],[-123.436674,42.000498],[-123.434795,42.000473],[-123.433379,42.000453],[-123.432037,42.000435],[-123.430352,42.000412],[-123.42854,42.000387],[-123.4274,42.000372],[-123.425511,42.000346],[-123.425317,42.000343],[-123.423975,42.000325],[-123.422762,42.000308],[-123.420632,42.000279],[-123.418125,42.000245],[-123.415759,42.000214],[-123.415556,42.000211],[-123.414847,42.000201],[-123.414325,42.000193],[-123.414229,42.000191],[-123.408266,42.000111],[-123.408006,42.000107],[-123.406967,42.000094],[-123.40679,42.00009],[-123.405996,42.000079],[-123.405802,42.000076],[-123.404264,42.000055],[-123.402559,42.000032],[-123.401123,42.000012],[-123.399906,41.999996],[-123.399824,41.999995],[-123.397708,41.999966],[-123.396256,41.999946],[-123.396096,41.999943],[-123.395015,41.999928],[-123.393074,41.999902],[-123.391753,41.999883],[-123.391392,41.999878],[-123.390372,41.999864],[-123.387999,41.999831],[-123.386518,41.999811],[-123.385743,41.999806],[-123.383125,41.999764],[-123.381607,41.999743],[-123.381511,41.999745],[-123.381102,41.999743],[-123.379872,41.999721],[-123.37825,41.999699],[-123.376748,41.999678],[-123.376489,41.999675],[-123.375007,41.999654],[-123.373385,41.999632],[-123.37187,41.999611],[-123.36987,41.999584],[-123.368328,41.999563],[-123.367254,41.999556],[-123.366992,41.999546],[-123.365266,41.999521],[-123.363641,41.999499],[-123.362639,41.999485],[-123.362106,41.999478],[-123.360392,41.999454],[-123.359401,41.999441],[-123.358035,41.999411],[-123.357221,41.999411],[-123.357183,41.99941],[-123.357145,41.99941],[-123.357113,41.999409],[-123.356299,41.999398],[-123.355517,41.999387],[-123.353461,41.999359],[-123.352336,41.999344],[-123.350642,41.999321],[-123.348884,41.999297],[-123.347451,41.999277],[-123.346955,41.999276],[-123.345475,41.999332],[-123.344311,41.999381],[-123.342666,41.999451],[-123.342399,41.99946],[-123.332591,41.999869],[-123.331856,41.999902],[-123.331786,41.999906],[-123.330545,41.999957],[-123.328096,42.000058],[-123.326631,42.000118],[-123.325843,42.00015],[-123.325693,42.000157],[-123.324531,42.000205],[-123.323213,42.000265],[-123.32135,42.000338],[-123.319956,42.000396],[-123.318338,42.000463],[-123.316858,42.000525],[-123.314934,42.000605],[-123.313455,42.00067],[-123.312366,42.000707],[-123.310222,42.000792],[-123.308581,42.000859],[-123.30787,42.000886],[-123.306663,42.000933],[-123.305351,42.000985],[-123.303706,42.00105],[-123.301861,42.001123],[-123.300509,42.001177],[-123.298877,42.001245],[-123.298855,42.001245],[-123.298832,42.001245],[-123.297227,42.001281],[-123.295611,42.001319],[-123.293978,42.001385],[-123.292353,42.001451],[-123.291401,42.001504],[-123.29073,42.001541],[-123.289085,42.001632],[-123.287498,42.001673],[-123.2865,42.001699],[-123.286032,42.001711],[-123.285734,42.001721],[-123.284285,42.00178],[-123.282675,42.001846],[-123.281068,42.001912],[-123.279461,42.001978],[-123.277853,42.002043],[-123.276246,42.002109],[-123.274639,42.002175],[-123.273745,42.002211],[-123.273541,42.002219],[-123.273414,42.002225],[-123.272696,42.002258],[-123.271971,42.002295],[-123.271425,42.002323],[-123.270813,42.002354],[-123.269811,42.002405],[-123.268202,42.002455],[-123.266586,42.002504],[-123.264971,42.002571],[-123.263355,42.002637],[-123.26174,42.002715],[-123.260124,42.002795],[-123.25851,42.002857],[-123.256895,42.002922],[-123.25528,42.002986],[-123.255039,42.002996],[-123.253317,42.003064],[-123.252048,42.003114],[-123.250432,42.003179],[-123.248809,42.003238],[-123.247185,42.003298],[-123.245561,42.003364],[-123.24432,42.003415],[-123.243937,42.003431],[-123.242314,42.003497],[-123.240725,42.003563],[-123.239214,42.003623],[-123.237739,42.003681],[-123.23587,42.003758],[-123.235178,42.003785],[-123.234516,42.003811],[-123.23292,42.003873],[-123.23278,42.003878],[-123.231113,42.003943],[-123.230761,42.003958],[-123.228556,42.004048],[-123.225075,42.004185],[-123.224395,42.004218],[-123.222408,42.004286],[-123.21621,42.004564],[-123.214567,42.004629],[-123.211349,42.004709],[-123.201797,42.005095],[-123.196246,42.005371],[-123.192324,42.005473],[-123.191426,42.005497],[-123.190021,42.005551],[-123.185908,42.005707],[-123.183923,42.005789],[-123.181447,42.00598],[-123.175568,42.006426],[-123.171899,42.006712],[-123.166256,42.007155],[-123.156514,42.007918],[-123.155793,42.007967],[-123.154508,42.008075],[-123.154207,42.008098],[-123.153781,42.008132],[-123.153522,42.008153],[-123.153387,42.008163],[-123.151957,42.008279],[-123.145735,42.008761],[-123.131862,42.00844],[-123.130303,42.008405],[-123.128935,42.008372],[-123.125165,42.00816],[-123.120465,42.007885],[-123.116027,42.007629],[-123.11207,42.007406],[-123.104072,42.006798],[-123.102955,42.006711],[-123.102713,42.006693],[-123.101343,42.006596],[-123.100602,42.006538],[-123.093982,42.006042],[-123.08574,42.005424],[-123.082217,42.00516],[-123.080938,42.005064],[-123.072313,42.004948],[-123.066779,42.004875],[-123.064611,42.004843],[-123.063751,42.004831],[-123.062882,42.00482],[-123.055994,42.004186],[-123.051271,42.003755],[-123.045311,42.003204],[-123.043997,42.003084],[-123.0432,42.003087],[-123.042792,42.003088],[-123.037709,42.003107],[-123.032273,42.003126],[-123.031677,42.003128],[-123.023706,42.003149],[-123.017874,42.003141],[-123.012802,42.003134],[-123.007716,42.003127],[-123.001025,42.003173],[-122.998141,42.003199],[-122.998144,42.003246],[-122.995483,42.003265],[-122.994847,42.003269],[-122.99347,42.003246],[-122.992581,42.003254],[-122.988318,42.003286],[-122.98819,42.003287],[-122.987706,42.00329],[-122.982285,42.003354],[-122.97837,42.0034],[-122.977416,42.003412],[-122.973485,42.003459],[-122.97254,42.003476],[-122.968601,42.003517],[-122.967979,42.003524],[-122.967745,42.003523],[-122.963801,42.003507],[-122.962943,42.003503],[-122.961661,42.003498],[-122.961451,42.003501],[-122.959129,42.003487],[-122.958962,42.003491],[-122.958671,42.003489],[-122.952396,42.003451],[-122.941544,42.003488],[-122.912952,42.003556],[-122.902541,42.003656],[-122.902248,42.003659],[-122.902121,42.00366],[-122.902039,42.003661],[-122.893602,42.003753],[-122.889935,42.003785],[-122.888409,42.003803],[-122.880123,42.003906],[-122.875516,42.003962],[-122.873226,42.003986],[-122.870868,42.003962],[-122.868127,42.003947],[-122.867298,42.003945],[-122.862411,42.003919],[-122.854919,42.003873],[-122.84167,42.003998],[-122.839716,42.004022],[-122.839177,42.004025],[-122.839091,42.004026],[-122.838271,42.004032],[-122.837654,42.004037],[-122.837244,42.004044],[-122.830159,42.00411],[-122.829868,42.004115],[-122.826571,42.004105],[-122.826445,42.004105],[-122.82504,42.00411],[-122.821571,42.004123],[-122.820018,42.004128],[-122.813845,42.004141],[-122.81074,42.004125],[-122.802794,42.004097],[-122.801484,42.004095],[-122.799792,42.004087],[-122.799037,42.004083],[-122.798165,42.00408],[-122.797251,42.004077],[-122.796298,42.004073],[-122.796111,42.004072],[-122.794195,42.004065],[-122.792624,42.004059],[-122.792431,42.004058],[-122.791138,42.004053],[-122.790447,42.00405],[-122.78949,42.004046],[-122.788009,42.004041],[-122.784534,42.004027],[-122.784271,42.004026],[-122.784107,42.004027],[-122.783601,42.004024],[-122.782694,42.00402],[-122.781118,42.004014],[-122.78095,42.004013],[-122.780795,42.004016],[-122.780513,42.004012],[-122.779031,42.004005],[-122.777186,42.004005],[-122.768808,42.004058],[-122.768004,42.004061],[-122.766071,42.004073],[-122.762193,42.004101],[-122.761645,42.004103],[-122.761513,42.004103],[-122.76113,42.004105],[-122.760623,42.004109],[-122.759927,42.004115],[-122.757697,42.004123],[-122.754665,42.004128],[-122.753939,42.004131],[-122.753635,42.004133],[-122.749787,42.004141],[-122.747749,42.004145],[-122.747267,42.004146],[-122.744412,42.004157],[-122.743392,42.004159],[-122.739872,42.004159],[-122.738331,42.004157],[-122.738221,42.004153],[-122.738147,42.004157],[-122.736739,42.004154],[-122.725917,42.00414],[-122.725773,42.00414],[-122.724759,42.00421],[-122.721968,42.004136],[-122.7219,42.004136],[-122.721386,42.004123],[-122.720793,42.004132],[-122.720671,42.004143],[-122.720365,42.00417],[-122.719933,42.004208],[-122.718994,42.004197],[-122.716862,42.004167],[-122.716567,42.004162],[-122.716167,42.004157],[-122.715571,42.004157],[-122.715162,42.004243],[-122.713058,42.004211],[-122.712351,42.004201],[-122.710975,42.00418],[-122.71066,42.004176],[-122.709768,42.004179],[-122.708451,42.004187],[-122.706856,42.004198],[-122.706419,42.0042],[-122.704165,42.004215],[-122.702787,42.004224],[-122.695948,42.004304],[-122.683549,42.004455],[-122.678334,42.004565],[-122.677916,42.004574],[-122.677237,42.004588],[-122.675924,42.004616],[-122.673749,42.004662],[-122.672521,42.004687],[-122.664807,42.00485],[-122.662256,42.004873],[-122.661399,42.004882],[-122.66087,42.00488],[-122.658407,42.004894],[-122.656049,42.004907],[-122.65498,42.004922],[-122.654415,42.004916],[-122.653949,42.004918],[-122.652543,42.004926],[-122.651098,42.004933],[-122.649598,42.004941],[-122.649154,42.004944],[-122.648444,42.004948],[-122.6481,42.00495],[-122.647651,42.004952],[-122.646612,42.004962],[-122.646425,42.004964],[-122.64612,42.004962],[-122.645776,42.004967],[-122.645485,42.004964],[-122.645419,42.004964],[-122.645221,42.004968],[-122.637867,42.005015],[-122.634696,42.005036],[-122.63161,42.005059],[-122.630552,42.005067],[-122.625315,42.005143],[-122.623209,42.005206],[-122.621932,42.005246],[-122.620387,42.005295],[-122.618384,42.005358],[-122.615692,42.005441],[-122.615339,42.005453],[-122.611599,42.00557],[-122.607473,42.005699],[-122.596005,42.006086],[-122.59518,42.006114],[-122.594415,42.00614],[-122.592797,42.006195],[-122.59166,42.006233],[-122.590391,42.006276],[-122.583817,42.006498],[-122.574281,42.00682],[-122.573916,42.006832],[-122.566993,42.007058],[-122.562305,42.007182],[-122.56039,42.007233],[-122.559272,42.007268],[-122.54999,42.007505],[-122.548911,42.007518],[-122.537621,42.007629],[-122.522521,42.007918],[-122.522432,42.007922],[-122.521861,42.007931],[-122.520377,42.007959],[-122.519037,42.007983],[-122.518734,42.007989],[-122.517423,42.008013],[-122.515541,42.008048],[-122.515301,42.008052],[-122.513892,42.008057],[-122.512321,42.008062],[-122.510858,42.008067],[-122.509082,42.008073],[-122.506176,42.008083],[-122.493322,42.008121],[-122.492207,42.00812],[-122.490147,42.008124],[-122.477395,42.00815],[-122.475594,42.008152],[-122.474703,42.008154],[-122.473748,42.008155],[-122.472349,42.008163],[-122.470666,42.008173],[-122.469871,42.008177],[-122.467641,42.00819],[-122.465751,42.0082],[-122.465051,42.008205],[-122.462705,42.008217],[-122.461011,42.008226],[-122.45938,42.008236],[-122.457716,42.008246],[-122.457473,42.008249],[-122.456158,42.008256],[-122.455344,42.008261],[-122.454909,42.008281],[-122.454605,42.008279],[-122.451357,42.008272],[-122.450473,42.008274],[-122.448165,42.008279],[-122.446558,42.008283],[-122.445604,42.008285],[-122.444086,42.008295],[-122.431385,42.008321],[-122.416638,42.00838],[-122.407598,42.008533],[-122.403462,42.008604],[-122.402144,42.008629],[-122.401369,42.00864],[-122.399026,42.008683],[-122.397725,42.008702],[-122.397271,42.00871],[-122.388017,42.009092],[-122.38264,42.009306],[-122.378511,42.009485],[-122.378353,42.009491],[-122.378161,42.009499],[-122.378049,42.009503],[-122.374597,42.009442],[-122.370441,42.009368],[-122.368664,42.009336],[-122.368255,42.009329],[-122.36805,42.00933],[-122.367849,42.009327],[-122.367317,42.009317],[-122.365921,42.00929],[-122.363926,42.009253],[-122.360161,42.009192],[-122.35602,42.009145],[-122.352014,42.009113],[-122.350009,42.009092],[-122.343299,42.009045],[-122.338986,42.008989],[-122.333888,42.008892],[-122.329066,42.008791],[-122.324068,42.008697],[-122.320293,42.008609],[-122.314452,42.008521],[-122.314229,42.008531],[-122.309587,42.008449],[-122.309326,42.008461],[-122.306742,42.008407],[-122.304713,42.008368],[-122.304431,42.008393],[-122.296286,42.008225],[-122.289748,42.008098],[-122.289066,42.008096],[-122.288045,42.008084],[-122.286656,42.008073],[-122.284836,42.008003],[-122.282239,42.007963],[-122.280784,42.007941],[-122.280114,42.00793],[-122.27861,42.007907],[-122.276976,42.007882],[-122.275308,42.007856],[-122.270792,42.007787],[-122.268702,42.007733],[-122.265584,42.007684],[-122.262203,42.007667],[-122.261344,42.007617],[-122.260687,42.007618],[-122.255791,42.007632],[-122.250893,42.007646],[-122.250018,42.007648],[-122.248908,42.007645],[-122.247562,42.007645],[-122.246001,42.007645],[-122.24484,42.007656],[-122.243165,42.007645],[-122.241875,42.007663],[-122.241087,42.00766],[-122.239392,42.007654],[-122.238253,42.007644],[-122.236196,42.007644],[-122.221648,42.007592],[-122.220623,42.00759],[-122.18941,42.007482],[-122.18902,42.007481],[-122.188796,42.00748],[-122.188773,42.007479],[-122.188642,42.007478],[-122.18858,42.007479],[-122.186953,42.007466],[-122.186699,42.007464],[-122.186567,42.007463],[-122.186335,42.007462],[-122.186265,42.007456],[-122.186155,42.007456],[-122.185826,42.007456],[-122.185524,42.007456],[-122.185496,42.007456],[-122.185425,42.007455],[-122.184072,42.007448],[-122.1838,42.007446],[-122.182281,42.007435],[-122.181998,42.007433],[-122.180278,42.00742],[-122.179127,42.007412],[-122.176664,42.007397],[-122.175983,42.007389],[-122.174935,42.007381],[-122.173486,42.007371],[-122.172562,42.007364],[-122.172069,42.007361],[-122.170723,42.00735],[-122.169233,42.007339],[-122.168348,42.007333],[-122.164571,42.007306],[-122.163511,42.007264],[-122.161991,42.007207],[-122.161693,42.007196],[-122.159918,42.00713],[-122.159364,42.007109],[-122.158656,42.007083],[-122.15863,42.007082],[-122.157073,42.007024],[-122.156995,42.007021],[-122.156877,42.007017],[-122.155493,42.006966],[-122.155263,42.006957],[-122.1538,42.006902],[-122.152858,42.006867],[-122.152167,42.006842],[-122.150608,42.006783],[-122.148945,42.006721],[-122.147612,42.006668],[-122.147463,42.006656],[-122.146345,42.006618],[-122.145113,42.00657],[-122.144272,42.006556],[-122.144058,42.006552],[-122.142353,42.006523],[-122.132572,42.006355],[-122.131266,42.006333],[-122.129385,42.0063],[-122.128873,42.006292],[-122.128051,42.006278],[-122.126197,42.006246],[-122.125839,42.00624],[-122.124504,42.006227],[-122.119622,42.00618],[-122.11857,42.006169],[-122.115957,42.006144],[-122.109731,42.006082],[-122.106505,42.005992],[-122.105082,42.005987],[-122.098039,42.005952],[-122.092749,42.005931],[-122.087166,42.005923],[-122.086479,42.005912],[-122.0794,42.005839],[-122.068847,42.005728],[-122.067761,42.005715],[-122.065547,42.005685],[-122.064662,42.005673],[-122.063714,42.00566],[-122.060892,42.005597],[-122.058832,42.005561],[-122.05791,42.005546],[-122.056583,42.005526],[-122.053971,42.005479],[-122.052854,42.005459],[-122.051176,42.005436],[-122.049063,42.005406],[-122.048217,42.00539],[-122.047234,42.005339],[-122.04619,42.005283],[-122.044218,42.005178],[-122.04295,42.005118],[-122.041307,42.00504],[-122.039106,42.004928],[-122.036424,42.004796],[-122.034563,42.004696],[-122.033174,42.004683],[-122.031536,42.004668],[-122.028729,42.004643],[-122.026643,42.004589],[-122.025005,42.004552],[-122.023398,42.004506],[-122.017345,42.004351],[-122.014821,42.004283],[-122.01086,42.004185],[-122.009283,42.004144],[-122.008229,42.004125],[-122.007095,42.004103],[-122.005599,42.004079],[-122.003907,42.004041],[-122.00238,42.004008],[-122.000864,42.003983],[-122.00041,42.003973],[-122.00009,42.003966],[-121.99906,42.003943],[-121.997663,42.003912],[-121.996127,42.003887],[-121.994211,42.003884],[-121.991201,42.003879],[-121.987756,42.003855],[-121.986274,42.003842],[-121.982773,42.00381],[-121.981348,42.003797],[-121.97779,42.003764],[-121.97627,42.003749],[-121.975148,42.003739],[-121.974673,42.003737],[-121.971176,42.003706],[-121.970429,42.003695],[-121.967919,42.003647],[-121.962913,42.003573],[-121.957531,42.003485],[-121.95743,42.003485],[-121.956335,42.003529],[-121.954086,42.003628],[-121.953178,42.003667],[-121.952547,42.003656],[-121.950991,42.003647],[-121.948696,42.00366],[-121.948193,42.003651],[-121.947772,42.003647],[-121.946194,42.003691],[-121.94428,42.003746],[-121.943059,42.003736],[-121.941455,42.003772],[-121.939829,42.003808],[-121.938313,42.00378],[-121.935217,42.003772],[-121.933431,42.003743],[-121.932087,42.003718],[-121.930586,42.003701],[-121.928427,42.003683],[-121.926725,42.00367],[-121.925963,42.003665],[-121.922538,42.003649],[-121.918757,42.003653],[-121.917767,42.003622],[-121.914831,42.003547],[-121.912644,42.003494],[-121.909866,42.003467],[-121.909074,42.003458],[-121.908124,42.003447],[-121.901904,42.003384],[-121.901735,42.003377],[-121.901488,42.003396],[-121.899418,42.003454],[-121.896879,42.003323],[-121.892014,42.003269],[-121.891775,42.003266],[-121.891327,42.003259],[-121.889217,42.003237],[-121.884675,42.003179],[-121.882292,42.003151],[-121.880854,42.003131],[-121.879733,42.003116],[-121.879525,42.003113],[-121.87748,42.003088],[-121.876213,42.003071],[-121.873904,42.003062],[-121.869926,42.003026],[-121.868699,42.003017],[-121.863029,42.002954],[-121.860072,42.00296],[-121.857938,42.002918],[-121.852848,42.002855],[-121.851087,42.002832],[-121.850224,42.002821],[-121.847758,42.002801],[-121.845248,42.002774],[-121.844197,42.002756],[-121.842667,42.002738],[-121.840377,42.002682],[-121.837802,42.002666],[-121.835406,42.002612],[-121.834391,42.002598],[-121.832946,42.002594],[-121.830523,42.002543],[-121.825146,42.002468],[-121.82511,42.002467],[-121.825079,42.002467],[-121.82502,42.002466],[-121.824566,42.00246],[-121.823966,42.002451],[-121.820674,42.002405],[-121.819613,42.002386],[-121.817542,42.002349],[-121.816189,42.002324],[-121.816016,42.002321],[-121.815711,42.002316],[-121.815391,42.00231],[-121.815132,42.002306],[-121.814654,42.002297],[-121.813364,42.002278],[-121.810782,42.00224],[-121.809142,42.002216],[-121.807502,42.002192],[-121.805862,42.002168],[-121.80397,42.002144],[-121.802464,42.002133],[-121.800981,42.002122],[-121.799302,42.002081],[-121.796009,42.002029],[-121.794634,42.00201],[-121.791084,42.00196],[-121.789964,42.001944],[-121.78616,42.001891],[-121.785294,42.001879],[-121.782915,42.001846],[-121.78042,42.001811],[-121.779631,42.001799],[-121.778167,42.001779],[-121.777998,42.001776],[-121.777856,42.001774],[-121.777709,42.001772],[-121.77754,42.00177],[-121.776311,42.001753],[-121.773962,42.00172],[-121.772728,42.001703],[-121.770501,42.001672],[-121.769748,42.001661],[-121.766466,42.001615],[-121.76484,42.001592],[-121.763552,42.001572],[-121.756783,42.001475],[-121.756642,42.001475],[-121.751539,42.001406],[-121.74564,42.001323],[-121.741906,42.001271],[-121.740263,42.001247],[-121.737332,42.001206],[-121.737089,42.001223],[-121.729874,42.001121],[-121.722684,42.001019],[-121.722458,42.001017],[-121.722308,42.001014],[-121.718855,42.000947],[-121.71849,42.00094],[-121.717922,42.000933],[-121.716151,42.000913],[-121.713043,42.000883],[-121.712617,42.000877],[-121.709946,42.000823],[-121.708233,42.0008],[-121.708137,42.000799],[-121.707887,42.000795],[-121.707643,42.000792],[-121.706847,42.000782],[-121.706242,42.000774],[-121.705382,42.000763],[-121.70509,42.00076],[-121.705017,42.000759],[-121.704199,42.000753],[-121.70312,42.000745],[-121.701507,42.000712],[-121.701377,42.000709],[-121.700537,42.000694],[-121.700233,42.000688],[-121.699552,42.000678],[-121.698221,42.000659],[-121.695382,42.000618],[-121.69468,42.000608],[-121.693184,42.000587],[-121.693051,42.000585],[-121.690527,42.00055],[-121.68908,42.000529],[-121.68827,42.000517],[-121.685574,42.00048],[-121.683404,42.000467],[-121.680619,42.000408],[-121.67843,42.000378],[-121.678249,42.000375],[-121.676735,42.000354],[-121.675741,42.00034],[-121.674245,42.000318],[-121.673494,42.000307],[-121.67337,42.000303],[-121.672935,42.000285],[-121.671047,42.000298],[-121.670823,42.00027],[-121.670434,42.00027],[-121.669649,42.000264],[-121.669071,42.000259],[-121.668551,42.000235],[-121.665969,42.000202],[-121.663608,42.000163],[-121.66346,42.000161],[-121.663184,42.000157],[-121.662145,42.000143],[-121.661086,42.00013],[-121.660103,42.000116],[-121.658666,42.000092],[-121.657564,42.000076],[-121.656931,42.000067],[-121.656225,42.000057],[-121.655521,42.000047],[-121.654458,42.000031],[-121.652312,42.000004],[-121.649475,41.999964],[-121.646154,41.999918],[-121.644069,41.999886],[-121.641894,41.999855],[-121.641856,41.999854],[-121.641749,41.999853],[-121.640795,41.999839],[-121.640774,41.999848],[-121.640639,41.999846],[-121.640511,41.999835],[-121.639203,41.999816],[-121.638938,41.999812],[-121.637548,41.999794],[-121.634486,41.999752],[-121.634311,41.999749],[-121.633491,41.999738],[-121.632543,41.999724],[-121.629258,41.999681],[-121.628989,41.999677],[-121.628802,41.999674],[-121.62861,41.999672],[-121.628447,41.999669],[-121.628272,41.999667],[-121.626717,41.999646],[-121.623364,41.9996],[-121.622655,41.99959],[-121.619638,41.999549],[-121.615944,41.999503],[-121.612562,41.999469],[-121.610539,41.999447],[-121.607612,41.99942],[-121.606342,41.999405],[-121.603753,41.999381],[-121.602257,41.99937],[-121.601693,41.999365],[-121.601331,41.999363],[-121.600302,41.999355],[-121.598465,41.999326],[-121.598184,41.99932],[-121.597699,41.999313],[-121.59541,41.999277],[-121.591106,41.999164],[-121.589789,41.999155],[-121.580822,41.999005],[-121.577597,41.998951],[-121.564777,41.998747],[-121.564004,41.998738],[-121.561022,41.998701],[-121.559384,41.998681],[-121.555282,41.99863],[-121.546317,41.998512],[-121.545082,41.998506],[-121.539811,41.998482],[-121.53586,41.998463],[-121.535314,41.998456],[-121.53516,41.998455],[-121.535065,41.998453],[-121.530251,41.998395],[-121.525539,41.998339],[-121.522418,41.998288],[-121.520523,41.998278],[-121.520188,41.998272],[-121.519446,41.99826],[-121.512134,41.998204],[-121.505976,41.998137],[-121.502663,41.998102],[-121.50241,41.998099],[-121.497284,41.998035],[-121.492693,41.997987],[-121.492453,41.997982],[-121.488153,41.997942],[-121.486506,41.997928],[-121.483204,41.997899],[-121.48278,41.997895],[-121.47217,41.997767],[-121.470252,41.997744],[-121.467077,41.997716],[-121.464889,41.997697],[-121.463105,41.997662],[-121.463084,41.997662],[-121.462312,41.997652],[-121.460259,41.997627],[-121.45673,41.997587],[-121.452241,41.997529],[-121.452087,41.997528],[-121.448311,41.997505],[-121.448211,41.997488],[-121.448139,41.99747],[-121.447739,41.997467],[-121.447616,41.997466],[-121.447538,41.997465],[-121.447458,41.997464],[-121.447205,41.997461],[-121.44654,41.997454],[-121.445186,41.997438],[-121.442344,41.997405],[-121.441103,41.997391],[-121.440924,41.997389],[-121.440664,41.997386],[-121.440366,41.997383],[-121.440332,41.997382],[-121.44016,41.99738],[-121.437483,41.997349],[-121.435531,41.997327],[-121.435477,41.997326],[-121.433589,41.997305],[-121.432622,41.997294],[-121.432208,41.997289],[-121.430639,41.997271],[-121.430505,41.997269],[-121.429761,41.997261],[-121.429069,41.997253],[-121.427762,41.997238],[-121.425796,41.997216],[-121.423052,41.997185],[-121.422855,41.997182],[-121.421507,41.997167],[-121.420939,41.997162],[-121.418153,41.997127],[-121.417907,41.997124],[-121.417772,41.997122],[-121.417506,41.997119],[-121.417467,41.997119],[-121.417447,41.997119],[-121.417421,41.997118],[-121.417392,41.997123],[-121.417083,41.997115],[-121.416081,41.997103],[-121.413183,41.99707],[-121.413154,41.99707],[-121.411225,41.997048],[-121.410131,41.997036],[-121.409145,41.997025],[-121.408324,41.997015],[-121.407812,41.99701],[-121.40686,41.996998],[-121.40637,41.996992],[-121.406224,41.99699],[-121.403459,41.996961],[-121.403286,41.996959],[-121.402071,41.996945],[-121.401505,41.996937],[-121.398612,41.996905],[-121.398593,41.996905],[-121.39848,41.996905],[-121.396649,41.996883],[-121.393727,41.99685],[-121.393686,41.99685],[-121.388862,41.996795],[-121.383928,41.996737],[-121.382092,41.996716],[-121.380927,41.996703],[-121.379184,41.996683],[-121.378995,41.996685],[-121.378905,41.996686],[-121.378826,41.996686],[-121.378784,41.996685],[-121.378074,41.996677],[-121.377232,41.996667],[-121.377125,41.996665],[-121.37571,41.996643],[-121.374061,41.996624],[-121.372373,41.996604],[-121.369127,41.996567],[-121.369109,41.996567],[-121.367508,41.996548],[-121.365884,41.99653],[-121.364268,41.996511],[-121.363237,41.996499],[-121.361405,41.996529],[-121.360306,41.99654],[-121.360082,41.996547],[-121.359399,41.996559],[-121.357664,41.996517],[-121.357631,41.996517],[-121.356649,41.996493],[-121.355245,41.996458],[-121.35454,41.99644],[-121.349678,41.996326],[-121.348076,41.99629],[-121.344911,41.996214],[-121.343554,41.996247],[-121.343433,41.99625],[-121.343229,41.996254],[-121.340902,41.996312],[-121.340658,41.99634],[-121.340208,41.996356],[-121.340061,41.996361],[-121.339819,41.996347],[-121.339786,41.996341],[-121.339336,41.996351],[-121.338694,41.996362],[-121.338504,41.996375],[-121.338368,41.996384],[-121.334394,41.996558],[-121.333571,41.996587],[-121.33071,41.996719],[-121.328988,41.996798],[-121.328812,41.996802],[-121.325594,41.996866],[-121.324227,41.996893],[-121.324045,41.996897],[-121.322553,41.996932],[-121.320958,41.996961],[-121.319463,41.996991],[-121.31927,41.996995],[-121.317784,41.997025],[-121.317606,41.997028],[-121.316487,41.997057],[-121.3162,41.997062],[-121.314719,41.997085],[-121.314452,41.997089],[-121.309938,41.997183],[-121.309649,41.997189],[-121.306354,41.997232],[-121.304865,41.997242],[-121.300758,41.997308],[-121.300232,41.997315],[-121.300032,41.997311],[-121.297304,41.997356],[-121.296802,41.997364],[-121.29653,41.997365],[-121.295376,41.997369],[-121.290211,41.997436],[-121.288279,41.997436],[-121.2864,41.997441],[-121.285299,41.997436],[-121.283995,41.997435],[-121.27712,41.997441],[-121.268043,41.997438],[-121.267453,41.997432],[-121.261145,41.997392],[-121.252722,41.997333],[-121.250404,41.997312],[-121.250343,41.997315],[-121.24781,41.997293],[-121.247244,41.997288],[-121.246738,41.997294],[-121.2429,41.997326],[-121.241935,41.997334],[-121.240432,41.997347],[-121.239636,41.997354],[-121.23799,41.997368],[-121.237075,41.997375],[-121.236406,41.997381],[-121.23408,41.997411],[-121.212258,41.997442],[-121.20985,41.997414],[-121.208836,41.997412],[-121.206673,41.997407],[-121.205399,41.997431],[-121.202435,41.997409],[-121.201391,41.997412],[-121.200903,41.997427],[-121.193933,41.997396],[-121.19341,41.997397],[-121.189086,41.997387],[-121.188992,41.997388],[-121.188565,41.997384],[-121.183825,41.997317],[-121.181306,41.997301],[-121.178986,41.997272],[-121.177813,41.997261],[-121.174533,41.997231],[-121.174152,41.997228],[-121.173215,41.997219],[-121.169678,41.997189],[-121.169597,41.997189],[-121.169318,41.99718],[-121.168477,41.997178],[-121.154151,41.996835],[-121.149866,41.996739],[-121.149834,41.996739],[-121.149803,41.996739],[-121.149668,41.996737],[-121.149357,41.996729],[-121.146446,41.996661],[-121.144938,41.996613],[-121.141105,41.996529],[-121.139959,41.9965],[-121.13509,41.99638],[-121.135053,41.996378],[-121.135015,41.996375],[-121.130011,41.99625],[-121.125279,41.996137],[-121.125007,41.996125],[-121.111242,41.995672],[-121.109735,41.995636],[-121.10851,41.995615],[-121.107285,41.995595],[-121.106059,41.995574],[-121.105309,41.995559],[-121.103128,41.995528],[-121.101443,41.995502],[-121.099939,41.99546],[-121.098439,41.995409],[-121.097159,41.995436],[-121.096587,41.995428],[-121.094985,41.995402],[-121.093515,41.995379],[-121.091656,41.995557],[-121.091525,41.995544],[-121.090246,41.995523],[-121.088642,41.995478],[-121.08793,41.995475],[-121.087097,41.995462],[-121.085179,41.995411],[-121.084431,41.995399],[-121.083802,41.995383],[-121.082259,41.995354],[-121.080956,41.995314],[-121.079858,41.995287],[-121.078639,41.995275],[-121.07777,41.995261],[-121.074806,41.995188],[-121.072515,41.995144],[-121.071563,41.995116],[-121.071069,41.995102],[-121.06779,41.994962],[-121.066348,41.994898],[-121.065455,41.994865],[-121.064869,41.994855],[-121.064611,41.99485],[-121.063037,41.994785],[-121.062392,41.994759],[-121.060186,41.994677],[-121.059021,41.99463],[-121.057543,41.994574],[-121.056668,41.994541],[-121.055712,41.9945],[-121.055374,41.994492],[-121.054014,41.994432],[-121.051651,41.994338],[-121.051605,41.994336],[-121.050647,41.994305],[-121.049735,41.994283],[-121.048536,41.994246],[-121.047337,41.994204],[-121.044599,41.994095],[-121.043852,41.994073],[-121.04161,41.994017],[-121.039281,41.993949],[-121.036287,41.993862],[-121.035253,41.993822],[-121.035173,41.993818],[-121.034613,41.993791],[-121.033509,41.993755],[-121.033323,41.993746],[-121.03251,41.993707],[-121.03204,41.9937],[-121.030511,41.993693],[-121.029811,41.993663],[-121.029461,41.993654],[-121.029154,41.993656],[-121.026748,41.99358],[-121.023839,41.993527],[-121.022114,41.993308],[-121.022056,41.993302],[-121.021809,41.993308],[-121.019095,41.993386],[-121.017056,41.99336],[-121.011961,41.993278],[-120.993343,41.993089],[-120.990083,41.993056],[-120.989954,41.993056],[-120.988889,41.993053],[-120.98789,41.993049],[-120.986891,41.993045],[-120.985452,41.993039],[-120.984013,41.993033],[-120.983014,41.993029],[-120.982015,41.993025],[-120.980576,41.993019],[-120.980416,41.993023],[-120.974258,41.992994],[-120.974135,41.992988],[-120.967026,41.993051],[-120.963784,41.99308],[-120.963535,41.993082],[-120.962549,41.993091],[-120.959655,41.993115],[-120.959085,41.993121],[-120.958663,41.993126],[-120.958338,41.993128],[-120.957685,41.993135],[-120.95406,41.993167],[-120.95137,41.99323],[-120.948935,41.993287],[-120.946505,41.993344],[-120.945815,41.99336],[-120.945062,41.993378],[-120.944069,41.993401],[-120.943076,41.993424],[-120.941639,41.993458],[-120.940201,41.993492],[-120.938925,41.993522],[-120.938333,41.993535],[-120.935339,41.993606],[-120.934524,41.993625],[-120.927323,41.993635],[-120.925624,41.993639],[-120.920859,41.993647],[-120.907035,41.993675],[-120.906904,41.993676],[-120.906195,41.993678],[-120.905215,41.99368],[-120.904236,41.993682],[-120.902787,41.993686],[-120.901338,41.99369],[-120.896567,41.993706],[-120.896481,41.993702],[-120.895638,41.993704],[-120.891101,41.993721],[-120.888232,41.993732],[-120.879979,41.993764],[-120.879926,41.993764],[-120.879768,41.993765],[-120.879477,41.993766],[-120.879066,41.993768],[-120.878698,41.99377],[-120.878231,41.993772],[-120.877692,41.993774],[-120.877098,41.993777],[-120.876893,41.993777],[-120.876482,41.993777],[-120.876073,41.993777],[-120.875472,41.993778],[-120.874849,41.993778],[-120.874021,41.99378],[-120.873572,41.99378],[-120.872515,41.993782],[-120.871897,41.993783],[-120.871763,41.993783],[-120.871279,41.993784],[-120.870893,41.993784],[-120.870168,41.993785],[-120.869729,41.993786],[-120.869187,41.993787],[-120.868544,41.993788],[-120.867901,41.993789],[-120.867475,41.993789],[-120.866731,41.99379],[-120.866169,41.993791],[-120.865416,41.993792],[-120.86479,41.993793],[-120.86418,41.993794],[-120.863584,41.993795],[-120.863014,41.993796],[-120.862507,41.993796],[-120.861632,41.993798],[-120.861163,41.993799],[-120.860555,41.993799],[-120.860069,41.9938],[-120.859357,41.993801],[-120.858982,41.993801],[-120.858025,41.993803],[-120.857742,41.993803],[-120.85676,41.993804],[-120.856472,41.993805],[-120.855127,41.993807],[-120.854918,41.993808],[-120.854736,41.993809],[-120.854531,41.993809],[-120.853985,41.99381],[-120.853306,41.993811],[-120.853186,41.993811],[-120.85132,41.993815],[-120.845335,41.993827],[-120.843995,41.99383],[-120.842924,41.993832],[-120.83868,41.99384],[-120.838373,41.993841],[-120.830011,41.993862],[-120.826455,41.993865],[-120.821632,41.993878],[-120.819299,41.993884],[-120.816291,41.993889],[-120.8114,41.993906],[-120.810644,41.99391],[-120.810426,41.993908],[-120.810369,41.993909],[-120.808912,41.993914],[-120.807456,41.993919],[-120.805532,41.993926],[-120.804079,41.99393],[-120.802626,41.993935],[-120.801661,41.993939],[-120.800695,41.993942],[-120.799406,41.993946],[-120.798117,41.993951],[-120.797764,41.993946],[-120.795852,41.993924],[-120.794377,41.993906],[-120.792903,41.993889],[-120.791956,41.993877],[-120.791009,41.993866],[-120.789525,41.993848],[-120.788042,41.993831],[-120.787104,41.99382],[-120.786166,41.993809],[-120.784673,41.993791],[-120.784072,41.993784],[-120.779401,41.993728],[-120.77901,41.993724],[-120.778112,41.993719],[-120.777861,41.993718],[-120.776409,41.993711],[-120.773233,41.9937],[-120.771078,41.993693],[-120.770662,41.993692],[-120.770455,41.993691],[-120.770073,41.993689],[-120.76516,41.993672],[-120.76458,41.99367],[-120.763911,41.993667],[-120.76331,41.993667],[-120.762579,41.993664],[-120.761815,41.993662],[-120.761061,41.993659],[-120.760749,41.993656],[-120.759999,41.993655],[-120.75931,41.993653],[-120.758388,41.993653],[-120.75768,41.993656],[-120.756587,41.993661],[-120.756114,41.993663],[-120.754903,41.993668],[-120.753627,41.993674],[-120.752516,41.993679],[-120.751714,41.993683],[-120.751033,41.993686],[-120.750691,41.993687],[-120.75026,41.993689],[-120.748819,41.993692],[-120.748383,41.993693],[-120.748248,41.993699],[-120.748203,41.993699],[-120.747902,41.9937],[-120.746676,41.993706],[-120.746187,41.993708],[-120.74493,41.993714],[-120.743628,41.99372],[-120.742823,41.993724],[-120.740754,41.993733],[-120.739082,41.993739],[-120.737735,41.993742],[-120.735509,41.993748],[-120.734353,41.993751],[-120.732757,41.993755],[-120.730667,41.99376],[-120.729929,41.993762],[-120.728817,41.993764],[-120.727022,41.993769],[-120.725522,41.993773],[-120.724353,41.993775],[-120.723187,41.993778],[-120.721481,41.993783],[-120.720469,41.993785],[-120.718829,41.993788],[-120.71732,41.993791],[-120.716175,41.993793],[-120.714747,41.993796],[-120.713414,41.993798],[-120.71208,41.993801],[-120.710813,41.993803],[-120.70934,41.993806],[-120.70811,41.993808],[-120.707455,41.993809],[-120.706649,41.993811],[-120.70602,41.993813],[-120.700815,41.993822],[-120.700471,41.993822],[-120.700184,41.993819],[-120.699161,41.993805],[-120.698341,41.993795],[-120.696682,41.993773],[-120.694824,41.993749],[-120.694428,41.993746],[-120.69424,41.993742],[-120.693544,41.993733],[-120.692938,41.993725],[-120.692376,41.993717],[-120.691859,41.993711],[-120.691358,41.993704],[-120.691187,41.993701],[-120.690569,41.993694],[-120.680984,41.99357],[-120.675728,41.99347],[-120.667882,41.993321],[-120.66552,41.993276],[-120.662123,41.993212],[-120.657551,41.993187],[-120.654832,41.993177],[-120.653406,41.993172],[-120.651426,41.993166],[-120.650382,41.993161],[-120.64983,41.993159],[-120.648698,41.993165],[-120.647436,41.99315],[-120.644712,41.99314],[-120.644387,41.993139],[-120.644062,41.993138],[-120.642586,41.993132],[-120.641382,41.993127],[-120.640517,41.993124],[-120.639193,41.993119],[-120.63774,41.993113],[-120.636519,41.993109],[-120.635018,41.993103],[-120.634618,41.993101],[-120.633661,41.993095],[-120.633356,41.993096],[-120.631905,41.993091],[-120.630485,41.993085],[-120.63021,41.993084],[-120.629064,41.99308],[-120.628751,41.993078],[-120.628542,41.993078],[-120.62805,41.993076],[-120.627716,41.993074],[-120.627346,41.993073],[-120.626976,41.993071],[-120.626662,41.99307],[-120.626385,41.993069],[-120.625881,41.993067],[-120.625613,41.993066],[-120.625436,41.993065],[-120.625106,41.993064],[-120.624255,41.99306],[-120.622009,41.993052],[-120.621291,41.993049],[-120.620947,41.993048],[-120.619876,41.993044],[-120.619722,41.993043],[-120.616234,41.993029],[-120.616171,41.993029],[-120.61589,41.993029],[-120.606497,41.992992],[-120.606074,41.99299],[-120.605566,41.992988],[-120.605279,41.992987],[-120.604467,41.992984],[-120.604248,41.992983],[-120.603942,41.992982],[-120.603582,41.99298],[-120.603195,41.992979],[-120.603175,41.992979],[-120.602978,41.992978],[-120.592246,41.992972],[-120.591913,41.992972],[-120.591537,41.992971],[-120.591043,41.992971],[-120.59024,41.992971],[-120.588531,41.99297],[-120.587901,41.992969],[-120.586589,41.992968],[-120.584492,41.992967],[-120.583377,41.992971],[-120.581235,41.993004],[-120.578655,41.993046],[-120.577348,41.993067],[-120.573418,41.993126],[-120.572382,41.993146],[-120.57034,41.993174],[-120.569975,41.99318],[-120.569171,41.993189],[-120.567044,41.993207],[-120.564863,41.993225],[-120.560702,41.993254],[-120.558554,41.993269],[-120.552734,41.99331],[-120.550725,41.993323],[-120.545915,41.993352],[-120.542491,41.99337],[-120.537464,41.993423],[-120.53596,41.99341],[-120.532958,41.993427],[-120.532543,41.993423],[-120.522244,41.993506],[-120.520514,41.993525],[-120.517794,41.993546],[-120.510902,41.993612],[-120.510541,41.993616],[-120.510225,41.993615],[-120.508435,41.993622],[-120.505692,41.993619],[-120.492522,41.993615],[-120.491219,41.993626],[-120.491137,41.993626],[-120.489013,41.993613],[-120.487934,41.993613],[-120.451548,41.993379],[-120.450445,41.993372],[-120.413985,41.993141],[-120.408328,41.993105],[-120.401182,41.99306],[-120.39528,41.993022],[-120.390818,41.992994],[-120.38265,41.992942],[-120.378026,41.992913],[-120.367866,41.992848],[-120.356358,41.992775],[-120.337192,41.992653],[-120.328539,41.992594],[-120.328382,41.992597],[-120.326387,41.992586],[-120.326015,41.993143],[-120.325751,41.993143],[-120.323874,41.993145],[-120.321093,41.993134],[-120.318416,41.993146],[-120.318377,41.993147],[-120.31758,41.993151],[-120.313966,41.993122],[-120.31005,41.993172],[-120.308619,41.993159],[-120.307309,41.993135],[-120.306943,41.993134],[-120.306679,41.993126],[-120.304039,41.993049],[-120.301643,41.993009],[-120.299839,41.993011],[-120.299757,41.993015],[-120.298075,41.992998],[-120.297514,41.992993],[-120.296506,41.992985],[-120.294546,41.993012],[-120.294412,41.993008],[-120.293712,41.993021],[-120.293579,41.993024],[-120.292927,41.993036],[-120.292747,41.993049],[-120.292081,41.993035],[-120.291374,41.993004],[-120.290645,41.993011],[-120.289198,41.993028],[-120.287268,41.993048],[-120.286424,41.993058],[-120.284045,41.992771],[-120.282126,41.992817],[-120.280661,41.992856],[-120.279158,41.992896],[-120.278873,41.992903],[-120.276921,41.99288],[-120.272094,41.992866],[-120.270534,41.992881],[-120.263282,41.992917],[-120.262564,41.992922],[-120.257626,41.992945],[-120.256988,41.992949],[-120.256499,41.992953],[-120.255625,41.992982],[-120.254382,41.993027],[-120.253482,41.99305],[-120.249996,41.99317],[-120.247998,41.993234],[-120.247306,41.993259],[-120.246536,41.993284],[-120.245179,41.993329],[-120.244581,41.993349],[-120.244434,41.993353],[-120.241988,41.993435],[-120.241589,41.993447],[-120.240907,41.99347],[-120.23986,41.993503],[-120.239237,41.993515],[-120.23834,41.993533],[-120.237245,41.993554],[-120.23682,41.993563],[-120.235578,41.993587],[-120.235287,41.993593],[-120.234223,41.993613],[-120.23377,41.993622],[-120.232607,41.993645],[-120.231101,41.993675],[-120.230862,41.993679],[-120.230262,41.993691],[-120.22861,41.993723],[-120.228429,41.993727],[-120.225699,41.993779],[-120.223947,41.993815],[-120.221954,41.993855],[-120.220519,41.993883],[-120.219931,41.993895],[-120.217982,41.99394],[-120.217121,41.99395],[-120.214953,41.993994],[-120.212882,41.994037],[-120.209306,41.99411],[-120.206384,41.99417],[-120.204657,41.994205],[-120.203946,41.99422],[-120.203614,41.994221],[-120.202672,41.994241],[-120.202574,41.994248],[-120.20204,41.994259],[-120.201423,41.994272],[-120.201123,41.994278],[-120.200281,41.994289],[-120.199529,41.99431],[-120.199264,41.994316],[-120.198833,41.994324],[-120.198357,41.994332],[-120.197174,41.994345],[-120.195628,41.994363],[-120.192923,41.994394],[-120.190497,41.994423],[-120.188026,41.994452],[-120.184875,41.994486],[-120.183573,41.994503],[-120.181672,41.994522],[-120.179089,41.994555],[-120.178921,41.994557],[-120.178515,41.994558],[-120.178119,41.994559],[-120.177709,41.99456],[-120.177335,41.994561],[-120.176703,41.994562],[-120.175986,41.994564],[-120.175266,41.994566],[-120.174474,41.994567],[-120.173745,41.994569],[-120.172963,41.994571],[-120.172125,41.994573],[-120.171325,41.994575],[-120.170641,41.994576],[-120.169742,41.994579],[-120.169579,41.994579],[-120.169034,41.99458],[-120.16865,41.994581],[-120.168355,41.994582],[-120.167811,41.994583],[-120.166974,41.994585],[-120.166008,41.994588],[-120.165691,41.994588],[-120.165547,41.994589],[-120.165091,41.99459],[-120.16496,41.99459],[-120.164592,41.994591],[-120.164117,41.994592],[-120.163803,41.994593],[-120.163568,41.994593],[-120.163358,41.994594],[-120.16306,41.994594],[-120.162879,41.994595],[-120.162611,41.994595],[-120.162447,41.994596],[-120.162232,41.994596],[-120.162075,41.994597],[-120.161806,41.994597],[-120.161586,41.994598],[-120.161385,41.994599],[-120.161005,41.9946],[-120.160857,41.9946],[-120.160761,41.9946],[-120.160711,41.994601],[-120.160496,41.994601],[-120.160256,41.994601],[-120.160093,41.994602],[-120.159608,41.994603],[-120.15941,41.994603],[-120.159235,41.994604],[-120.15895,41.994605],[-120.15873,41.994606],[-120.158522,41.994606],[-120.158254,41.994607],[-120.158056,41.994608],[-120.157812,41.994609],[-120.15746,41.99461],[-120.157164,41.994611],[-120.156614,41.994613],[-120.156095,41.994615],[-120.155334,41.994618],[-120.15473,41.99462],[-120.154222,41.994622],[-120.153661,41.994624],[-120.153215,41.994626],[-120.152528,41.994628],[-120.152,41.99463],[-120.151912,41.99463],[-120.151175,41.994633],[-120.149674,41.994638],[-120.148477,41.994642],[-120.147515,41.994646],[-120.14664,41.994648],[-120.145382,41.994653],[-120.144492,41.994656],[-120.142966,41.994661],[-120.142145,41.994664],[-120.140888,41.994668],[-120.140093,41.994671],[-120.138557,41.994679],[-120.137788,41.994683],[-120.136715,41.994688],[-120.136087,41.994691],[-120.13463,41.994699],[-120.133777,41.994703],[-120.133527,41.994706],[-120.132777,41.994708],[-120.132462,41.99471],[-120.131819,41.994713],[-120.131299,41.994716],[-120.130413,41.99472],[-120.129747,41.994723],[-120.128613,41.994729],[-120.127996,41.994732],[-120.1258,41.994742],[-120.124412,41.994749],[-120.123814,41.994752],[-120.122419,41.994759],[-120.120866,41.994767],[-120.11888,41.994772],[-120.117387,41.994776],[-120.116736,41.994779],[-120.116423,41.994782],[-120.116153,41.994783],[-120.115578,41.994786],[-120.114648,41.994791],[-120.113823,41.994795],[-120.11311,41.994799],[-120.112947,41.994799],[-120.112802,41.994783],[-120.112051,41.994785],[-120.111367,41.994786],[-120.110597,41.994787],[-120.109748,41.994787],[-120.108892,41.99479],[-120.108056,41.994791],[-120.106739,41.994794],[-120.106145,41.994795],[-120.104936,41.994796],[-120.104785,41.994796],[-120.103093,41.994799],[-120.101273,41.994805],[-120.100193,41.994809],[-120.099381,41.99481],[-120.098953,41.994811],[-120.098483,41.994813],[-120.098156,41.994816],[-120.097894,41.994817],[-120.097157,41.994818],[-120.096547,41.994821],[-120.095743,41.994824],[-120.094473,41.994829],[-120.093343,41.994832],[-120.092797,41.994834],[-120.091203,41.99484],[-120.091124,41.99484],[-120.091106,41.99484],[-120.088176,41.99485],[-120.087302,41.994853],[-120.085867,41.994858],[-120.084933,41.994862],[-120.083156,41.99487],[-120.082564,41.994872],[-120.081837,41.994874],[-120.080869,41.994876],[-120.079745,41.994879],[-120.078882,41.994882],[-120.077561,41.994888],[-120.076803,41.994892],[-120.075565,41.994899],[-120.074839,41.994898],[-120.073981,41.994896],[-120.073338,41.994902],[-120.072635,41.99491],[-120.072445,41.994912],[-120.071893,41.994917],[-120.071546,41.994923],[-120.070727,41.99493],[-120.069935,41.994924],[-120.069424,41.994919],[-120.068288,41.994915],[-120.067224,41.994917],[-120.066882,41.994918],[-120.066137,41.994919],[-120.065359,41.994921],[-120.064803,41.994922],[-120.063612,41.994924],[-120.06325,41.994925],[-120.061796,41.994928],[-120.060341,41.99493],[-120.059969,41.99493],[-120.059772,41.994931],[-120.058489,41.994932],[-120.056665,41.994935],[-120.056442,41.994936],[-120.056246,41.994937],[-120.056054,41.994936],[-120.055284,41.994938],[-120.054247,41.994939],[-120.052919,41.994942],[-120.051564,41.994945],[-120.049355,41.994949],[-120.047659,41.994953],[-120.047534,41.994953],[-120.046983,41.994954],[-120.046746,41.994955],[-120.046415,41.994955],[-120.045975,41.994956],[-120.045043,41.994959],[-120.044848,41.994959],[-120.044304,41.994959],[-120.044191,41.994959],[-120.043391,41.994961],[-120.04287,41.994962],[-120.042817,41.994962],[-120.042738,41.994963],[-120.042453,41.994965],[-120.042148,41.994964],[-120.040825,41.994968],[-120.03699,41.994974],[-120.036,41.994976],[-120.035207,41.994978],[-120.034708,41.994978],[-120.033115,41.994981],[-120.03173,41.994984],[-120.031256,41.994987],[-120.030342,41.994988],[-120.029273,41.994989],[-120.028153,41.994995],[-120.027408,41.994995],[-120.025757,41.994993],[-120.025097,41.994993],[-120.023081,41.994993],[-120.021857,41.994993],[-120.021366,41.994995],[-120.020486,41.994993],[-120.019536,41.994993],[-120.018616,41.994992],[-120.017783,41.994992],[-120.016277,41.994992],[-120.015822,41.994992],[-120.014749,41.994991],[-120.013792,41.994988],[-120.01355,41.994986],[-120.012495,41.994989],[-120.011769,41.99498],[-120.01049,41.994973],[-120.008157,41.994963],[-120.007501,41.994958],[-120.00618,41.994951],[-120.005731,41.99495],[-120.005146,41.99495],[-120.004291,41.994964],[-120.0004,41.994933],[-119.999234,41.994944],[-119.999169,41.99373],[-119.99919,41.979047],[-119.99919,41.978975],[-119.999204,41.975163],[-119.99923,41.962047],[-119.99923,41.961973],[-119.999265,41.943486],[-119.9993,41.924925],[-119.999302,41.923748],[-119.999304,41.92257],[-119.999305,41.92223],[-119.999332,41.907702],[-119.99933,41.907643],[-119.999292,41.906538],[-119.999292,41.90635],[-119.999295,41.902842],[-119.999295,41.902498],[-119.999253,41.899621],[-119.999253,41.899456],[-119.999261,41.891286],[-119.999269,41.882112],[-119.999276,41.874895],[-119.999214,41.867141],[-119.999035,41.844746],[-119.998958,41.83519],[-119.998957,41.835127],[-119.998896,41.827465],[-119.998896,41.827404],[-119.998693,41.80218],[-119.998695,41.80216],[-119.998694,41.802071],[-119.998675,41.799478],[-119.998674,41.799293],[-119.998629,41.793688],[-119.9985,41.776985],[-119.998499,41.776915],[-119.998473,41.773717],[-119.998472,41.773652],[-119.998332,41.755575],[-119.998295,41.749915],[-119.998698,41.720632],[-119.99873,41.691682],[-119.998747,41.675943],[-119.998751,41.674861],[-119.998751,41.674798],[-119.998754,41.671328],[-119.998825,41.665162],[-119.998823,41.665148],[-119.998819,41.664321],[-119.998819,41.664249],[-119.998822,41.663767],[-119.998822,41.663708],[-119.998893,41.658511],[-119.998902,41.657899],[-119.998897,41.654431],[-119.998861,41.624937],[-119.998287,41.618818],[-119.998295,41.617473],[-119.998303,41.616192],[-119.998307,41.615544],[-119.998575,41.581432],[-119.998745,41.56009],[-119.998762,41.557943],[-119.998763,41.557834],[-119.998859,41.545765],[-119.99886,41.545632],[-119.998868,41.544665],[-119.998876,41.543698],[-119.998898,41.540871],[-119.998921,41.538045],[-119.998957,41.53357],[-119.998993,41.529094],[-119.999018,41.525979],[-119.999043,41.522864],[-119.999046,41.521809],[-119.999465,41.500228],[-119.999471,41.499894],[-119.999475,41.498195],[-119.999478,41.496499],[-119.999478,41.496458],[-119.999486,41.492751],[-119.999494,41.489017],[-119.999489,41.489001],[-119.999494,41.488826],[-119.999496,41.487984],[-119.999498,41.487138],[-119.999503,41.484932],[-119.999508,41.482727],[-119.999512,41.480898],[-119.999517,41.478669],[-119.999517,41.478567],[-119.999552,41.470218],[-119.999566,41.463084],[-119.999581,41.45595],[-119.99959,41.45178],[-119.999595,41.449265],[-119.999599,41.447326],[-119.999602,41.445932],[-119.999612,41.441172],[-119.999621,41.436413],[-119.999621,41.436335],[-119.999622,41.436073],[-119.999622,41.435811],[-119.999631,41.43526],[-119.999633,41.43247],[-119.999635,41.429679],[-119.999642,41.42641],[-119.999648,41.423275],[-119.999648,41.42314],[-119.999661,41.422158],[-119.999653,41.420604],[-119.999659,41.417667],[-119.999665,41.41473],[-119.999674,41.410578],[-119.999682,41.406427],[-119.999703,41.398212],[-119.999757,41.37465],[-119.999716,41.367814],[-119.9997,41.365323],[-119.999699,41.36511],[-119.999734,41.355576],[-119.99982,41.32745],[-119.99982,41.327319],[-119.999832,41.323637],[-119.999836,41.32261],[-119.999836,41.322491],[-119.999865,41.313101],[-119.999885,41.307067],[-119.999908,41.29975],[-119.999931,41.292797],[-119.999932,41.292433],[-119.999989,41.275012],[-119.99999,41.274794],[-120.000016,41.267493],[-120.000016,41.267423],[-120.000016,41.266548],[-120.000016,41.266487],[-120.000028,41.264005],[-120.00003,41.263357],[-120.000048,41.256765],[-120.000049,41.256375],[-120.000073,41.249758],[-119.999928,41.245887],[-119.999867,41.24427],[-119.99978,41.241948],[-119.99978,41.241851],[-119.999767,41.236625],[-119.99976,41.236061],[-119.999763,41.234289],[-119.99977,41.23122],[-119.999776,41.228152],[-119.999779,41.226809],[-119.999782,41.225466],[-119.999792,41.22059],[-119.999802,41.215714],[-119.999807,41.213462],[-119.999812,41.21121],[-119.999814,41.210496],[-119.999815,41.209782],[-119.999818,41.208543],[-119.99982,41.207304],[-119.99982,41.207014],[-119.999821,41.206723],[-119.999821,41.206701],[-119.999823,41.205872],[-119.999825,41.205021],[-119.999831,41.201992],[-119.999832,41.201508],[-119.999846,41.194573],[-119.999848,41.193648],[-119.999864,41.184773],[-119.999866,41.183974],[-119.999874,41.176444],[-119.999847,41.173345],[-119.999847,41.173322],[-119.999823,41.170569],[-119.999815,41.165752],[-119.999815,41.165424],[-119.999815,41.165251],[-119.999813,41.164348],[-119.99981,41.162347],[-119.999807,41.162328],[-119.999809,41.162308],[-119.999809,41.162269],[-119.999799,41.155921],[-119.999867,41.144572],[-119.999867,41.14451],[-119.999893,41.140235],[-119.999895,41.139893],[-119.999898,41.139267],[-119.999903,41.138362],[-119.999904,41.138185],[-119.999904,41.13816],[-119.999905,41.138124],[-119.999905,41.138084],[-119.999905,41.138051],[-119.999906,41.137904],[-119.999974,41.126564],[-120.000011,41.124898],[-119.999995,41.122559],[-119.999997,41.112886],[-119.999997,41.112237],[-119.999997,41.112132],[-119.999997,41.109747],[-120.000008,41.102462],[-120.000008,41.102317],[-120.000039,41.082999],[-119.999942,41.068505],[-119.999959,41.065821],[-119.999875,41.054041],[-119.999888,41.039538],[-119.999801,41.022211],[-119.999802,41.021951],[-119.999802,41.021836],[-119.99981,41.019971],[-119.99981,41.019914],[-119.999817,41.018392],[-119.999832,41.014758],[-119.999844,41.011925],[-119.999844,41.011915],[-119.999862,41.007514],[-119.999815,41.006819],[-119.99982,41.006763],[-119.999829,41.005639],[-119.999829,41.005584],[-119.999875,40.999894],[-119.999682,40.963991],[-119.999663,40.959903],[-119.999667,40.959889],[-119.99964,40.952243],[-119.999593,40.94916],[-119.999586,40.948701],[-119.999505,40.930287],[-119.999444,40.920794],[-119.999421,40.91716],[-119.999418,40.916761],[-119.999405,40.915627],[-119.999415,40.915613],[-119.999413,40.914993],[-119.999411,40.914415],[-119.999409,40.913844],[-119.999409,40.913699],[-119.999409,40.913676],[-119.999371,40.901339],[-119.999312,40.889001],[-119.999288,40.88387],[-119.999251,40.875931],[-119.999252,40.8759],[-119.99926,40.875629],[-119.999267,40.875384],[-119.999282,40.874898],[-119.999284,40.873966],[-119.999285,40.873751],[-119.999285,40.873635],[-119.999286,40.873159],[-119.999286,40.873101],[-119.999295,40.873084],[-119.999288,40.872363],[-119.999281,40.871466],[-119.99928,40.87137],[-119.999279,40.871232],[-119.999279,40.871206],[-119.999278,40.871077],[-119.999263,40.869339],[-119.999247,40.867448],[-119.999246,40.867381],[-119.999234,40.865894],[-119.999234,40.865878],[-119.999217,40.863799],[-119.999167,40.85786],[-119.998903,40.83209],[-119.998903,40.83198],[-119.998902,40.831811],[-119.998901,40.831529],[-119.998901,40.831367],[-119.998873,40.821786],[-119.998815,40.814381],[-119.998758,40.80704],[-119.998757,40.806929],[-119.998755,40.80674],[-119.998755,40.806728],[-119.998741,40.804874],[-119.99869,40.798342],[-119.998689,40.798257],[-119.998673,40.796212],[-119.998672,40.796119],[-119.998657,40.794156],[-119.998676,40.788503],[-119.998719,40.782735],[-119.998743,40.779521],[-119.998772,40.775541],[-119.998785,40.77385],[-119.998762,40.771596],[-119.998634,40.759233],[-119.998502,40.751444],[-119.998486,40.750472],[-119.998479,40.749899],[-119.998409,40.744323],[-119.998387,40.742686],[-119.998098,40.721257],[-119.998095,40.72104],[-119.998091,40.720702],[-119.998088,40.720488],[-119.997847,40.702633],[-119.997844,40.702416],[-119.997838,40.701952],[-119.997837,40.70189],[-119.99759,40.683547],[-119.99748,40.673185],[-119.997478,40.67304],[-119.997466,40.671913],[-119.997426,40.671423],[-119.997477,40.671422],[-119.997235,40.657369],[-119.997238,40.656902],[-119.997062,40.642908],[-119.997073,40.64232],[-119.996991,40.63634],[-119.996903,40.629928],[-119.996882,40.628386],[-119.996857,40.627853],[-119.996848,40.627271],[-119.996833,40.626293],[-119.996833,40.626271],[-119.996827,40.625897],[-119.996821,40.625516],[-119.996817,40.625209],[-119.996816,40.625141],[-119.996812,40.624905],[-119.996811,40.624764],[-119.996793,40.620753],[-119.996772,40.616317],[-119.996765,40.61464],[-119.996763,40.614237],[-119.996761,40.613909],[-119.996741,40.613342],[-119.996739,40.613132],[-119.996737,40.612808],[-119.996726,40.61128],[-119.996723,40.610778],[-119.996644,40.599447],[-119.9966,40.598743],[-119.99626,40.585004],[-119.996231,40.584284],[-119.996171,40.581045],[-119.996167,40.580826],[-119.995976,40.57055],[-119.995923,40.556644],[-119.995922,40.556511],[-119.99592,40.556068],[-119.99592,40.556049],[-119.995919,40.555884],[-119.995908,40.55431],[-119.995908,40.554255],[-119.995897,40.552808],[-119.995896,40.552651],[-119.995872,40.549192],[-119.995871,40.549074],[-119.99582,40.541628],[-119.995811,40.535639],[-119.99581,40.535255],[-119.995798,40.526928],[-119.995806,40.522923],[-119.995806,40.522716],[-119.99583,40.510725],[-119.995784,40.499903],[-119.995796,40.496248],[-119.995687,40.481752],[-119.995678,40.470159],[-119.995664,40.452902],[-119.995632,40.445741],[-119.995631,40.445571],[-119.995603,40.439405],[-119.995598,40.438366],[-119.995625,40.428877],[-119.995627,40.428275],[-119.995639,40.424195],[-119.99564,40.420405],[-119.99564,40.420204],[-119.995641,40.4186],[-119.995641,40.416525],[-119.995641,40.416445],[-119.995645,40.406268],[-119.995645,40.404945],[-119.995646,40.404718],[-119.995652,40.40326],[-119.995655,40.402408],[-119.995655,40.402322],[-119.995656,40.402189],[-119.995656,40.402071],[-119.995656,40.401995],[-119.995658,40.401459],[-119.995663,40.400204],[-119.995674,40.397562],[-119.995675,40.397194],[-119.995687,40.394336],[-119.995702,40.390414],[-119.995703,40.384845],[-119.995705,40.37583],[-119.995734,40.374015],[-119.99576,40.372427],[-119.99576,40.372416],[-119.995923,40.362199],[-119.995936,40.361416],[-119.995953,40.360547],[-119.995955,40.360453],[-119.99596,40.360155],[-119.996194,40.347955],[-119.996212,40.346999],[-119.996332,40.339603],[-119.996336,40.339365],[-119.996339,40.339208],[-119.996339,40.339194],[-119.996445,40.332641],[-119.996491,40.325272],[-119.996492,40.325175],[-119.996498,40.324162],[-119.996499,40.324079],[-119.99651,40.322244],[-119.996513,40.32184],[-119.996517,40.321252],[-119.996517,40.321227],[-119.996517,40.321146],[-119.996518,40.320963],[-119.996526,40.319792],[-119.996533,40.31854],[-119.996536,40.318131],[-119.996523,40.315976],[-119.996522,40.315832],[-119.996516,40.314929],[-119.996515,40.314743],[-119.996512,40.314324],[-119.996508,40.313671],[-119.996505,40.313208],[-119.996504,40.313055],[-119.996504,40.312985],[-119.996381,40.293172],[-119.996303,40.28069],[-119.996302,40.280545],[-119.9963,40.280138],[-119.9963,40.280076],[-119.996284,40.277565],[-119.996265,40.274521],[-119.996259,40.264247],[-119.996259,40.264117],[-119.996258,40.263616],[-119.996258,40.263495],[-119.996258,40.262471],[-119.996258,40.262429],[-119.996256,40.260347],[-119.996256,40.259969],[-119.996257,40.25979],[-119.996259,40.259331],[-119.996259,40.259298],[-119.99626,40.259278],[-119.99626,40.25926],[-119.99626,40.259209],[-119.996262,40.258747],[-119.996262,40.258228],[-119.996262,40.2581],[-119.996265,40.249906],[-119.996284,40.245463],[-119.996284,40.245449],[-119.996286,40.245317],[-119.996332,40.244268],[-119.99646,40.230856],[-119.996451,40.229681],[-119.996527,40.219],[-119.996528,40.21892],[-119.996567,40.213522],[-119.996611,40.207432],[-119.99662,40.206145],[-119.996659,40.200694],[-119.996666,40.200393],[-119.996923,40.188728],[-119.996951,40.187449],[-119.997006,40.186235],[-119.996995,40.183567],[-119.996994,40.183286],[-119.996944,40.17158],[-119.996967,40.159223],[-119.996968,40.158842],[-119.996968,40.158584],[-119.997019,40.157158],[-119.997018,40.15602],[-119.997016,40.154492],[-119.997016,40.154331],[-119.997015,40.153427],[-119.997015,40.153277],[-119.997002,40.142579],[-119.997096,40.12944],[-119.99717,40.126322],[-119.997164,40.12608],[-119.997137,40.124904],[-119.997151,40.120032],[-119.997152,40.119786],[-119.997189,40.116695],[-119.997215,40.114498],[-119.997229,40.113301],[-119.997251,40.111338],[-119.997256,40.110909],[-119.997285,40.107567],[-119.997304,40.10572],[-119.997304,40.105495],[-119.997302,40.105412],[-119.997304,40.105316],[-119.997304,40.105264],[-119.997309,40.105062],[-119.99731,40.104633],[-119.997312,40.104427],[-119.997316,40.103958],[-119.997317,40.103794],[-119.997352,40.099991],[-119.997344,40.096363],[-119.997334,40.092729],[-119.997333,40.092114],[-119.997333,40.091788],[-119.997332,40.091564],[-119.99733,40.090826],[-119.997329,40.090513],[-119.997329,40.090499],[-119.997326,40.08934],[-119.997326,40.089242],[-119.997321,40.086958],[-119.997318,40.085973],[-119.997318,40.085781],[-119.997321,40.084523],[-119.997323,40.083907],[-119.997323,40.083779],[-119.997328,40.081805],[-119.997328,40.081742],[-119.997319,40.080166],[-119.997314,40.079227],[-119.99731,40.078499],[-119.99731,40.078412],[-119.997307,40.077756],[-119.997304,40.077266],[-119.997304,40.077208],[-119.997292,40.074777],[-119.997278,40.072095],[-119.997277,40.071767],[-119.997276,40.071637],[-119.997273,40.071039],[-119.997234,40.070142],[-119.99722,40.069812],[-119.997308,40.060254],[-119.997332,40.057585],[-119.997328,40.057569],[-119.997332,40.057538],[-119.997346,40.056075],[-119.997368,40.052035],[-119.997369,40.051893],[-119.997409,40.044423],[-119.997409,40.044372],[-119.997425,40.041561],[-119.99742,40.039203],[-119.997477,40.032017],[-119.997534,40.024951],[-119.997546,40.022867],[-119.997619,40.010653],[-119.997706,39.999905],[-119.9978,39.991211],[-119.997871,39.984616],[-119.997875,39.984262],[-119.997903,39.981636],[-119.997908,39.981409],[-119.997914,39.981128],[-119.998056,39.974041],[-119.998095,39.972117],[-119.998107,39.971502],[-119.998134,39.970172],[-119.998136,39.97006],[-119.998137,39.970014],[-119.998138,39.96999],[-119.998138,39.969979],[-119.998177,39.968035],[-119.998183,39.967762],[-119.998189,39.967473],[-119.998212,39.966391],[-119.998248,39.964653],[-119.998261,39.964011],[-119.998263,39.963903],[-119.998277,39.96321],[-119.998279,39.963105],[-119.998286,39.962812],[-119.998298,39.962234],[-119.998317,39.961307],[-119.99833,39.960677],[-119.998334,39.960455],[-119.99837,39.958749],[-119.998375,39.958499],[-119.998445,39.95511],[-119.998457,39.954538],[-119.998498,39.952568],[-119.998626,39.938032],[-119.998653,39.936166],[-119.998658,39.935814],[-119.998658,39.935789],[-119.998661,39.935553],[-119.998679,39.934335],[-119.998687,39.93378],[-119.998696,39.933132],[-119.998706,39.932444],[-119.998714,39.931881],[-119.998721,39.931377],[-119.998729,39.930844],[-119.998735,39.930425],[-119.99882,39.924461],[-119.998823,39.924255],[-119.998833,39.923559],[-119.999081,39.906156],[-119.999084,39.904257],[-119.999084,39.904143],[-119.999085,39.903968],[-119.999085,39.903912],[-119.999085,39.903817],[-119.999086,39.903104],[-119.999099,39.895434],[-119.999099,39.895338],[-119.9991,39.894773],[-119.999104,39.893889],[-119.999104,39.89383],[-119.999126,39.887714],[-119.999127,39.887384],[-119.999174,39.874913],[-119.999461,39.865535],[-119.999598,39.857692],[-119.999603,39.857399],[-119.999692,39.852032],[-119.999716,39.85103],[-119.999721,39.850757],[-119.999744,39.849386],[-119.999776,39.847453],[-119.999843,39.84342],[-119.999941,39.83758],[-119.999907,39.836513],[-120.000022,39.823287],[-120.000028,39.822084],[-120.000069,39.820194],[-120.000092,39.81913],[-120.000099,39.818765],[-120.00017,39.81525],[-120.000306,39.808523],[-120.000308,39.808396],[-120.000454,39.799434],[-120.000455,39.799344],[-120.000475,39.798135],[-120.000476,39.798081],[-120.000489,39.797269],[-120.000491,39.795709],[-120.000491,39.795673],[-120.000495,39.791706],[-120.000495,39.791669],[-120.000495,39.791448],[-120.000495,39.791286],[-120.000496,39.790936],[-120.000503,39.782914],[-120.000518,39.782083],[-120.000528,39.781525],[-120.000538,39.780945],[-120.000538,39.780788],[-120.00054,39.779955],[-120.000548,39.775223],[-120.000651,39.77082],[-120.000677,39.769372],[-120.000683,39.768725],[-120.000702,39.767508],[-120.000723,39.766161],[-120.000805,39.759846],[-120.000859,39.758584],[-120.000891,39.757838],[-120.001118,39.752577],[-120.001133,39.752229],[-120.001033,39.742096],[-120.001032,39.739739],[-120.001006,39.735416],[-120.001006,39.735405],[-120.001013,39.734189],[-120.001014,39.734012],[-120.001018,39.732608],[-120.001062,39.722418],[-120.000979,39.714348],[-120.000959,39.680613],[-120.000942,39.679169],[-120.000903,39.675144],[-120.000905,39.674339],[-120.000906,39.674268],[-120.000908,39.674048],[-120.000912,39.673642],[-120.000915,39.673332],[-120.000918,39.673],[-120.000922,39.672585],[-120.000925,39.672255],[-120.000934,39.672002],[-120.000942,39.671798],[-120.001006,39.669819],[-120.001049,39.66702],[-120.00105,39.666961],[-120.001079,39.665037],[-120.001084,39.664743],[-120.00109,39.664583],[-120.001089,39.663228],[-120.00109,39.662987],[-120.001152,39.651253],[-120.001157,39.650294],[-120.001151,39.644804],[-120.001151,39.644787],[-120.001151,39.644726],[-120.001149,39.643964],[-120.001149,39.643751],[-120.001149,39.643476],[-120.001149,39.643372],[-120.00114,39.636389],[-120.00114,39.636182],[-120.00114,39.635887],[-120.00114,39.635795],[-120.001138,39.635654],[-120.001135,39.635329],[-120.001067,39.628536],[-120.001059,39.627715],[-120.001058,39.627634],[-120.00103,39.624889],[-120.001027,39.624551],[-120.000994,39.621224],[-120.000871,39.61109],[-120.00087,39.610981],[-120.00082,39.606828],[-120.00083,39.606411],[-120.000834,39.606244],[-120.000835,39.606199],[-120.000835,39.606183],[-120.00084,39.605966],[-120.000843,39.605854],[-120.000854,39.605376],[-120.001185,39.591253],[-120.001188,39.591113],[-120.001195,39.59081],[-120.001198,39.590693],[-120.00121,39.590161],[-120.001476,39.578856],[-120.001477,39.578827],[-120.0015,39.577816],[-120.0015,39.577356],[-120.001502,39.575444],[-120.001504,39.572666],[-120.001505,39.57057],[-120.001581,39.566811],[-120.001585,39.56661],[-120.001587,39.566531],[-120.001597,39.566042],[-120.001599,39.565922],[-120.001644,39.563694],[-120.001947,39.548724],[-120.001901,39.545552],[-120.001847,39.541785],[-120.001826,39.540356],[-120.001826,39.540338],[-120.001822,39.540115],[-120.001806,39.539007],[-120.001789,39.537815],[-120.001774,39.536772],[-120.00174,39.534444],[-120.001736,39.530583],[-120.001761,39.529186],[-120.001764,39.529027],[-120.001772,39.52855],[-120.001789,39.527642],[-120.00179,39.527564],[-120.001793,39.527391],[-120.001823,39.525693],[-120.001841,39.524678],[-120.001859,39.523514],[-120.001863,39.523275],[-120.001878,39.522402],[-120.0019,39.521064],[-120.001918,39.520095],[-120.001921,39.519959],[-120.001926,39.519702],[-120.001936,39.519201],[-120.002017,39.514991],[-120.002018,39.514956],[-120.002061,39.51268],[-120.002035,39.512183],[-120.002039,39.51189],[-120.002082,39.509099],[-120.002103,39.508643],[-120.002114,39.508412],[-120.002129,39.507483],[-120.002149,39.506161],[-120.00215,39.506093],[-120.00216,39.50548],[-120.00215,39.50542],[-120.002139,39.505357],[-120.002139,39.505333],[-120.002154,39.504444],[-120.002155,39.504362],[-120.002181,39.502882],[-120.002187,39.502567],[-120.0022,39.501832],[-120.002201,39.501774],[-120.002207,39.501433],[-120.002208,39.501353],[-120.00222,39.500645],[-120.002289,39.496373],[-120.002291,39.496279],[-120.002299,39.495799],[-120.002303,39.495515],[-120.002317,39.494657],[-120.002338,39.493404],[-120.002375,39.491087],[-120.002487,39.487393],[-120.002496,39.487086],[-120.002579,39.484331],[-120.00259,39.483962],[-120.002819,39.476404],[-120.002826,39.474604],[-120.002827,39.474381],[-120.002833,39.472717],[-120.002836,39.472507],[-120.002837,39.472446],[-120.002887,39.468894],[-120.002882,39.468873],[-120.002888,39.468169],[-120.002889,39.468041],[-120.00289,39.467956],[-120.002893,39.467581],[-120.002898,39.466598],[-120.002898,39.466509],[-120.002898,39.466462],[-120.002899,39.466295],[-120.0029,39.466039],[-120.002901,39.46592],[-120.002903,39.465635],[-120.002905,39.465181],[-120.002906,39.465008],[-120.002908,39.464631],[-120.002909,39.464402],[-120.003022,39.463468],[-120.003056,39.463185],[-120.003216,39.461857],[-120.003383,39.456849],[-120.00339,39.456625],[-120.003773,39.445056],[-120.003778,39.44489],[-120.003794,39.444395],[-120.0038,39.44423],[-120.00394,39.440057],[-120.004081,39.435856],[-120.004247,39.430769],[-120.004354,39.427539],[-120.004468,39.424104],[-120.004492,39.423367],[-120.004562,39.421239],[-120.004692,39.417353],[-120.004774,39.414855],[-120.004845,39.412728],[-120.004928,39.410197],[-120.005181,39.402606],[-120.005265,39.400076],[-120.00534,39.397792],[-120.005358,39.39727],[-120.005472,39.393844],[-120.005567,39.390943],[-120.005626,39.389184],[-120.005643,39.38866],[-120.005694,39.387108],[-120.005848,39.382454],[-120.005864,39.381993],[-120.005901,39.380903],[-120.005901,39.38089],[-120.005902,39.380851],[-120.005903,39.380839],[-120.00591,39.380603],[-120.005934,39.379896],[-120.005942,39.379661],[-120.005968,39.37886],[-120.006048,39.376458],[-120.006075,39.375658],[-120.006077,39.375572],[-120.006085,39.375315],[-120.006089,39.37523],[-120.006127,39.374106],[-120.00614,39.370179],[-120.006192,39.355024],[-120.00621,39.349973],[-120.006212,39.349106],[-120.00622,39.346369],[-120.006237,39.341498],[-120.006258,39.335557],[-120.006271,39.331954],[-120.006274,39.330953],[-120.006276,39.330683],[-120.006284,39.32795],[-120.006288,39.326949],[-120.006294,39.324858],[-120.006316,39.318586],[-120.006323,39.316496],[-120.006323,39.31636],[-120.006325,39.315954],[-120.006326,39.315819],[-120.006326,39.315582],[-120.006329,39.314875],[-120.00633,39.314639],[-120.00633,39.31458],[-120.00633,39.314405],[-120.006331,39.314347],[-120.006331,39.31426],[-120.006331,39.314001],[-120.006332,39.313915],[-120.006332,39.313829],[-120.006333,39.313573],[-120.006334,39.313488],[-120.006334,39.313387],[-120.006335,39.313087],[-120.006336,39.312987],[-120.00635,39.308751],[-120.006393,39.296042],[-120.006408,39.291807],[-120.006408,39.291676],[-120.006409,39.291285],[-120.00641,39.291155],[-120.00641,39.291035],[-120.00641,39.290674],[-120.006411,39.290555],[-120.006416,39.289501],[-120.006419,39.288609],[-120.006439,39.282773],[-120.006446,39.280828],[-120.006446,39.280577],[-120.006448,39.279824],[-120.00645,39.279574],[-120.006452,39.278897],[-120.006456,39.277729],[-120.006473,39.272878],[-120.006455,39.272194],[-120.006408,39.27035],[-120.006293,39.265901],[-120.006103,39.258491],[-120.005929,39.252557],[-120.005799,39.24811],[-120.005788,39.247746],[-120.005756,39.246655],[-120.005746,39.246292],[-120.005686,39.244263],[-120.00568,39.244038],[-120.005679,39.236249],[-120.005693,39.233234],[-120.005698,39.229772],[-120.005668,39.22936],[-120.005629,39.228857],[-120.005611,39.228335],[-120.005598,39.227987],[-120.005577,39.227426],[-120.005722,39.226973],[-120.005724,39.226446],[-120.005726,39.22604],[-120.005727,39.225828],[-120.00571,39.225226],[-120.005634,39.22261],[-120.00561,39.221754],[-120.005563,39.220022],[-120.005563,39.218695],[-120.005541,39.218029],[-120.005484,39.216307],[-120.00453,39.187445],[-120.004429,39.177981],[-120.004297,39.165603],[-120.004024,39.148764],[-120.004021,39.148478],[-120.003941,39.141319],[-120.003834,39.131627],[-120.003741,39.12491],[-120.003611,39.119844],[-120.003429,39.112687],[-120.003283,39.105886],[-120.003076,39.096244],[-120.002845,39.085486],[-120.002724,39.079801],[-120.002712,39.079244],[-120.0027,39.078686],[-120.002652,39.076446],[-120.002508,39.069728],[-120.002461,39.067489],[-120.002446,39.066798],[-120.002401,39.064727],[-120.002387,39.064037],[-120.002267,39.058463],[-120.002168,39.053784],[-120.001948,39.043531],[-120.001909,39.041742],[-120.001869,39.03985],[-120.00179,39.036169],[-120.001694,39.031706],[-120.001568,39.025791],[-120.001407,39.018317],[-120.001345,39.015413],[-120.001328,39.014634],[-120.001312,39.013855],[-120.001283,39.012526],[-120.001199,39.008541],[-120.001171,39.007213],[-120.001139,39.005751],[-120.001045,39.001369],[-120.001014,38.999908],[-120.001014,38.999841],[-120.001014,38.99964],[-120.001014,38.999574],[-119.999205,38.998331],[-119.99378,38.994603],[-119.991972,38.993361],[-119.988916,38.99126],[-119.979748,38.98496],[-119.976692,38.98286],[-119.974801,38.981561],[-119.969131,38.977664],[-119.967241,38.976365],[-119.966988,38.976191],[-119.966231,38.975671],[-119.965979,38.975498],[-119.965836,38.975399],[-119.965407,38.975104],[-119.965264,38.975006],[-119.965124,38.974909],[-119.964983,38.974813],[-119.962479,38.973092],[-119.959259,38.970879],[-119.954125,38.96735],[-119.953535,38.966945],[-119.952438,38.966191],[-119.95134,38.965437],[-119.951,38.965203],[-119.94998,38.964503],[-119.949641,38.96427],[-119.949619,38.964256],[-119.948912,38.963799],[-119.946726,38.962386],[-119.945998,38.961916],[-119.945929,38.96187],[-119.945215,38.961408],[-119.945021,38.961283],[-119.943227,38.96008],[-119.942897,38.959841],[-119.942143,38.959294],[-119.942042,38.959224],[-119.941851,38.959089],[-119.940975,38.958475],[-119.94056,38.958183],[-119.94019,38.957923],[-119.940067,38.957837],[-119.940025,38.957807],[-119.939899,38.957719],[-119.939857,38.95769],[-119.939636,38.957535],[-119.938976,38.957072],[-119.938795,38.956945],[-119.938756,38.956919],[-119.938718,38.956893],[-119.938604,38.956816],[-119.938566,38.956791],[-119.938139,38.956503],[-119.93686,38.955642],[-119.936565,38.955443],[-119.93649,38.955393],[-119.936434,38.955355],[-119.936304,38.955268],[-119.935819,38.954945],[-119.935804,38.954935],[-119.93579,38.954926],[-119.933861,38.953642],[-119.933218,38.953214],[-119.933106,38.953139],[-119.932943,38.953031],[-119.932121,38.952483],[-119.931847,38.952301],[-119.928395,38.949922],[-119.918041,38.942785],[-119.91459,38.940406],[-119.912785,38.939162],[-119.907373,38.935432],[-119.905569,38.934189],[-119.905318,38.934016],[-119.904565,38.933497],[-119.904315,38.933324],[-119.903626,38.932849],[-119.901561,38.931426],[-119.900873,38.930952],[-119.900817,38.930913],[-119.900651,38.930798],[-119.900596,38.93076],[-119.900391,38.930617],[-119.899776,38.930191],[-119.899572,38.930049],[-119.897106,38.928336],[-119.88971,38.923199],[-119.887245,38.921487],[-119.877821,38.914995],[-119.877773,38.914962],[-119.876011,38.913748],[-119.870204,38.909776],[-119.864501,38.905874],[-119.864489,38.905866],[-119.857493,38.90106],[-119.857455,38.901034],[-119.851986,38.897278],[-119.850592,38.896335],[-119.85057,38.89632],[-119.849684,38.89572],[-119.847026,38.893921],[-119.846275,38.893413],[-119.846141,38.893322],[-119.84567,38.893003],[-119.84426,38.892049],[-119.84379,38.891731],[-119.843001,38.891197],[-119.840637,38.889597],[-119.839939,38.889125],[-119.839849,38.889064],[-119.839547,38.888859],[-119.838285,38.888006],[-119.835142,38.885879],[-119.833638,38.884861],[-119.833596,38.884833],[-119.832445,38.884053],[-119.832004,38.88374],[-119.831968,38.883715],[-119.831187,38.883161],[-119.830371,38.882584],[-119.822084,38.876686],[-119.821061,38.875957],[-119.820958,38.875894],[-119.816709,38.873019],[-119.8142,38.871325],[-119.813523,38.870861],[-119.810544,38.868823],[-119.803525,38.86402],[-119.802597,38.863376],[-119.797453,38.859836],[-119.797368,38.859776],[-119.790942,38.85535],[-119.790794,38.855248],[-119.78675,38.852456],[-119.78669,38.852415],[-119.779129,38.847196],[-119.779027,38.847126],[-119.769668,38.840661],[-119.764833,38.837323],[-119.764631,38.837183],[-119.763551,38.836437],[-119.760503,38.834334],[-119.760408,38.834268],[-119.757618,38.832341],[-119.757429,38.83221],[-119.756736,38.831731],[-119.754657,38.830297],[-119.753965,38.829819],[-119.753903,38.829776],[-119.751007,38.827778],[-119.750031,38.827066],[-119.749977,38.827029],[-119.744356,38.82318],[-119.74405,38.822968],[-119.741908,38.821486],[-119.729324,38.81279],[-119.726793,38.81104],[-119.725904,38.810425],[-119.703814,38.795158],[-119.695561,38.789453],[-119.695505,38.789415],[-119.695468,38.789389],[-119.695458,38.789382],[-119.695382,38.78933],[-119.695346,38.789305],[-119.695291,38.789267],[-119.691765,38.786827],[-119.691435,38.786601],[-119.691009,38.786307],[-119.689231,38.785078],[-119.683897,38.781391],[-119.68212,38.780163],[-119.681479,38.77972],[-119.679558,38.778392],[-119.678918,38.77795],[-119.67855,38.777695],[-119.677446,38.776932],[-119.677078,38.776678],[-119.675068,38.775288],[-119.669038,38.771121],[-119.667029,38.769733],[-119.666967,38.76969],[-119.666781,38.769561],[-119.66672,38.769519],[-119.666626,38.769454],[-119.666018,38.769034],[-119.663914,38.76758],[-119.663213,38.767096],[-119.661077,38.765595],[-119.656579,38.762436],[-119.642113,38.752497],[-119.638339,38.749904],[-119.635047,38.747355],[-119.634292,38.74677],[-119.634239,38.746729],[-119.633586,38.74627],[-119.631464,38.744779],[-119.630757,38.744282],[-119.629778,38.743594],[-119.626842,38.74153],[-119.626004,38.740941],[-119.625863,38.740845],[-119.62461,38.739993],[-119.621866,38.738126],[-119.620854,38.737437],[-119.619602,38.736586],[-119.613199,38.73223],[-119.60937,38.729625],[-119.600273,38.72338],[-119.594301,38.71928],[-119.594037,38.719099],[-119.590212,38.716473],[-119.587647,38.714727],[-119.587508,38.714695],[-119.587474,38.714688],[-119.587422,38.714644],[-119.587174,38.714436],[-119.587066,38.714345],[-119.585437,38.713212],[-119.558899,38.694761],[-119.558726,38.694641],[-119.552579,38.690353],[-119.551992,38.689944],[-119.551635,38.6897],[-119.550104,38.68865],[-119.548604,38.687623],[-119.548528,38.68757],[-119.548167,38.687323],[-119.548089,38.68727],[-119.547933,38.687163],[-119.547767,38.687049],[-119.547659,38.686975],[-119.5476,38.686934],[-119.54738,38.686785],[-119.546586,38.686241],[-119.546293,38.686039],[-119.542712,38.683587],[-119.540864,38.682321],[-119.530647,38.675321],[-119.530623,38.675305],[-119.51181,38.662415],[-119.511529,38.662222],[-119.51147,38.662182],[-119.501,38.654374],[-119.500922,38.654322],[-119.495035,38.650417],[-119.494958,38.650366],[-119.494571,38.650133],[-119.494176,38.649862],[-119.494069,38.649758],[-119.49402,38.649735],[-119.49347,38.649327],[-119.492565,38.648768],[-119.492537,38.64875],[-119.491747,38.648226],[-119.491567,38.648107],[-119.488058,38.645685],[-119.477569,38.63837],[-119.477257,38.638152],[-119.473687,38.635668],[-119.47224,38.634663],[-119.464356,38.629519],[-119.464305,38.629486],[-119.464027,38.629304],[-119.463984,38.629276],[-119.461282,38.627533],[-119.459231,38.626157],[-119.459131,38.626089],[-119.457405,38.62491],[-119.453823,38.622433],[-119.453783,38.622405],[-119.453769,38.622395],[-119.450634,38.619981],[-119.450655,38.619968],[-119.448611,38.618534],[-119.435064,38.609037],[-119.433791,38.6082],[-119.428445,38.60435],[-119.428134,38.604126],[-119.42789,38.60395],[-119.427302,38.603526],[-119.40139,38.584871],[-119.401217,38.584746],[-119.399335,38.583453],[-119.398943,38.583171],[-119.387962,38.575301],[-119.379543,38.569302],[-119.379403,38.569205],[-119.379123,38.569012],[-119.37862,38.568663],[-119.375994,38.566793],[-119.3703,38.563391],[-119.370117,38.563281],[-119.360341,38.5567],[-119.360265,38.556648],[-119.360167,38.556583],[-119.357007,38.554456],[-119.355044,38.553114],[-119.354915,38.553025],[-119.354565,38.552787],[-119.333423,38.538328],[-119.330528,38.536295],[-119.330052,38.535961],[-119.330059,38.535114],[-119.328191,38.533872],[-119.327517,38.533425],[-119.312266,38.523286],[-119.30878,38.520844],[-119.302691,38.516582],[-119.299609,38.514424],[-119.298394,38.513609],[-119.297704,38.513122],[-119.279552,38.500313],[-119.277902,38.499217],[-119.276803,38.498447],[-119.268673,38.492748],[-119.267655,38.492059],[-119.264373,38.489735],[-119.263992,38.489467],[-119.260565,38.487064],[-119.258984,38.485955],[-119.250389,38.479926],[-119.250061,38.479695],[-119.240474,38.472972],[-119.239985,38.472629],[-119.239651,38.472365],[-119.237086,38.470565],[-119.23455,38.468708],[-119.234117,38.468405],[-119.233805,38.468189],[-119.232184,38.467061],[-119.232164,38.467048],[-119.231623,38.46667],[-119.229727,38.465351],[-119.212811,38.45358],[-119.212703,38.453506],[-119.212389,38.453264],[-119.211464,38.452608],[-119.209918,38.451509],[-119.207924,38.450112],[-119.207679,38.44994],[-119.206783,38.449312],[-119.206745,38.449285],[-119.206723,38.449299],[-119.205109,38.44817],[-119.205039,38.448119],[-119.204092,38.447439],[-119.203553,38.44705],[-119.20349,38.447006],[-119.203404,38.446945],[-119.202847,38.446555],[-119.198093,38.443223],[-119.198053,38.443224],[-119.195418,38.441404],[-119.18552,38.434557],[-119.183657,38.433268],[-119.18181,38.431969],[-119.176107,38.427961],[-119.164551,38.419834],[-119.161495,38.41768],[-119.161351,38.417583],[-119.161087,38.417397],[-119.160956,38.417306],[-119.160402,38.416915],[-119.160206,38.41677],[-119.157327,38.41475],[-119.155907,38.413753],[-119.155564,38.413763],[-119.152264,38.411468],[-119.141551,38.404008],[-119.141537,38.403998],[-119.128199,38.394713],[-119.1281,38.394644],[-119.127878,38.394489],[-119.127421,38.394171],[-119.126717,38.393681],[-119.126678,38.393654],[-119.125982,38.39317],[-119.124487,38.391901],[-119.124282,38.391727],[-119.100246,38.374916],[-119.097159,38.372851],[-119.0968,38.372578],[-119.088114,38.366005],[-119.082438,38.361332],[-119.082358,38.361267],[-119.074268,38.355685],[-119.074222,38.355653],[-119.067278,38.350871],[-119.057199,38.343914],[-119.04349,38.33445],[-119.031743,38.326331],[-119.031721,38.326316],[-119.031706,38.326306],[-119.0306,38.325541],[-119.030459,38.325444],[-119.03035,38.325369],[-119.03034,38.325362],[-119.030327,38.325353],[-119.030299,38.325334],[-119.029972,38.325108],[-119.029872,38.325039],[-119.029813,38.324998],[-119.029783,38.324978],[-119.029767,38.324962],[-119.029757,38.324951],[-119.029601,38.324788],[-119.029427,38.324605],[-119.028752,38.324041],[-119.028691,38.324047],[-119.028271,38.323736],[-119.028156,38.323651],[-119.028069,38.323587],[-119.013689,38.312972],[-119.011901,38.311652],[-119.011215,38.311146],[-119.011142,38.311092],[-119.011089,38.311053],[-119.011077,38.311044],[-119.010712,38.310775],[-119.005462,38.3069],[-119.005296,38.30678],[-119.000975,38.303675],[-118.94971,38.268965],[-118.949673,38.26894],[-118.949356,38.268718],[-118.94918,38.268595],[-118.945339,38.265904],[-118.945024,38.265683],[-118.944979,38.265652],[-118.944968,38.265644],[-118.93302,38.257273],[-118.922518,38.249919],[-118.915214,38.244651],[-118.910346,38.241142],[-118.901297,38.234662],[-118.901014,38.234459],[-118.895501,38.230512],[-118.890629,38.227025],[-118.890157,38.226687],[-118.890148,38.22668],[-118.890134,38.22667],[-118.890118,38.226659],[-118.890044,38.226606],[-118.88809,38.225207],[-118.887932,38.225094],[-118.875873,38.216456],[-118.862017,38.206859],[-118.86045,38.205773],[-118.859294,38.204957],[-118.859084,38.204809],[-118.858963,38.204722],[-118.856435,38.202905],[-118.856312,38.202817],[-118.856132,38.202687],[-118.854824,38.201746],[-118.854649,38.20162],[-118.836921,38.188853],[-118.83626,38.188377],[-118.836014,38.1882],[-118.835336,38.187711],[-118.816022,38.173802],[-118.815812,38.173651],[-118.797714,38.160617],[-118.797624,38.160551],[-118.791032,38.155773],[-118.784441,38.150995],[-118.783178,38.15008],[-118.782319,38.149457],[-118.782276,38.149426],[-118.782254,38.14941],[-118.782244,38.149403],[-118.782187,38.149362],[-118.782011,38.149234],[-118.781915,38.149164],[-118.781838,38.149108],[-118.781045,38.148532],[-118.777551,38.145996],[-118.777363,38.14586],[-118.771867,38.141871],[-118.771822,38.141841],[-118.752225,38.128773],[-118.746598,38.124926],[-118.743988,38.123085],[-118.741378,38.121244],[-118.739216,38.119721],[-118.737053,38.118198],[-118.734192,38.116178],[-118.731332,38.114157],[-118.730801,38.113783],[-118.73031,38.113436],[-118.729819,38.11309],[-118.72318,38.10842],[-118.716541,38.10375],[-118.716523,38.103737],[-118.715372,38.102928],[-118.714257,38.102144],[-118.714201,38.102105],[-118.711962,38.100475],[-118.711759,38.100327],[-118.68636,38.081835],[-118.685938,38.081565],[-118.668197,38.068594],[-118.666217,38.067146],[-118.664237,38.065699],[-118.652355,38.057019],[-118.648324,38.054079],[-118.648304,38.054064],[-118.648223,38.054005],[-118.648194,38.053984],[-118.64814,38.053945],[-118.647914,38.05378],[-118.647472,38.053457],[-118.645092,38.05172],[-118.645081,38.051712],[-118.640929,38.04868],[-118.636432,38.045396],[-118.625963,38.03774],[-118.621676,38.034438],[-118.575339,38.002277],[-118.575175,38.002163],[-118.575123,38.002127],[-118.57511,38.002118],[-118.575101,38.002112],[-118.575078,38.002096],[-118.575068,38.002089],[-118.575003,38.002044],[-118.573934,38.001302],[-118.571958,37.99993],[-118.554727,37.987572],[-118.554104,37.987125],[-118.553481,37.986678],[-118.550118,37.984266],[-118.546755,37.981854],[-118.546091,37.981379],[-118.544914,37.980537],[-118.543073,37.97922],[-118.541494,37.97809],[-118.539916,37.976961],[-118.536849,37.974763],[-118.533782,37.972565],[-118.532094,37.971356],[-118.530418,37.97016],[-118.530407,37.970147],[-118.527736,37.968232],[-118.525065,37.966318],[-118.522327,37.964341],[-118.522283,37.964309],[-118.522235,37.964274],[-118.517223,37.960654],[-118.517184,37.960626],[-118.516301,37.959874],[-118.500964,37.949023],[-118.496043,37.945146],[-118.495588,37.944819],[-118.492573,37.942651],[-118.48906,37.940119],[-118.486821,37.938505],[-118.486418,37.938215],[-118.482203,37.935174],[-118.482186,37.935162],[-118.482171,37.935151],[-118.482159,37.935142],[-118.482145,37.935132],[-118.475406,37.93027],[-118.473681,37.929033],[-118.473595,37.928971],[-118.47074,37.926925],[-118.4621,37.920695],[-118.461969,37.920604],[-118.461838,37.920512],[-118.46158,37.920332],[-118.461333,37.920162],[-118.461322,37.920152],[-118.45206,37.913453],[-118.452049,37.913445],[-118.45203,37.913431],[-118.45198,37.913395],[-118.451923,37.913354],[-118.451714,37.913203],[-118.450654,37.912437],[-118.444066,37.907691],[-118.439126,37.904133],[-118.437263,37.902776],[-118.435178,37.901289],[-118.433929,37.900391],[-118.428144,37.89622],[-118.406571,37.880678],[-118.406534,37.880651],[-118.404002,37.878778],[-118.403866,37.878682],[-118.398531,37.874883],[-118.380195,37.86172],[-118.377525,37.859803],[-118.375936,37.858663],[-118.372572,37.856012],[-118.366868,37.851912],[-118.361161,37.84781],[-118.359163,37.846376],[-118.357165,37.844941],[-118.353878,37.842578],[-118.35059,37.840216],[-118.344572,37.835889],[-118.338547,37.831562],[-118.334578,37.82871],[-118.332204,37.827005],[-118.32861,37.824423],[-118.327656,37.823739],[-118.318569,37.817258],[-118.313684,37.813743],[-118.313354,37.813506],[-118.313089,37.813315],[-118.310375,37.811362],[-118.310349,37.811343],[-118.31,37.811092],[-118.301589,37.80504],[-118.296738,37.801553],[-118.296509,37.801389],[-118.296305,37.801243],[-118.295717,37.800812],[-118.295389,37.800583],[-118.290501,37.797068],[-118.289292,37.796198],[-118.285061,37.793156],[-118.284777,37.792953],[-118.28395,37.792358],[-118.278814,37.788663],[-118.278607,37.788514],[-118.278099,37.788148],[-118.278084,37.788137],[-118.278068,37.788126],[-118.278051,37.788114],[-118.278035,37.788102],[-118.278004,37.78808],[-118.274528,37.785578],[-118.273625,37.784928],[-118.273399,37.784765],[-118.271219,37.783196],[-118.271212,37.783181],[-118.271166,37.78316],[-118.269766,37.782152],[-118.262635,37.777021],[-118.259887,37.775045],[-118.257139,37.773069],[-118.256823,37.772842],[-118.256507,37.772615],[-118.253581,37.770512],[-118.251756,37.769198],[-118.250956,37.768622],[-118.248203,37.766574],[-118.244972,37.76417],[-118.244765,37.764019],[-118.244709,37.76398],[-118.244693,37.763969],[-118.244681,37.76396],[-118.244642,37.763931],[-118.244098,37.763537],[-118.243491,37.763096],[-118.243212,37.762883],[-118.243004,37.762743],[-118.242955,37.762707],[-118.242686,37.762512],[-118.242372,37.762284],[-118.241897,37.761939],[-118.239546,37.760233],[-118.239227,37.760002],[-118.238031,37.759134],[-118.233762,37.756037],[-118.233692,37.755987],[-118.233452,37.755813],[-118.232825,37.755358],[-118.232638,37.755222],[-118.229828,37.753183],[-118.229785,37.75315],[-118.229718,37.753085],[-118.229687,37.753056],[-118.22964,37.753012],[-118.225439,37.749993],[-118.21361,37.741565],[-118.213507,37.741491],[-118.211262,37.739866],[-118.208628,37.737956],[-118.201177,37.732558],[-118.201078,37.732486],[-118.193225,37.726766],[-118.192478,37.726223],[-118.192155,37.725989],[-118.191719,37.725689],[-118.191708,37.725681],[-118.191344,37.725402],[-118.189427,37.72403],[-118.189398,37.724009],[-118.187917,37.72292],[-118.186619,37.721981],[-118.185407,37.721103],[-118.185344,37.721058],[-118.185206,37.720957],[-118.184698,37.720547],[-118.184494,37.7204],[-118.183162,37.719436],[-118.18242,37.718899],[-118.180345,37.717398],[-118.18016,37.717445],[-118.179081,37.716578],[-118.177906,37.715635],[-118.177844,37.715622],[-118.177714,37.715568],[-118.177478,37.715489],[-118.175788,37.714188],[-118.173939,37.712766],[-118.173754,37.71263],[-118.167913,37.708406],[-118.165784,37.706867],[-118.164056,37.705618],[-118.164031,37.7056],[-118.16402,37.705592],[-118.163011,37.704863],[-118.162902,37.704784],[-118.162375,37.704403],[-118.161291,37.703619],[-118.161167,37.703531],[-118.160543,37.703079],[-118.159985,37.702675],[-118.159493,37.702319],[-118.157663,37.700994],[-118.157105,37.70059],[-118.153977,37.698329],[-118.151391,37.696459],[-118.150848,37.696076],[-118.150733,37.695983],[-118.138247,37.686981],[-118.137917,37.686741],[-118.134545,37.684296],[-118.133555,37.683543],[-118.131302,37.681943],[-118.13117,37.681849],[-118.130672,37.681487],[-118.130179,37.68114],[-118.130173,37.681125],[-118.130141,37.681102],[-118.12939,37.680555],[-118.129378,37.680547],[-118.129356,37.680531],[-118.128271,37.679744],[-118.125849,37.677986],[-118.123467,37.676269],[-118.123442,37.676251],[-118.119592,37.673477],[-118.113499,37.669081],[-118.107407,37.664687],[-118.10725,37.664574],[-118.101943,37.660752],[-118.101879,37.660706],[-118.101046,37.660109],[-118.099183,37.658766],[-118.097317,37.657422],[-118.097278,37.657394],[-118.089429,37.651743],[-118.089348,37.651686],[-118.083689,37.64761],[-118.083548,37.647508],[-118.083216,37.647269],[-118.083191,37.647251],[-118.082223,37.646554],[-118.082178,37.64652],[-118.080722,37.645472],[-118.076851,37.642684],[-118.074575,37.641047],[-118.073516,37.640285],[-118.072457,37.639523],[-118.072213,37.639347],[-118.072024,37.639211],[-118.07199,37.639186],[-118.070836,37.638356],[-118.06974,37.637565],[-118.069205,37.63718],[-118.068092,37.636379],[-118.067823,37.636187],[-118.067243,37.635769],[-118.066896,37.635519],[-118.066805,37.635453],[-118.064883,37.634069],[-118.063714,37.633227],[-118.063115,37.632796],[-118.059925,37.630499],[-118.05886,37.629732],[-118.058789,37.629681],[-118.054943,37.626913],[-118.054721,37.626753],[-118.05461,37.626673],[-118.054308,37.626456],[-118.054254,37.626417],[-118.053248,37.625693],[-118.052189,37.62493],[-118.051598,37.624474],[-118.051358,37.62429],[-118.051347,37.624282],[-118.051006,37.624021],[-118.050119,37.623337],[-118.049719,37.62303],[-118.048408,37.622005],[-118.047099,37.620981],[-118.045752,37.619928],[-118.044424,37.61887],[-118.044415,37.618863],[-118.044164,37.618686],[-118.043925,37.618501],[-118.041903,37.616919],[-118.041332,37.616473],[-118.040332,37.615691],[-118.040302,37.615667],[-118.040264,37.615636],[-118.040218,37.615599],[-118.039963,37.615389],[-118.039912,37.615347],[-118.039894,37.615332],[-118.037481,37.613538],[-118.034762,37.611577],[-118.03324,37.610479],[-118.033112,37.610387],[-118.032656,37.610058],[-118.032041,37.609614],[-118.031897,37.60951],[-118.0286,37.607124],[-118.028037,37.606716],[-118.02455,37.604194],[-118.024512,37.604165],[-118.024045,37.603809],[-118.023652,37.603543],[-118.023286,37.603276],[-118.019533,37.600561],[-118.019522,37.600553],[-118.019508,37.600542],[-118.019487,37.600527],[-118.019466,37.600512],[-118.019409,37.600471],[-118.0192,37.60032],[-118.016265,37.598196],[-118.015126,37.59737],[-118.014192,37.596697],[-118.013262,37.596022],[-118.012466,37.595446],[-118.01242,37.595412],[-118.010417,37.593963],[-118.009875,37.593571],[-118.009331,37.593179],[-118.009082,37.592997],[-118.008829,37.592815],[-118.008108,37.592292],[-118.007388,37.59177],[-118.00733,37.591731],[-118.004272,37.589649],[-118.001158,37.587529],[-118.000962,37.587396],[-118.000099,37.586776],[-117.997967,37.585242],[-117.995837,37.583709],[-117.995572,37.583518],[-117.992672,37.581272],[-117.992655,37.581259],[-117.991758,37.580564],[-117.99172,37.580535],[-117.991614,37.580454],[-117.98899,37.57852],[-117.987908,37.577723],[-117.986954,37.57702],[-117.986827,37.576933],[-117.983391,37.574616],[-117.98311,37.574435],[-117.983035,37.574387],[-117.979542,37.572141],[-117.976643,37.569949],[-117.975955,37.569429],[-117.975776,37.569293],[-117.975439,37.569039],[-117.942725,37.544386],[-117.942666,37.544342],[-117.937025,37.540077],[-117.935976,37.539313],[-117.931446,37.536],[-117.923791,37.530259],[-117.919702,37.527193],[-117.915611,37.524125],[-117.913501,37.522541],[-117.913304,37.522393],[-117.913106,37.522245],[-117.908041,37.518406],[-117.904625,37.515836],[-117.878323,37.498764],[-117.875927,37.497267],[-117.871407,37.493884],[-117.866828,37.490456],[-117.866811,37.490445],[-117.866504,37.490214],[-117.866144,37.489946],[-117.858695,37.484369],[-117.858241,37.484029],[-117.856198,37.482499],[-117.852708,37.479887],[-117.852696,37.479878],[-117.852675,37.479862],[-117.851301,37.478834],[-117.846251,37.475054],[-117.846229,37.475037],[-117.846194,37.47501],[-117.844003,37.473371],[-117.843989,37.473361],[-117.843725,37.473163],[-117.839157,37.469742],[-117.838513,37.469261],[-117.83846,37.469222],[-117.837499,37.468503],[-117.832726,37.464929],[-117.83149,37.464004],[-117.831475,37.463993],[-117.827575,37.461075],[-117.827533,37.461044],[-117.827217,37.460807],[-117.823332,37.457898],[-117.821989,37.456893],[-117.816764,37.452982],[-117.814635,37.451387],[-117.808475,37.446776],[-117.805781,37.44476],[-117.803147,37.442788],[-117.802326,37.442174],[-117.802223,37.442097],[-117.800218,37.440596],[-117.800193,37.440577],[-117.80017,37.440559],[-117.799961,37.440403],[-117.799679,37.440192],[-117.799443,37.440015],[-117.795628,37.437151],[-117.795015,37.436691],[-117.787908,37.431356],[-117.786929,37.430621],[-117.77613,37.422518],[-117.77554,37.422074],[-117.774949,37.421631],[-117.774116,37.421004],[-117.773279,37.420377],[-117.77091,37.418598],[-117.770318,37.418153],[-117.770181,37.41805],[-117.770149,37.418026],[-117.770131,37.418013],[-117.770111,37.417997],[-117.768546,37.41682],[-117.767824,37.41628],[-117.766658,37.415405],[-117.766282,37.415123],[-117.764771,37.41399],[-117.760311,37.410642],[-117.755851,37.407294],[-117.754614,37.406366],[-117.753377,37.405437],[-117.753329,37.405401],[-117.75305,37.405192],[-117.752207,37.40457],[-117.752197,37.404551],[-117.750927,37.403598],[-117.748548,37.402002],[-117.748483,37.401953],[-117.739919,37.395569],[-117.739208,37.395039],[-117.739125,37.394977],[-117.739116,37.39497],[-117.739075,37.394939],[-117.738968,37.394859],[-117.738954,37.394849],[-117.738851,37.394772],[-117.734249,37.391339],[-117.731368,37.389193],[-117.729413,37.387735],[-117.728485,37.387042],[-117.725625,37.384911],[-117.721968,37.382181],[-117.719901,37.380644],[-117.716333,37.377987],[-117.713843,37.376127],[-117.713466,37.375845],[-117.713073,37.375552],[-117.712804,37.375319],[-117.712358,37.374931],[-117.709139,37.372748],[-117.70592,37.370564],[-117.704284,37.369455],[-117.702651,37.368344],[-117.702461,37.368217],[-117.702271,37.36809],[-117.698373,37.365446],[-117.694475,37.362802],[-117.69403,37.3625],[-117.693585,37.362199],[-117.69195,37.36109],[-117.690315,37.359981],[-117.685462,37.35669],[-117.68061,37.353399],[-117.680522,37.353334],[-117.680464,37.35329],[-117.680454,37.353283],[-117.680241,37.353124],[-117.680096,37.353015],[-117.672638,37.347451],[-117.672578,37.347406],[-117.671885,37.34689],[-117.669865,37.345374],[-117.669834,37.345351],[-117.669818,37.345339],[-117.669617,37.345188],[-117.669528,37.34512],[-117.65341,37.332934],[-117.647342,37.32833],[-117.634468,37.318526],[-117.625914,37.312062],[-117.625457,37.31179],[-117.610925,37.300945],[-117.609316,37.299744],[-117.606373,37.297548],[-117.581418,37.278936],[-117.566097,37.267983],[-117.552035,37.257929],[-117.551888,37.257829],[-117.551878,37.257816],[-117.551209,37.257338],[-117.544576,37.252572],[-117.540885,37.249931],[-117.536752,37.246632],[-117.53415,37.244714],[-117.534076,37.244659],[-117.527244,37.239622],[-117.512766,37.229002],[-117.506173,37.224155],[-117.500909,37.220282],[-117.500117,37.22038],[-117.498812,37.219399],[-117.496739,37.217841],[-117.496656,37.217778],[-117.49658,37.217721],[-117.496563,37.217708],[-117.496533,37.217685],[-117.478996,37.204503],[-117.476552,37.202666],[-117.4757,37.202025],[-117.474517,37.201136],[-117.474295,37.200969],[-117.460736,37.190776],[-117.454651,37.186202],[-117.448638,37.181682],[-117.444455,37.178526],[-117.43151,37.16876],[-117.417543,37.158223],[-117.405485,37.149184],[-117.386399,37.134748],[-117.375905,37.126843],[-117.373451,37.124932],[-117.372462,37.124512],[-117.371219,37.123614],[-117.357894,37.113642],[-117.343983,37.103232],[-117.322727,37.087326],[-117.31883,37.084409],[-117.307916,37.076243],[-117.286457,37.060185],[-117.286036,37.059869],[-117.280762,37.055923],[-117.266297,37.045098],[-117.266046,37.04491],[-117.250903,37.03451],[-117.250903,37.034618],[-117.244917,37.030244],[-117.240435,37.02687],[-117.226619,37.016464],[-117.205027,37.000202],[-117.204655,36.999922],[-117.204346,36.999694],[-117.202789,36.998547],[-117.201899,36.997893],[-117.201186,36.997368],[-117.200763,36.997057],[-117.200534,36.996889],[-117.199284,36.995969],[-117.197603,36.994731],[-117.19657,36.993971],[-117.196426,36.993865],[-117.196391,36.993839],[-117.196363,36.993819],[-117.19631,36.99378],[-117.195982,36.993539],[-117.194894,36.992738],[-117.194639,36.99255],[-117.192232,36.990778],[-117.191309,36.990099],[-117.191154,36.989985],[-117.191138,36.989973],[-117.19105,36.989909],[-117.190913,36.989808],[-117.190606,36.989582],[-117.187476,36.987278],[-117.186479,36.98654],[-117.184948,36.985407],[-117.182891,36.983882],[-117.173134,36.976514],[-117.16955,36.973806],[-117.169537,36.973796],[-117.169495,36.973764],[-117.169474,36.973748],[-117.169436,36.97372],[-117.169002,36.973392],[-117.166001,36.971111],[-117.151197,36.959868],[-117.144561,36.955021],[-117.144198,36.954756],[-117.13757,36.949929],[-117.133666,36.947004],[-117.133132,36.946604],[-117.131975,36.945777],[-117.131592,36.945488],[-117.128994,36.943526],[-117.128701,36.943304],[-117.125899,36.941186],[-117.120101,36.936762],[-117.110822,36.929678],[-117.105644,36.925752],[-117.100143,36.921581],[-117.098581,36.920397],[-117.09838,36.920245],[-117.0947,36.917455],[-117.0866,36.911314],[-117.068336,36.897568],[-117.064482,36.894681],[-117.056829,36.888989],[-117.037976,36.874943],[-117.025269,36.865662],[-117.024158,36.86485],[-117.0129,36.856349],[-117.006443,36.851545],[-117.004011,36.849735],[-117.000895,36.847694],[-116.999427,36.846585],[-116.999322,36.846506],[-116.99908,36.846323],[-116.999048,36.846299],[-116.998882,36.846174],[-116.998626,36.84598],[-116.998614,36.845971],[-116.998536,36.845912],[-116.998475,36.845866],[-116.995161,36.843359],[-116.994836,36.843113],[-116.987832,36.83783],[-116.987239,36.837383],[-116.987068,36.837254],[-116.975362,36.828415],[-116.975348,36.828404],[-116.975201,36.828293],[-116.968407,36.823163],[-116.958747,36.815869],[-116.958533,36.815707],[-116.957877,36.815213],[-116.953384,36.811821],[-116.952985,36.81152],[-116.95071,36.809802],[-116.950518,36.809657],[-116.95042,36.809583],[-116.950348,36.809529],[-116.950287,36.809483],[-116.95026,36.809462],[-116.950243,36.809449],[-116.950182,36.809403],[-116.950117,36.809354],[-116.942454,36.803567],[-116.929999,36.794162],[-116.929952,36.794126],[-116.929241,36.793591],[-116.927908,36.792588],[-116.89402,36.766998],[-116.889365,36.763482],[-116.880674,36.75692],[-116.875893,36.753308],[-116.874254,36.752081],[-116.873732,36.751685],[-116.872324,36.750616],[-116.8723,36.750597],[-116.872287,36.750587],[-116.872268,36.750573],[-116.872214,36.750532],[-116.872108,36.750452],[-116.871442,36.749947],[-116.866285,36.746031],[-116.863874,36.7442],[-116.858237,36.739919],[-116.856646,36.738711],[-116.849245,36.733091],[-116.848166,36.732264],[-116.847333,36.731632],[-116.846219,36.730784],[-116.845285,36.730074],[-116.845162,36.72998],[-116.845049,36.729894],[-116.843472,36.728698],[-116.84287,36.72824],[-116.838155,36.724657],[-116.83755,36.724198],[-116.837522,36.724177],[-116.837318,36.724022],[-116.836628,36.723498],[-116.830283,36.718676],[-116.82625,36.715612],[-116.82125,36.711812],[-116.820223,36.711033],[-116.818824,36.709973],[-116.811886,36.7047],[-116.81154,36.704437],[-116.797826,36.694015],[-116.792503,36.689969],[-116.791488,36.689198],[-116.787009,36.685796],[-116.786859,36.685682],[-116.786102,36.685105],[-116.77494,36.676624],[-116.762929,36.667498],[-116.761005,36.666036],[-116.760759,36.665849],[-116.760698,36.665803],[-116.760469,36.665629],[-116.760428,36.665598],[-116.7604,36.665576],[-116.760391,36.665569],[-116.76035,36.665538],[-116.75908,36.664573],[-116.753159,36.660074],[-116.753148,36.660066],[-116.750926,36.658377],[-116.730232,36.642683],[-116.727732,36.640798],[-116.718507,36.633797],[-116.711943,36.628822],[-116.710248,36.627535],[-116.706833,36.624947],[-116.706282,36.624527],[-116.691917,36.613635],[-116.689629,36.611901],[-116.678291,36.603306],[-116.661668,36.590706],[-116.658243,36.588109],[-116.657349,36.587438],[-116.656883,36.587088],[-116.625941,36.563618],[-116.618206,36.557752],[-116.614585,36.555005],[-116.607991,36.550004],[-116.596566,36.541339],[-116.595297,36.540376],[-116.595151,36.540266],[-116.593966,36.539367],[-116.59043,36.536687],[-116.585487,36.532942],[-116.560967,36.514346],[-116.559748,36.513422],[-116.544647,36.501971],[-116.543618,36.501191],[-116.541983,36.499952],[-116.534534,36.494173],[-116.529897,36.490581],[-116.529694,36.490425],[-116.523202,36.48542],[-116.523071,36.485319],[-116.523054,36.485306],[-116.522977,36.485247],[-116.522816,36.485123],[-116.522728,36.485055],[-116.522703,36.485036],[-116.52266,36.485003],[-116.522648,36.484993],[-116.522639,36.484986],[-116.522599,36.484955],[-116.522577,36.484938],[-116.522567,36.484931],[-116.519867,36.482853],[-116.500882,36.468223],[-116.488431,36.45924],[-116.488402,36.459219],[-116.488233,36.459097],[-116.473496,36.447605],[-116.472579,36.446869],[-116.472136,36.446558],[-116.445229,36.425523],[-116.445201,36.425501],[-116.442358,36.423289],[-116.439642,36.421176],[-116.422299,36.407682],[-116.419235,36.405294],[-116.41871,36.404885],[-116.418562,36.404769],[-116.418521,36.404737],[-116.417184,36.403695],[-116.416865,36.403446],[-116.415044,36.402022],[-116.415006,36.401992],[-116.41175,36.399441],[-116.404643,36.393912],[-116.404615,36.39389],[-116.380347,36.374961],[-116.377821,36.373699],[-116.3759,36.372583],[-116.375878,36.372564],[-116.375425,36.372176],[-116.375402,36.372156],[-116.375305,36.372073],[-116.375277,36.372049],[-116.375258,36.372033],[-116.375189,36.371974],[-116.375012,36.371822],[-116.374361,36.371264],[-116.373909,36.370876],[-116.372799,36.369924],[-116.371221,36.368714],[-116.368935,36.366972],[-116.365645,36.364464],[-116.355068,36.356414],[-116.355034,36.356388],[-116.350014,36.35255],[-116.349991,36.352532],[-116.34931,36.352013],[-116.349217,36.351942],[-116.349179,36.351913],[-116.349156,36.351895],[-116.349017,36.351789],[-116.345579,36.349166],[-116.34297,36.347175],[-116.33596,36.341833],[-116.33551,36.341483],[-116.327804,36.335606],[-116.326918,36.334944],[-116.321138,36.330532],[-116.320858,36.330318],[-116.261828,36.285331],[-116.261692,36.285227],[-116.250818,36.276939],[-116.250809,36.276932],[-116.250781,36.276911],[-116.249986,36.27629],[-116.249975,36.276282],[-116.2499,36.276223],[-116.249662,36.276037],[-116.245838,36.273051],[-116.241328,36.269593],[-116.230542,36.261314],[-116.228918,36.260067],[-116.22885,36.260015],[-116.219319,36.252701],[-116.215736,36.249951],[-116.215054,36.249453],[-116.215041,36.249443],[-116.21264,36.247595],[-116.208402,36.244323],[-116.204986,36.241686],[-116.204465,36.241284],[-116.204329,36.241179],[-116.204289,36.241148],[-116.204249,36.241117],[-116.204238,36.241109],[-116.204226,36.2411],[-116.204212,36.241089],[-116.203818,36.240785],[-116.203225,36.240327],[-116.202685,36.23991],[-116.198993,36.23706],[-116.197267,36.235728],[-116.194986,36.233967],[-116.194094,36.233278],[-116.194083,36.23327],[-116.19404,36.233236],[-116.193737,36.233002],[-116.19123,36.231067],[-116.191145,36.231001],[-116.189653,36.229846],[-116.183884,36.225393],[-116.176469,36.21967],[-116.169054,36.213947],[-116.168726,36.213694],[-116.1637,36.209819],[-116.159376,36.206485],[-116.159301,36.206427],[-116.159284,36.206414],[-116.158345,36.20569],[-116.155787,36.203718],[-116.155361,36.20339],[-116.155326,36.203363],[-116.155287,36.203333],[-116.15517,36.203243],[-116.15446,36.202696],[-116.153996,36.202338],[-116.148596,36.198176],[-116.14848,36.198086],[-116.146359,36.196451],[-116.145652,36.195906],[-116.134064,36.186974],[-116.130122,36.183935],[-116.129137,36.183176],[-116.129123,36.183168],[-116.125888,36.180664],[-116.125253,36.180156],[-116.123977,36.179134],[-116.122009,36.177628],[-116.115614,36.172651],[-116.115608,36.172636],[-116.110275,36.168495],[-116.108531,36.167138],[-116.105191,36.164545],[-116.098669,36.159473],[-116.097216,36.158346],[-116.09466,36.156601],[-116.094166,36.156263],[-116.093601,36.155805],[-116.093133,36.155374],[-116.093099,36.155349],[-116.092575,36.154945],[-116.090952,36.153688],[-116.089308,36.152415],[-116.089294,36.152404],[-116.088682,36.151932],[-116.088413,36.151724],[-116.087343,36.150897],[-116.084558,36.148741],[-116.084385,36.148607],[-116.08422,36.148479],[-116.083454,36.147886],[-116.083013,36.147545],[-116.082941,36.147489],[-116.082914,36.147469],[-116.082905,36.147462],[-116.082843,36.147414],[-116.082553,36.14719],[-116.081118,36.14608],[-116.08072,36.145771],[-116.080707,36.145761],[-116.080694,36.145751],[-116.080426,36.145543],[-116.079692,36.144974],[-116.079644,36.144937],[-116.076196,36.142271],[-116.075889,36.142033],[-116.072785,36.139633],[-116.072772,36.139623],[-116.072576,36.139471],[-116.071853,36.138912],[-116.071624,36.138735],[-116.0716,36.138716],[-116.07155,36.138678],[-116.071211,36.138416],[-116.070698,36.138019],[-116.069437,36.137043],[-116.0683,36.136164],[-116.068171,36.136064],[-116.068061,36.135979],[-116.068023,36.13595],[-116.067922,36.135872],[-116.066224,36.134559],[-116.065856,36.134274],[-116.063859,36.13273],[-116.046739,36.119441],[-116.041313,36.115233],[-116.037788,36.112498],[-116.036985,36.111874],[-116.035692,36.11087],[-116.031762,36.107846],[-116.029482,36.106088],[-116.023238,36.101273],[-116.015577,36.095365],[-116.012223,36.092778],[-116.012163,36.092732],[-116.012118,36.092697],[-116.012091,36.092676],[-116.012074,36.092663],[-116.012061,36.092653],[-116.010091,36.091133],[-116.009481,36.090663],[-116.005785,36.087813],[-116.005666,36.087721],[-116.005575,36.087651],[-116.00555,36.087632],[-116.00552,36.087609],[-116.005398,36.087515],[-116.004892,36.087124],[-116.000655,36.083857],[-115.9953,36.079477],[-115.993107,36.077771],[-115.988967,36.074551],[-115.988844,36.074457],[-115.988045,36.073842],[-115.985436,36.071805],[-115.978832,36.066669],[-115.974959,36.063656],[-115.96643,36.057024],[-115.962489,36.05396],[-115.95761,36.050165],[-115.951759,36.045614],[-115.948798,36.043311],[-115.948002,36.042692],[-115.947521,36.042318],[-115.947505,36.042306],[-115.94747,36.042278],[-115.947447,36.04226],[-115.947435,36.042251],[-115.946725,36.041698],[-115.944593,36.040041],[-115.943171,36.038935],[-115.941445,36.037592],[-115.940008,36.036482],[-115.93962,36.036182],[-115.939507,36.036095],[-115.939472,36.036068],[-115.939461,36.036059],[-115.939056,36.035746],[-115.93739,36.034459],[-115.936569,36.03382],[-115.929943,36.028659],[-115.926931,36.026313],[-115.924988,36.0248],[-115.92444,36.024373],[-115.924379,36.024325],[-115.924364,36.024313],[-115.924305,36.024267],[-115.924257,36.02423],[-115.924066,36.024081],[-115.92385,36.023913],[-115.923556,36.023684],[-115.921842,36.022349],[-115.921788,36.022307],[-115.92134,36.021958],[-115.918743,36.019936],[-115.918727,36.019923],[-115.918087,36.019446],[-115.913964,36.016369],[-115.913914,36.016329],[-115.912564,36.015324],[-115.912478,36.015285],[-115.912452,36.015267],[-115.912423,36.015246],[-115.912387,36.015221],[-115.912201,36.015071],[-115.911992,36.014902],[-115.911774,36.014733],[-115.911759,36.014721],[-115.90943,36.012917],[-115.908747,36.012377],[-115.908421,36.012144],[-115.907693,36.011574],[-115.906701,36.010798],[-115.904089,36.008777],[-115.903315,36.008191],[-115.901442,36.006722],[-115.900785,36.0062],[-115.90059,36.006045],[-115.899498,36.005197],[-115.898281,36.004268],[-115.898003,36.004051],[-115.897609,36.003744],[-115.897452,36.00363],[-115.896183,36.002648],[-115.895642,36.002218],[-115.895151,36.001832],[-115.895116,36.001804],[-115.894459,36.00129],[-115.894283,36.001152],[-115.894256,36.001131],[-115.893951,36.000892],[-115.893398,36.00047],[-115.89285,36.000051],[-115.891554,35.999057],[-115.891071,35.998672],[-115.891037,35.998645],[-115.890615,35.998323],[-115.890604,35.998315],[-115.890082,35.997917],[-115.888353,35.996585],[-115.887461,35.995892],[-115.884932,35.993946],[-115.884054,35.993268],[-115.883607,35.992924],[-115.88355,35.992863],[-115.881633,35.991397],[-115.873875,35.985391],[-115.873491,35.985099],[-115.872622,35.98443],[-115.870681,35.982921],[-115.869153,35.981728],[-115.865818,35.979137],[-115.857677,35.972803],[-115.854051,35.96998],[-115.845994,35.963707],[-115.845431,35.963269],[-115.835931,35.955871],[-115.834582,35.954817],[-115.834211,35.954529],[-115.826809,35.948763],[-115.826465,35.948496],[-115.797575,35.925992],[-115.78928,35.919524],[-115.789101,35.919248],[-115.784504,35.915799],[-115.779525,35.911914],[-115.775131,35.908455],[-115.761135,35.89743],[-115.758219,35.895161],[-115.755784,35.893268],[-115.755674,35.893183],[-115.742049,35.882581],[-115.709064,35.85687],[-115.707478,35.85558],[-115.702824,35.851941],[-115.702771,35.851899],[-115.695733,35.846481],[-115.695437,35.846258],[-115.695126,35.84601],[-115.694849,35.84576],[-115.694764,35.845639],[-115.694631,35.845426],[-115.694551,35.845335],[-115.694317,35.845162],[-115.693977,35.844892],[-115.693749,35.844671],[-115.693646,35.84458],[-115.693312,35.844347],[-115.69298,35.844094],[-115.69245,35.843658],[-115.692055,35.843365],[-115.690481,35.842149],[-115.68994,35.841708],[-115.689581,35.841437],[-115.689568,35.841431],[-115.689483,35.841388],[-115.689408,35.841279],[-115.689285,35.841157],[-115.688686,35.840685],[-115.688274,35.840373],[-115.687029,35.839444],[-115.686054,35.838693],[-115.686001,35.83865],[-115.685952,35.83861],[-115.685879,35.83855],[-115.685678,35.838407],[-115.683679,35.836842],[-115.683494,35.8367],[-115.68196,35.835523],[-115.681205,35.834923],[-115.680381,35.834267],[-115.680122,35.834064],[-115.678707,35.832956],[-115.677764,35.832229],[-115.673589,35.828964],[-115.671527,35.827327],[-115.67136,35.827195],[-115.671341,35.82718],[-115.670555,35.826572],[-115.670407,35.826457],[-115.669842,35.826023],[-115.668965,35.825349],[-115.667377,35.824105],[-115.667217,35.823984],[-115.666941,35.823776],[-115.665052,35.822273],[-115.663609,35.821141],[-115.663098,35.820753],[-115.662564,35.820332],[-115.662388,35.820193],[-115.662182,35.820038],[-115.661635,35.819627],[-115.66135,35.819399],[-115.660558,35.818765],[-115.659316,35.817771],[-115.659218,35.817697],[-115.658751,35.817342],[-115.65857,35.817203],[-115.658165,35.816892],[-115.658136,35.816872],[-115.657774,35.816631],[-115.6578,35.816565],[-115.657734,35.81654],[-115.657662,35.816479],[-115.657565,35.816415],[-115.657351,35.816236],[-115.657331,35.816219],[-115.657078,35.816035],[-115.656982,35.815959],[-115.656203,35.815342],[-115.656072,35.815238],[-115.655689,35.814935],[-115.655628,35.814887],[-115.655125,35.8145],[-115.654611,35.814104],[-115.654052,35.813669],[-115.652903,35.812775],[-115.652813,35.812702],[-115.652327,35.81231],[-115.651894,35.811972],[-115.651812,35.811908],[-115.650326,35.810746],[-115.650065,35.810537],[-115.649978,35.810468],[-115.649423,35.810034],[-115.649373,35.809995],[-115.649167,35.809827],[-115.648973,35.809668],[-115.648944,35.809644],[-115.648896,35.809605],[-115.648794,35.809522],[-115.648727,35.809474],[-115.648357,35.809211],[-115.648323,35.809189],[-115.647748,35.808785],[-115.646689,35.807997],[-115.646336,35.807735],[-115.64584,35.807348],[-115.64438,35.806205],[-115.637295,35.800657],[-115.635554,35.799293],[-115.628218,35.793547],[-115.626355,35.792088],[-115.626008,35.791815],[-115.621322,35.788145],[-115.621299,35.788126],[-115.621208,35.788055],[-115.620967,35.787865],[-115.610125,35.779365],[-115.601407,35.772533],[-115.601333,35.772474],[-115.59827,35.770071],[-115.593869,35.766618],[-115.591802,35.765001],[-115.591538,35.764795],[-115.591513,35.764774],[-115.589942,35.763532],[-115.588854,35.762675],[-115.587527,35.76163],[-115.584272,35.759069],[-115.574304,35.751246],[-115.572613,35.749918],[-115.557025,35.737675],[-115.549856,35.732036],[-115.54096,35.725038],[-115.528901,35.715552],[-115.525767,35.713085],[-115.525358,35.71276],[-115.524427,35.712029],[-115.521888,35.710031],[-115.517703,35.706736],[-115.514974,35.704585],[-115.514596,35.704288],[-115.510205,35.700829],[-115.507909,35.699021],[-115.506429,35.697855],[-115.498266,35.691423],[-115.485063,35.681016],[-115.484144,35.680292],[-115.483642,35.679897],[-115.482471,35.678977],[-115.481134,35.677927],[-115.472937,35.671487],[-115.470931,35.66991],[-115.462727,35.663464],[-115.462059,35.662939],[-115.458269,35.659962],[-115.454318,35.656857],[-115.450253,35.653663],[-115.447047,35.651144],[-115.444783,35.649365],[-115.44125,35.646589],[-115.439137,35.644929],[-115.43273,35.639895],[-115.429534,35.637384],[-115.424481,35.633413],[-115.420508,35.630292],[-115.418086,35.628389],[-115.408622,35.6209],[-115.407639,35.620121],[-115.407503,35.620013],[-115.405926,35.618766],[-115.405971,35.618579],[-115.405629,35.618478],[-115.405566,35.61846],[-115.404847,35.618018],[-115.404739,35.617901],[-115.404685,35.617842],[-115.404499,35.617639],[-115.404111,35.617333],[-115.40295,35.616415],[-115.402874,35.616355],[-115.402563,35.616109],[-115.401207,35.615038],[-115.397142,35.611825],[-115.396109,35.611009],[-115.395787,35.610755],[-115.395661,35.610655],[-115.395286,35.610356],[-115.395162,35.610257],[-115.394098,35.609422],[-115.391467,35.607319],[-115.391139,35.607057],[-115.391007,35.606942],[-115.390548,35.606546],[-115.389658,35.605915],[-115.389485,35.605778],[-115.388968,35.60537],[-115.388796,35.605234],[-115.388459,35.604968],[-115.386613,35.60351],[-115.38075,35.598879],[-115.380065,35.598338],[-115.377883,35.596614],[-115.376607,35.595607],[-115.375723,35.594909],[-115.372799,35.592566],[-115.372408,35.592252],[-115.372223,35.592111],[-115.371515,35.591572],[-115.371413,35.591494],[-115.37111,35.591263],[-115.371009,35.591186],[-115.370991,35.59117],[-115.37094,35.591125],[-115.370923,35.591111],[-115.370729,35.590959],[-115.370148,35.590504],[-115.369955,35.590353],[-115.369946,35.590346],[-115.369915,35.590322],[-115.369816,35.590233],[-115.369698,35.590128],[-115.369514,35.589977],[-115.369412,35.589894],[-115.369392,35.589877],[-115.369335,35.589829],[-115.369317,35.589813],[-115.369053,35.589596],[-115.368588,35.589276],[-115.366799,35.587866],[-115.365191,35.586598],[-115.361141,35.583404],[-115.359394,35.582027],[-115.356781,35.579967],[-115.352516,35.576604],[-115.346607,35.571944],[-115.342334,35.568576],[-115.336941,35.564323],[-115.336667,35.564107],[-115.334074,35.562063],[-115.330969,35.559614],[-115.329567,35.558509],[-115.328512,35.557671],[-115.325601,35.555358],[-115.32428,35.554307],[-115.323541,35.55372],[-115.321593,35.552172],[-115.320189,35.551053],[-115.314992,35.546912],[-115.311595,35.544204],[-115.309544,35.542569],[-115.307438,35.540891],[-115.307368,35.540835],[-115.305494,35.539343],[-115.303884,35.538062],[-115.283996,35.52222],[-115.283972,35.522201],[-115.282534,35.521105],[-115.279194,35.518572],[-115.276271,35.516354],[-115.275475,35.515752],[-115.271514,35.512748],[-115.271497,35.512734],[-115.271448,35.512694],[-115.271432,35.512681],[-115.271006,35.512354],[-115.270878,35.512256],[-115.26973,35.511375],[-115.269457,35.511166],[-115.269306,35.511048],[-115.267761,35.509838],[-115.267388,35.509546],[-115.266348,35.508731],[-115.265471,35.508044],[-115.264879,35.507581],[-115.261637,35.505042],[-115.261509,35.504942],[-115.25972,35.503541],[-115.258173,35.502287],[-115.257286,35.501568],[-115.256692,35.501086],[-115.25414,35.499018],[-115.249987,35.495651],[-115.24812,35.494138],[-115.247554,35.493679],[-115.246501,35.492842],[-115.246486,35.49283],[-115.245071,35.49171],[-115.243281,35.49029],[-115.242213,35.489444],[-115.241786,35.489105],[-115.2398,35.487508],[-115.237685,35.485807],[-115.233218,35.482214],[-115.232568,35.481691],[-115.230158,35.479753],[-115.229615,35.479316],[-115.229201,35.478981],[-115.226557,35.476842],[-115.226334,35.476661],[-115.225378,35.475889],[-115.225186,35.475732],[-115.224225,35.474956],[-115.22263,35.473668],[-115.220778,35.472145],[-115.219633,35.471204],[-115.21951,35.471103],[-115.218304,35.470153],[-115.215511,35.467954],[-115.214314,35.46701],[-115.212984,35.465963],[-115.212853,35.465859],[-115.209179,35.462945],[-115.204512,35.459244],[-115.204361,35.459125],[-115.203526,35.458462],[-115.197764,35.453896],[-115.195163,35.451836],[-115.194131,35.451019],[-115.193958,35.450882],[-115.193389,35.450432],[-115.190641,35.44826],[-115.184332,35.443273],[-115.180937,35.440584],[-115.180696,35.440393],[-115.177383,35.437769],[-115.176975,35.437446],[-115.175359,35.436162],[-115.169291,35.431339],[-115.167269,35.429732],[-115.166846,35.429398],[-115.166796,35.429358],[-115.165377,35.428239],[-115.164904,35.427867],[-115.162067,35.424983],[-115.161281,35.424184],[-115.161057,35.423958],[-115.160652,35.423632],[-115.159944,35.423065],[-115.157749,35.421303],[-115.151164,35.416019],[-115.14897,35.414258],[-115.148515,35.413893],[-115.147151,35.412798],[-115.146697,35.412434],[-115.143957,35.410234],[-115.142198,35.408822],[-115.13574,35.403637],[-115.133001,35.401438],[-115.129645,35.398742],[-115.124157,35.394335],[-115.119579,35.390654],[-115.116225,35.387958],[-115.113844,35.386044],[-115.112692,35.385118],[-115.106704,35.380301],[-115.104325,35.378387],[-115.103264,35.377534],[-115.100957,35.375681],[-115.100066,35.374998],[-115.099454,35.37453],[-115.098986,35.374172],[-115.098367,35.373694],[-115.097341,35.372904],[-115.09651,35.372263],[-115.095891,35.371787],[-115.094438,35.370758],[-115.093274,35.369934],[-115.092842,35.369628],[-115.09206,35.369074],[-115.089395,35.367186],[-115.089293,35.367114],[-115.089231,35.36707],[-115.08883,35.366786],[-115.087927,35.366147],[-115.087679,35.365971],[-115.087583,35.365903],[-115.086318,35.365007],[-115.085365,35.364332],[-115.085092,35.364144],[-115.084274,35.363581],[-115.084002,35.363394],[-115.080698,35.360626],[-115.076954,35.35749],[-115.070788,35.352324],[-115.067699,35.349736],[-115.067479,35.349564],[-115.062866,35.345952],[-115.057051,35.341399],[-115.053432,35.338565],[-115.051726,35.33723],[-115.04903,35.335119],[-115.047152,35.333649],[-115.045225,35.33214],[-115.044418,35.331508],[-115.044111,35.331268],[-115.043266,35.330606],[-115.040194,35.328199],[-115.039811,35.327899],[-115.03866,35.326997],[-115.038384,35.326781],[-115.035288,35.324355],[-115.032207,35.321941],[-115.025175,35.316431],[-115.021804,35.31379],[-115.015928,35.309182],[-115.01168,35.305852],[-114.994666,35.292511],[-114.990233,35.288836],[-114.984368,35.283975],[-114.982801,35.282732],[-114.981551,35.28174],[-114.971472,35.273747],[-114.968602,35.27147],[-114.959992,35.264639],[-114.957123,35.262362],[-114.95654,35.261899],[-114.954791,35.260512],[-114.954209,35.26005],[-114.952997,35.259088],[-114.949364,35.256204],[-114.948153,35.255243],[-114.948046,35.255158],[-114.947725,35.254903],[-114.947619,35.254819],[-114.946779,35.254153],[-114.943181,35.251294],[-114.936449,35.245946],[-114.931459,35.241981],[-114.92987,35.240719],[-114.925434,35.237194],[-114.925402,35.237168],[-114.92537,35.237143],[-114.925305,35.237097],[-114.925272,35.237075],[-114.924767,35.236674],[-114.924167,35.236197],[-114.923255,35.235472],[-114.922919,35.235205],[-114.922752,35.235072],[-114.920137,35.232994],[-114.917835,35.231166],[-114.915422,35.229248],[-114.913444,35.227677],[-114.912292,35.226762],[-114.909678,35.224685],[-114.90922,35.224321],[-114.909042,35.22418],[-114.907137,35.222665],[-114.906503,35.222161],[-114.905816,35.221615],[-114.905548,35.221402],[-114.905134,35.221073],[-114.90428,35.220394],[-114.90415,35.220291],[-114.904106,35.220256],[-114.90286,35.219265],[-114.901487,35.218174],[-114.897611,35.215094],[-114.895987,35.213803],[-114.895389,35.213328],[-114.893899,35.212103],[-114.88862,35.207763],[-114.887097,35.206511],[-114.885376,35.205096],[-114.87904,35.199888],[-114.874884,35.196471],[-114.874283,35.195977],[-114.863701,35.187278],[-114.862223,35.186063],[-114.860131,35.184343],[-114.853932,35.179247],[-114.853021,35.17864],[-114.852973,35.178608],[-114.852802,35.178494],[-114.850254,35.176568],[-114.850209,35.176534],[-114.84929,35.17584],[-114.846574,35.173783],[-114.840297,35.169031],[-114.838426,35.167615],[-114.835711,35.165559],[-114.832673,35.163128],[-114.827811,35.159237],[-114.827555,35.159031],[-114.826118,35.157882],[-114.824408,35.156513],[-114.823562,35.155835],[-114.820525,35.153405],[-114.81915,35.152304],[-114.81878,35.152013],[-114.815122,35.149135],[-114.813531,35.147856],[-114.811792,35.146458],[-114.811591,35.146296],[-114.81064,35.145531],[-114.807793,35.143242],[-114.807185,35.142753],[-114.806034,35.141827],[-114.805807,35.141644],[-114.805128,35.141098],[-114.804902,35.140916],[-114.804571,35.14065],[-114.803864,35.140082],[-114.801313,35.13803],[-114.797341,35.134927],[-114.792967,35.13138],[-114.791971,35.130572],[-114.791245,35.129984],[-114.788982,35.128151],[-114.788697,35.12792],[-114.787988,35.127342],[-114.787878,35.127253],[-114.785068,35.124973],[-114.784631,35.124619],[-114.783733,35.12389],[-114.780264,35.121175],[-114.779626,35.120675],[-114.776247,35.117944],[-114.773443,35.115678],[-114.773324,35.115581],[-114.773092,35.115393],[-114.772397,35.114832],[-114.772166,35.114645],[-114.77154,35.114139],[-114.769568,35.112544],[-114.765601,35.109337],[-114.761801,35.106212],[-114.759222,35.104091],[-114.756809,35.102106],[-114.749572,35.096154],[-114.749318,35.095945],[-114.747157,35.094174],[-114.747022,35.094063],[-114.746618,35.093732],[-114.746484,35.093622],[-114.74616,35.093357],[-114.74519,35.092562],[-114.744867,35.092297],[-114.744733,35.092187],[-114.743536,35.091206],[-114.739546,35.087934],[-114.738825,35.087343],[-114.738216,35.086844],[-114.737773,35.086481],[-114.736445,35.085392],[-114.736003,35.08503],[-114.735655,35.084745],[-114.734614,35.08389],[-114.734267,35.083606],[-114.733186,35.082719],[-114.731561,35.081386],[-114.729901,35.080116],[-114.729802,35.08004],[-114.728816,35.079236],[-114.72818,35.078717],[-114.726275,35.077162],[-114.72564,35.076644],[-114.725489,35.076521],[-114.725037,35.076152],[-114.724887,35.076029],[-114.722548,35.07412],[-114.717522,35.070016],[-114.715534,35.068394],[-114.714117,35.067237],[-114.713182,35.066503],[-114.712211,35.065741],[-114.711354,35.065068],[-114.70932,35.063428],[-114.70836,35.062654],[-114.708186,35.062514],[-114.707665,35.062094],[-114.707492,35.061954],[-114.706796,35.061393],[-114.703155,35.058456],[-114.702737,35.058119],[-114.695759,35.052491],[-114.693499,35.050619],[-114.690173,35.047931],[-114.68584,35.04443],[-114.685374,35.044054],[-114.683978,35.042926],[-114.683513,35.04255],[-114.683438,35.042489],[-114.682995,35.04213],[-114.681441,35.040874],[-114.680923,35.040456],[-114.680541,35.040147],[-114.680443,35.040068],[-114.679003,35.038904],[-114.678524,35.038517],[-114.677882,35.037993],[-114.675956,35.036421],[-114.675315,35.035897],[-114.674009,35.03483],[-114.670093,35.031629],[-114.668788,35.030562],[-114.668748,35.030529],[-114.667729,35.029696],[-114.664554,35.0271],[-114.663496,35.026235],[-114.663407,35.026162],[-114.662231,35.0252],[-114.658436,35.022098],[-114.657877,35.021641],[-114.657171,35.021064],[-114.656489,35.020507],[-114.654446,35.018836],[-114.654149,35.018593],[-114.653765,35.018279],[-114.653716,35.018239],[-114.651735,35.016633],[-114.645645,35.011699],[-114.643615,35.010055],[-114.64346,35.009929],[-114.643375,35.009861],[-114.642995,35.009553],[-114.642841,35.009428],[-114.64116,35.008066],[-114.63612,35.00398],[-114.63444,35.002618],[-114.63437,35.002562],[-114.63416,35.002394],[-114.634091,35.002338],[-114.63397,35.002241],[-114.633607,35.001953],[-114.633487,35.001857],[-114.633432,35.001773],[-114.632665,34.999806],[-114.631807,34.998632],[-114.631608,34.998124],[-114.630244,34.99464],[-114.629443,34.991825],[-114.629214,34.989037],[-114.629129,34.986132],[-114.629152,34.985873],[-114.629369,34.983433],[-114.629392,34.983171],[-114.629694,34.981704],[-114.629907,34.980791],[-114.630609,34.978689],[-114.630816,34.978065],[-114.630843,34.977987],[-114.632413,34.974586],[-114.633573,34.97158],[-114.634607,34.96906],[-114.634684,34.96874],[-114.634779,34.968345],[-114.634874,34.96795],[-114.634899,34.967848],[-114.63495,34.967439],[-114.635237,34.965149],[-114.635215,34.964595],[-114.635196,34.964122],[-114.635177,34.963648],[-114.635146,34.962853],[-114.635115,34.962058],[-114.635104,34.961771],[-114.634953,34.958918],[-114.634274,34.956662],[-114.634081,34.956264],[-114.632483,34.952964],[-114.631681,34.95131],[-114.629984,34.945413],[-114.629811,34.94481],[-114.62978,34.943501],[-114.629769,34.94304],[-114.629754,34.938881],[-114.629753,34.938684],[-114.630071,34.937477],[-114.630492,34.93588],[-114.630844,34.934626],[-114.631037,34.933941],[-114.631393,34.932923],[-114.631528,34.932538],[-114.631663,34.932152],[-114.632196,34.930628],[-114.632497,34.928983],[-114.632644,34.928177],[-114.632792,34.927371],[-114.632836,34.927137],[-114.632901,34.926739],[-114.633127,34.92537],[-114.633189,34.924993],[-114.633213,34.924843],[-114.633253,34.924608],[-114.633251,34.924331],[-114.633251,34.924206],[-114.63325,34.924118],[-114.633249,34.923868],[-114.633246,34.923442],[-114.633244,34.922854],[-114.633243,34.922517],[-114.633237,34.92123],[-114.633056,34.920555],[-114.633013,34.920394],[-114.63297,34.920233],[-114.632943,34.920135],[-114.63247,34.918368],[-114.631537,34.916153],[-114.630861,34.913202],[-114.630552,34.911852],[-114.630625,34.91082],[-114.63075,34.909047],[-114.630877,34.907263],[-114.63185,34.903942],[-114.631882,34.903868],[-114.632595,34.902241],[-114.633175,34.900917],[-114.63452,34.89785],[-114.634838,34.896914],[-114.635304,34.895546],[-114.635425,34.895192],[-114.635461,34.895041],[-114.635669,34.894184],[-114.636105,34.892388],[-114.636299,34.891361],[-114.636654,34.889481],[-114.636725,34.889107],[-114.636768,34.885705],[-114.636535,34.88414],[-114.636397,34.883213],[-114.636196,34.881863],[-114.635928,34.880058],[-114.635458,34.876902],[-114.635176,34.875003],[-114.635126,34.874871],[-114.634382,34.87289],[-114.63423,34.872557],[-114.633639,34.87126],[-114.633322,34.870566],[-114.633051,34.869971],[-114.632092,34.868505],[-114.631152,34.867069],[-114.630979,34.866805],[-114.630623,34.866356],[-114.630334,34.865993],[-114.628782,34.864328],[-114.627697,34.863261],[-114.626858,34.862436],[-114.626326,34.861861],[-114.625872,34.86137],[-114.624378,34.860102],[-114.624067,34.859865],[-114.623939,34.859738],[-114.621918,34.858237],[-114.620169,34.857067],[-114.619878,34.856873],[-114.618281,34.856062],[-114.617398,34.855614],[-114.616919,34.855371],[-114.614691,34.854395],[-114.613785,34.853999],[-114.613207,34.853724],[-114.612825,34.853541],[-114.61263,34.853448],[-114.611012,34.852675],[-114.609963,34.852131],[-114.609173,34.851721],[-114.609013,34.851655],[-114.607819,34.851156],[-114.607758,34.85113],[-114.605681,34.850251],[-114.604255,34.849573],[-114.604045,34.849449],[-114.60316,34.848927],[-114.603018,34.848843],[-114.602875,34.848759],[-114.602557,34.848572],[-114.60188,34.848141],[-114.600653,34.847361],[-114.598941,34.846219],[-114.598838,34.84615],[-114.598562,34.845945],[-114.597999,34.845525],[-114.595998,34.844035],[-114.595607,34.84374],[-114.594242,34.842711],[-114.593485,34.842091],[-114.592339,34.841153],[-114.591921,34.840757],[-114.590144,34.839071],[-114.588897,34.837833],[-114.587705,34.83665],[-114.586842,34.835672],[-114.5868,34.835602],[-114.586675,34.835392],[-114.586634,34.835322],[-114.58659,34.835247],[-114.586545,34.835173],[-114.585667,34.833698],[-114.584274,34.83135],[-114.583655,34.830171],[-114.583642,34.830147],[-114.583592,34.830052],[-114.583477,34.829906],[-114.582821,34.829068],[-114.582197,34.828188],[-114.581126,34.826115],[-114.580015,34.823784],[-114.578681,34.820977],[-114.57777,34.818672],[-114.57762,34.818292],[-114.57731,34.817498],[-114.577161,34.817117],[-114.577013,34.816736],[-114.576452,34.8153],[-114.576156,34.813954],[-114.575811,34.812381],[-114.575345,34.810171],[-114.574851,34.808121],[-114.574825,34.808014],[-114.574807,34.80794],[-114.574694,34.807471],[-114.574688,34.807396],[-114.574675,34.807211],[-114.574569,34.805746],[-114.574578,34.80496],[-114.574581,34.804674],[-114.574496,34.804309],[-114.574491,34.80429],[-114.574474,34.804214],[-114.574282,34.803726],[-114.573295,34.801222],[-114.572547,34.798851],[-114.571847,34.796343],[-114.571688,34.795955],[-114.57101,34.794294],[-114.570426,34.793315],[-114.56953,34.791814],[-114.569383,34.791568],[-114.567347,34.789115],[-114.566281,34.787704],[-114.566275,34.787695],[-114.565365,34.786261],[-114.565345,34.786229],[-114.565184,34.785976],[-114.565,34.785218],[-114.564931,34.784964],[-114.564859,34.784702],[-114.564747,34.784291],[-114.563979,34.782597],[-114.562947,34.780838],[-114.562919,34.780792],[-114.562675,34.780396],[-114.562375,34.779907],[-114.562103,34.779464],[-114.561831,34.77902],[-114.561749,34.778886],[-114.561542,34.778571],[-114.561246,34.77812],[-114.560658,34.777224],[-114.560049,34.7762],[-114.558653,34.773852],[-114.556607,34.771383],[-114.554795,34.76926],[-114.552682,34.766871],[-114.551383,34.765804],[-114.550089,34.76474],[-114.549196,34.763921],[-114.546884,34.761802],[-114.543649,34.759476],[-114.540306,34.757109],[-114.535921,34.754346],[-114.533843,34.753128],[-114.533627,34.753002],[-114.533411,34.752875],[-114.533202,34.752752],[-114.532994,34.75263],[-114.531924,34.752003],[-114.531483,34.751828],[-114.530355,34.75138],[-114.529615,34.750822],[-114.529568,34.750751],[-114.529079,34.750006],[-114.527795,34.748823],[-114.526804,34.748076],[-114.526638,34.747927],[-114.525611,34.747005],[-114.52384,34.744987],[-114.522619,34.74373],[-114.522501,34.743469],[-114.522072,34.742517],[-114.521048,34.741173],[-114.519876,34.739916],[-114.518238,34.738326],[-114.516619,34.736745],[-114.515837,34.736256],[-114.515695,34.736167],[-114.515605,34.736115],[-114.514178,34.735288],[-114.512093,34.734406],[-114.510292,34.733582],[-114.508323,34.732926],[-114.505984,34.732107],[-114.504701,34.731686],[-114.503361,34.731247],[-114.500795,34.730418],[-114.500091,34.729819],[-114.499838,34.729604],[-114.499007,34.729096],[-114.498127,34.728727],[-114.496886,34.728406],[-114.496774,34.728357],[-114.495858,34.727956],[-114.495289,34.727614],[-114.494588,34.727192],[-114.492789,34.726177],[-114.492388,34.72596],[-114.492017,34.725702],[-114.491401,34.725218],[-114.491201,34.725046],[-114.490971,34.724848],[-114.490891,34.72467],[-114.490746,34.724347],[-114.490599,34.723951],[-114.489346,34.720323],[-114.489287,34.720155],[-114.489164,34.719938],[-114.489046,34.71973],[-114.488928,34.719522],[-114.488808,34.719308],[-114.48876,34.719224],[-114.488627,34.718988],[-114.488525,34.718808],[-114.48844,34.718622],[-114.488224,34.718166],[-114.487777,34.717219],[-114.487769,34.717203],[-114.487731,34.717118],[-114.487694,34.717037],[-114.487508,34.716626],[-114.48656,34.716134],[-114.484762,34.715201],[-114.48293,34.714563],[-114.482779,34.714511],[-114.482358,34.714534],[-114.480668,34.714628],[-114.478704,34.714576],[-114.477297,34.714514],[-114.475929,34.714323],[-114.474962,34.71422],[-114.473682,34.713964],[-114.472597,34.71357],[-114.471965,34.713179],[-114.4719,34.713139],[-114.471835,34.713099],[-114.47162,34.712966],[-114.470985,34.712216],[-114.470477,34.711368],[-114.469685,34.710004],[-114.469128,34.708833],[-114.46862,34.707573],[-114.468374,34.706302],[-114.468317,34.706005],[-114.46813,34.704445],[-114.468217,34.703313],[-114.46809,34.701786],[-114.467894,34.70084],[-114.467591,34.69941],[-114.46752,34.699196],[-114.467161,34.69811],[-114.466994,34.697597],[-114.466741,34.696817],[-114.466487,34.695492],[-114.466174,34.694191],[-114.46591,34.693189],[-114.465607,34.69226],[-114.465246,34.691202],[-114.464767,34.690209],[-114.463808,34.688291],[-114.463633,34.68794],[-114.463398,34.687594],[-114.463091,34.687144],[-114.462785,34.686693],[-114.46265,34.686494],[-114.462514,34.686294],[-114.462178,34.6858],[-114.460078,34.683485],[-114.459377,34.682634],[-114.459134,34.68234],[-114.458892,34.682045],[-114.45875,34.681873],[-114.458608,34.681701],[-114.458163,34.681161],[-114.456503,34.678893],[-114.455536,34.677335],[-114.455346,34.676842],[-114.454881,34.675639],[-114.454823,34.674491],[-114.454869,34.673746],[-114.454895,34.673329],[-114.45491,34.673092],[-114.454803,34.672317],[-114.454738,34.672175],[-114.454305,34.671234],[-114.453016,34.669895],[-114.451532,34.668605],[-114.450877,34.667822],[-114.450506,34.666836],[-114.450614,34.665793],[-114.450631,34.665756],[-114.451014,34.664911],[-114.451208,34.664655],[-114.451785,34.663891],[-114.452071,34.663638],[-114.452262,34.663469],[-114.452454,34.6633],[-114.452986,34.66283],[-114.454549,34.661824],[-114.456345,34.660471],[-114.457185,34.659992],[-114.457702,34.659328],[-114.457748,34.659253],[-114.458093,34.658689],[-114.4582,34.658055],[-114.45821,34.657994],[-114.458182,34.657885],[-114.457985,34.657113],[-114.457028,34.656266],[-114.45531,34.655154],[-114.45407,34.654429],[-114.452547,34.653494],[-114.451014,34.652422],[-114.449549,34.651423],[-114.449267,34.651129],[-114.448836,34.65068],[-114.44871,34.650558],[-114.447636,34.649519],[-114.446679,34.648494],[-114.445664,34.647542],[-114.444276,34.646542],[-114.443242,34.645307],[-114.442363,34.644153],[-114.441927,34.643365],[-114.441858,34.643241],[-114.44179,34.643116],[-114.441724,34.642997],[-114.441658,34.642878],[-114.441465,34.64253],[-114.441007,34.641229],[-114.440519,34.640066],[-114.440511,34.640002],[-114.440294,34.63824],[-114.44046,34.636404],[-114.440685,34.634739],[-114.441095,34.633113],[-114.4415,34.631622],[-114.441525,34.631529],[-114.441523,34.631512],[-114.441502,34.631284],[-114.441481,34.631056],[-114.441398,34.630171],[-114.440813,34.628645],[-114.440696,34.6284],[-114.440579,34.628155],[-114.439934,34.626803],[-114.439495,34.625858],[-114.43928,34.625009],[-114.439227,34.624662],[-114.439197,34.62447],[-114.439174,34.624315],[-114.439022,34.623316],[-114.438951,34.622854],[-114.43887,34.622316],[-114.438739,34.621455],[-114.43803,34.620976],[-114.434762,34.618769],[-114.428648,34.614641],[-114.428545,34.614544],[-114.427273,34.613346],[-114.426001,34.612147],[-114.424202,34.610453],[-114.424249,34.607368],[-114.424255,34.606932],[-114.42428,34.605354],[-114.424311,34.60334],[-114.424326,34.602338],[-114.424928,34.601448],[-114.425076,34.60123],[-114.425224,34.601011],[-114.425338,34.600842],[-114.427502,34.599227],[-114.427622,34.599194],[-114.436363,34.596797],[-114.43681,34.596074],[-114.436733,34.595923],[-114.436466,34.5954],[-114.435671,34.593841],[-114.434386,34.592572],[-114.422382,34.580711],[-114.421989,34.580457],[-114.405946,34.5701],[-114.405228,34.569637],[-114.404708,34.568585],[-114.401391,34.563246],[-114.399461,34.560139],[-114.398847,34.559149],[-114.396912,34.555766],[-114.396618,34.555252],[-114.396324,34.554737],[-114.39612,34.55438],[-114.395916,34.554024],[-114.394892,34.552232],[-114.393868,34.550441],[-114.391956,34.547098],[-114.390045,34.543755],[-114.389603,34.542982],[-114.388956,34.542004],[-114.382229,34.531828],[-114.382108,34.531644],[-114.380838,34.529724],[-114.380329,34.527153],[-114.379387,34.522397],[-114.378223,34.516521],[-114.378131,34.507968],[-114.378124,34.507288],[-114.379671,34.503419],[-114.379943,34.502737],[-114.380154,34.502212],[-114.380638,34.501004],[-114.380761,34.500695],[-114.380836,34.500509],[-114.381034,34.500014],[-114.381402,34.499245],[-114.381464,34.499029],[-114.381755,34.498028],[-114.381803,34.497848],[-114.382316,34.495914],[-114.382358,34.495758],[-114.3825,34.494854],[-114.382675,34.493735],[-114.382843,34.492199],[-114.382919,34.491503],[-114.382935,34.491133],[-114.383038,34.488903],[-114.382975,34.488303],[-114.382817,34.486791],[-114.382652,34.485397],[-114.382603,34.484978],[-114.38216,34.482372],[-114.381935,34.481049],[-114.381806,34.479979],[-114.381693,34.479033],[-114.381566,34.477981],[-114.381555,34.477883],[-114.381684,34.476252],[-114.381701,34.47604],[-114.381751,34.475858],[-114.382494,34.473123],[-114.382726,34.472512],[-114.382864,34.472149],[-114.383001,34.471786],[-114.383525,34.470405],[-114.384829,34.467698],[-114.385611,34.46597],[-114.38633,34.464381],[-114.386584,34.463821],[-114.387023,34.462511],[-114.387187,34.462021],[-114.387407,34.460492],[-114.387356,34.460087],[-114.387242,34.459179],[-114.386699,34.457911],[-114.385328,34.4564],[-114.385175,34.456231],[-114.384426,34.455458],[-114.382985,34.453971],[-114.378852,34.450376],[-114.375789,34.447798],[-114.375435,34.447584],[-114.375212,34.447449],[-114.374408,34.447112],[-114.373719,34.446938],[-114.373029,34.446884],[-114.371217,34.446992],[-114.367282,34.447358],[-114.364605,34.447644],[-114.364528,34.447652],[-114.364451,34.447661],[-114.363404,34.447773],[-114.362408,34.44808],[-114.360212,34.448677],[-114.359462,34.448867],[-114.357756,34.449303],[-114.357062,34.44948],[-114.356368,34.449657],[-114.356025,34.449744],[-114.355976,34.449749],[-114.354144,34.449939],[-114.353122,34.449988],[-114.351827,34.450011],[-114.349306,34.450137],[-114.348974,34.450166],[-114.346862,34.450679],[-114.346525,34.450761],[-114.344998,34.451071],[-114.344379,34.451197],[-114.342615,34.451442],[-114.340794,34.4515],[-114.339627,34.451435],[-114.339322,34.451372],[-114.338074,34.451116],[-114.337476,34.450917],[-114.336659,34.450645],[-114.335967,34.450319],[-114.335372,34.450038],[-114.334351,34.449397],[-114.334251,34.449335],[-114.332991,34.448082],[-114.331762,34.446651],[-114.331389,34.446188],[-114.330669,34.445295],[-114.328991,34.442294],[-114.328305,34.440953],[-114.328125,34.4406],[-114.32724,34.438786],[-114.32688,34.438048],[-114.326717,34.437856],[-114.326429,34.437519],[-114.32613,34.437251],[-114.324779,34.437119],[-114.323667,34.436901],[-114.32276,34.436724],[-114.32115,34.436348],[-114.320904,34.436287],[-114.319054,34.435831],[-114.316962,34.435064],[-114.315298,34.434267],[-114.313605,34.433411],[-114.312251,34.432726],[-114.310347,34.431693],[-114.308659,34.430485],[-114.304566,34.428571],[-114.304259,34.428418],[-114.302577,34.427583],[-114.301982,34.427287],[-114.301386,34.426991],[-114.301016,34.426807],[-114.300593,34.426441],[-114.299101,34.425132],[-114.294836,34.421389],[-114.293669,34.419881],[-114.29339,34.419521],[-114.292226,34.417606],[-114.291903,34.416231],[-114.291947,34.415268],[-114.29196,34.414968],[-114.291969,34.414794],[-114.291934,34.41205],[-114.291751,34.411104],[-114.291631,34.410838],[-114.291154,34.409784],[-114.290219,34.408291],[-114.28879,34.40676],[-114.288663,34.406623],[-114.286874,34.40539],[-114.286802,34.40534],[-114.285698,34.40496],[-114.284053,34.404236],[-114.282261,34.403641],[-114.281867,34.403551],[-114.280108,34.403147],[-114.278363,34.403061],[-114.278302,34.403058],[-114.277133,34.403001],[-114.272184,34.402961],[-114.270571,34.402794],[-114.268658,34.402601],[-114.267521,34.402486],[-114.265883,34.402021],[-114.264317,34.401329],[-114.262909,34.400373],[-114.261709,34.399047],[-114.2613,34.398548],[-114.260349,34.397389],[-114.25822,34.395046],[-114.255241,34.392188],[-114.254241,34.391354],[-114.252739,34.3901],[-114.251906,34.389756],[-114.251345,34.389524],[-114.250784,34.389293],[-114.248649,34.388113],[-114.247706,34.38743],[-114.245261,34.385659],[-114.245168,34.385589],[-114.242682,34.383715],[-114.241106,34.382433],[-114.239867,34.381426],[-114.238909,34.380583],[-114.237266,34.379135],[-114.236411,34.378428],[-114.234275,34.376662],[-114.233564,34.375693],[-114.233065,34.375013],[-114.232941,34.37479],[-114.232572,34.374124],[-114.23245,34.373902],[-114.231614,34.372392],[-114.230779,34.370882],[-114.229686,34.368908],[-114.227171,34.366805],[-114.226107,34.365916],[-114.220564,34.36419],[-114.219857,34.36397],[-114.213774,34.36246],[-114.212348,34.362368],[-114.205971,34.361954],[-114.203231,34.361709],[-114.201055,34.361514],[-114.199482,34.361373],[-114.19648,34.359187],[-114.195361,34.358551],[-114.194316,34.357956],[-114.193271,34.357362],[-114.193212,34.357328],[-114.192825,34.357108],[-114.192438,34.356889],[-114.191094,34.356125],[-114.185556,34.354386],[-114.181145,34.352186],[-114.179591,34.351129],[-114.176909,34.349306],[-114.176721,34.349106],[-114.176296,34.348654],[-114.175871,34.348201],[-114.175176,34.347461],[-114.174481,34.346721],[-114.172845,34.344979],[-114.168807,34.339513],[-114.167087,34.336038],[-114.166952,34.335766],[-114.164249,34.330816],[-114.162605,34.328145],[-114.16223,34.327537],[-114.160474,34.324566],[-114.157939,34.320277],[-114.157206,34.317862],[-114.156769,34.317525],[-114.156591,34.317388],[-114.156413,34.317251],[-114.156269,34.317139],[-114.156124,34.317028],[-114.154431,34.315724],[-114.153441,34.314977],[-114.149631,34.3121],[-114.147374,34.310874],[-114.146117,34.309806],[-114.144317,34.308275],[-114.14123,34.306128],[-114.14093,34.305919],[-114.140605,34.305589],[-114.138862,34.303819],[-114.138282,34.30323],[-114.138167,34.300936],[-114.139187,34.298074],[-114.13939,34.296763],[-114.139393,34.296741],[-114.139402,34.296684],[-114.139415,34.296604],[-114.139446,34.296405],[-114.139534,34.295844],[-114.139395,34.294969],[-114.139121,34.293234],[-114.139024,34.292639],[-114.138365,34.288564],[-114.136677,34.283936],[-114.13605,34.280833],[-114.136504,34.278934],[-114.137045,34.277018],[-114.136671,34.274377],[-114.136075,34.272326],[-114.134768,34.268965],[-114.132722,34.265444],[-114.131718,34.26364],[-114.131485,34.263223],[-114.131211,34.26273],[-114.131327,34.261745],[-114.131489,34.260387],[-114.131798,34.26005],[-114.132652,34.259125],[-114.133264,34.258462],[-114.13545,34.257886],[-114.137743,34.258135],[-114.141737,34.259084],[-114.144779,34.259623],[-114.147159,34.259564],[-114.150277,34.258898],[-114.153346,34.258289],[-114.156853,34.258415],[-114.16109,34.259251],[-114.164648,34.259699],[-114.165249,34.259125],[-114.165335,34.258486],[-114.164808,34.257242],[-114.163959,34.255377],[-114.163867,34.253349],[-114.164476,34.251667],[-114.166124,34.250015],[-114.166536,34.249647],[-114.168578,34.249086],[-114.171393,34.248332],[-114.171635,34.248268],[-114.173459,34.24776],[-114.173657,34.247706],[-114.174597,34.247303],[-114.175635,34.246174],[-114.175906,34.245587],[-114.175956,34.244165],[-114.175948,34.242695],[-114.176403,34.241512],[-114.17805,34.239969],[-114.17827,34.239812],[-114.190876,34.230858],[-114.199036,34.223407],[-114.204725,34.218529],[-114.20613,34.217323],[-114.20692,34.216647],[-114.208253,34.215505],[-114.211761,34.211539],[-114.215454,34.208956],[-114.223384,34.205136],[-114.225194,34.203642],[-114.225861,34.201774],[-114.22579,34.199236],[-114.225075,34.196814],[-114.225053,34.196349],[-114.224941,34.193896],[-114.225814,34.191238],[-114.227034,34.188866],[-114.229023,34.187427],[-114.229715,34.186928],[-114.235417,34.185122],[-114.239519,34.183706],[-114.240712,34.183232],[-114.241849,34.181885],[-114.244191,34.179625],[-114.244421,34.179403],[-114.250783,34.175736],[-114.25239,34.174711],[-114.25268,34.174533],[-114.253018,34.174355],[-114.253444,34.174129],[-114.254141,34.17383],[-114.255147,34.173475],[-114.256076,34.173119],[-114.257034,34.172837],[-114.258001,34.172626],[-114.259085,34.172392],[-114.260169,34.172117],[-114.261242,34.171818],[-114.262375,34.171567],[-114.263855,34.171244],[-114.268267,34.170209],[-114.26846,34.170177],[-114.268993,34.170264],[-114.274926,34.172047],[-114.274959,34.172056],[-114.275267,34.172149],[-114.275417,34.172131],[-114.279011,34.17168],[-114.286724,34.170715],[-114.287014,34.170658],[-114.287294,34.170529],[-114.287894,34.170101],[-114.289373,34.169093],[-114.289408,34.169069],[-114.290775,34.168138],[-114.292371,34.167056],[-114.292806,34.166725],[-114.293086,34.166377],[-114.293511,34.165917],[-114.297337,34.161314],[-114.298168,34.160321],[-114.298522,34.159954],[-114.29889,34.159571],[-114.299009,34.15945],[-114.299531,34.158941],[-114.300497,34.158069],[-114.301425,34.157116],[-114.301567,34.156948],[-114.30205,34.156378],[-114.302095,34.156327],[-114.302188,34.156219],[-114.302565,34.155807],[-114.303396,34.154943],[-114.304121,34.154281],[-114.304624,34.153837],[-114.3053,34.153174],[-114.30589,34.152657],[-114.306498,34.151995],[-114.30703,34.15143],[-114.307802,34.150574],[-114.308411,34.149702],[-114.308512,34.149566],[-114.308591,34.149458],[-114.309096,34.148773],[-114.309676,34.148224],[-114.310024,34.147901],[-114.310294,34.147562],[-114.311067,34.146496],[-114.311317,34.145987],[-114.311655,34.145381],[-114.311945,34.145058],[-114.312206,34.144776],[-114.312592,34.144453],[-114.313056,34.144186],[-114.318287,34.140479],[-114.319956,34.139297],[-114.320777,34.138635],[-114.321618,34.138093],[-114.324331,34.136869],[-114.324576,34.136759],[-114.325427,34.136596],[-114.325813,34.136516],[-114.326096,34.136458],[-114.326684,34.136337],[-114.329479,34.13564],[-114.329796,34.135507],[-114.329904,34.135462],[-114.330736,34.135114],[-114.331649,34.13496],[-114.331703,34.134951],[-114.331954,34.134944],[-114.333056,34.134684],[-114.334327,34.134413],[-114.336112,34.134034],[-114.3383,34.134032],[-114.338622,34.134064],[-114.339198,34.134119],[-114.340021,34.1342],[-114.341617,34.134246],[-114.343921,34.134309],[-114.344054,34.134318],[-114.345571,34.134375],[-114.345605,34.134376],[-114.345738,34.134427],[-114.348051,34.134457],[-114.348486,34.134416],[-114.349163,34.134327],[-114.350478,34.134107],[-114.351735,34.133613],[-114.35303,34.13312],[-114.353542,34.132732],[-114.354228,34.132263],[-114.354875,34.131753],[-114.355618,34.131067],[-114.356372,34.130428],[-114.357028,34.129564],[-114.357654,34.128659],[-114.358358,34.127617],[-114.358753,34.126721],[-114.358986,34.126231],[-114.3591,34.125994],[-114.359174,34.125739],[-114.359274,34.125404],[-114.359389,34.125016],[-114.359698,34.124678],[-114.35977,34.124527],[-114.35981,34.124434],[-114.359923,34.124223],[-114.360402,34.123577],[-114.361344,34.122802],[-114.362634,34.121713],[-114.364524,34.120013],[-114.366517,34.118577],[-114.367711,34.118111],[-114.369292,34.117519],[-114.372171,34.11696],[-114.374493,34.116691],[-114.375778,34.116647],[-114.379223,34.11599],[-114.380723,34.115262],[-114.380719,34.115238],[-114.380924,34.11515],[-114.381506,34.114897],[-114.384078,34.113319],[-114.385734,34.112424],[-114.386006,34.112275],[-114.386105,34.112221],[-114.38618,34.11218],[-114.386757,34.111865],[-114.386805,34.111839],[-114.387013,34.111726],[-114.387523,34.111468],[-114.387817,34.11132],[-114.389093,34.110675],[-114.390565,34.110084],[-114.392774,34.110533],[-114.395332,34.110804],[-114.397264,34.111038],[-114.397306,34.111043],[-114.397631,34.111083],[-114.397776,34.1111],[-114.397873,34.111112],[-114.397971,34.111124],[-114.398093,34.111139],[-114.398489,34.111196],[-114.399208,34.111301],[-114.399443,34.111335],[-114.400108,34.111434],[-114.400697,34.111518],[-114.400823,34.111544],[-114.401087,34.111598],[-114.401336,34.111638],[-114.401571,34.11163],[-114.402255,34.111588],[-114.405201,34.111457],[-114.405916,34.111468],[-114.40686,34.111297],[-114.406896,34.111288],[-114.407284,34.111185],[-114.407995,34.110997],[-114.409801,34.11051],[-114.410106,34.110432],[-114.410236,34.110399],[-114.411067,34.110187],[-114.41168,34.110031],[-114.414591,34.108337],[-114.414837,34.108206],[-114.415908,34.107636],[-114.417701,34.105957],[-114.420499,34.103466],[-114.421848,34.101322],[-114.422117,34.100897],[-114.422899,34.099661],[-114.424162,34.098595],[-114.42428,34.098495],[-114.42432,34.098464],[-114.425271,34.097648],[-114.42554,34.097482],[-114.426168,34.097042],[-114.426759,34.095686],[-114.427065,34.094985],[-114.427139,34.094814],[-114.427202,34.094669],[-114.428026,34.092787],[-114.43165,34.089715],[-114.43338,34.088413],[-114.434181,34.087379],[-114.434353,34.086499],[-114.435429,34.079727],[-114.435907,34.077491],[-114.43632,34.076208],[-114.436983,34.074326],[-114.437683,34.071937],[-114.438416,34.067021],[-114.43899,34.061033],[-114.43934,34.057893],[-114.439406,34.05381],[-114.438602,34.050205],[-114.437298,34.047552],[-114.435816,34.04373],[-114.435507,34.042615],[-114.435498,34.042566],[-114.434949,34.037784],[-114.43541,34.033023],[-114.436171,34.028083],[-114.436852,34.026016],[-114.438266,34.022609],[-114.44054,34.019329],[-114.443821,34.016176],[-114.446815,34.01421],[-114.450206,34.012574],[-114.454807,34.010968],[-114.459861,34.011838],[-114.462126,34.012112],[-114.463336,34.012259],[-114.464525,34.011982],[-114.465867,34.010987],[-114.466704,34.009436],[-114.467027,34.008519],[-114.467282,34.007795],[-114.467404,34.00745],[-114.467356,34.006304],[-114.46731,34.00519],[-114.466651,34.004355],[-114.46628,34.003885],[-114.465465,34.003463],[-114.463131,34.002253],[-114.460965,34.001255],[-114.460689,34.001128],[-114.459777,34.000412],[-114.459184,34.000016],[-114.458789,33.999289],[-114.458443,33.998679],[-114.458166,33.998108],[-114.458026,33.99782],[-114.458028,33.997158],[-114.458194,33.996438],[-114.458629,33.995555],[-114.459258,33.994711],[-114.46012,33.993888],[-114.461133,33.993541],[-114.462255,33.993442],[-114.46361,33.993431],[-114.46486,33.993428],[-114.465499,33.993423],[-114.466187,33.993465],[-114.466834,33.993387],[-114.467336,33.993229],[-114.467932,33.992877],[-114.468372,33.992405],[-114.468792,33.991885],[-114.469152,33.991253],[-114.469581,33.990636],[-114.469922,33.99006],[-114.470253,33.989371],[-114.470357,33.988972],[-114.470737,33.988488],[-114.47077,33.98845],[-114.471138,33.98804],[-114.472237,33.987104],[-114.472259,33.987087],[-114.472773,33.98671],[-114.473219,33.986384],[-114.47409,33.985756],[-114.474649,33.985355],[-114.475907,33.984424],[-114.476619,33.984063],[-114.477427,33.983677],[-114.478244,33.983227],[-114.478456,33.983111],[-114.479226,33.982741],[-114.479689,33.982482],[-114.480198,33.9822],[-114.480947,33.981677],[-114.481455,33.981261],[-114.481971,33.980708],[-114.482333,33.980181],[-114.482586,33.979525],[-114.482778,33.978579],[-114.483097,33.977745],[-114.483573,33.977031],[-114.484107,33.97634],[-114.484784,33.975519],[-114.485348,33.974933],[-114.486455,33.974399],[-114.487059,33.973922],[-114.4875,33.973575],[-114.488459,33.972832],[-114.489215,33.972067],[-114.489623,33.971518],[-114.489729,33.971377],[-114.490128,33.970924],[-114.490398,33.97062],[-114.490788,33.970294],[-114.491327,33.969845],[-114.491508,33.969712],[-114.492115,33.96937],[-114.492195,33.969277],[-114.492766,33.968784],[-114.494051,33.96774],[-114.495047,33.966835],[-114.496042,33.96589],[-114.497237,33.964645],[-114.498135,33.963725],[-114.498756,33.963034],[-114.498919,33.962838],[-114.499194,33.962457],[-114.499653,33.962009],[-114.499883,33.961789],[-114.500123,33.961666],[-114.500298,33.961608],[-114.50079,33.961572],[-114.500888,33.961515],[-114.501719,33.961084],[-114.502549,33.960597],[-114.503379,33.960118],[-114.504161,33.959768],[-114.504807,33.959411],[-114.50501,33.959321],[-114.506242,33.958784],[-114.507439,33.958196],[-114.508683,33.957521],[-114.508747,33.957502],[-114.509568,33.957264],[-114.510428,33.957043],[-114.511231,33.95704],[-114.511918,33.957191],[-114.512205,33.957267],[-114.512233,33.957274],[-114.512577,33.957367],[-114.513449,33.957703],[-114.51434,33.957934],[-114.51497,33.958149],[-114.51586,33.958106],[-114.51671,33.957877],[-114.517667,33.957591],[-114.518352,33.957193],[-114.518979,33.956812],[-114.519588,33.956584],[-114.520302,33.956307],[-114.520727,33.956192],[-114.521104,33.956062],[-114.521529,33.955858],[-114.522002,33.955623],[-114.522339,33.955307],[-114.522734,33.955039],[-114.523129,33.954666],[-114.523311,33.954425],[-114.523504,33.954172],[-114.523793,33.953824],[-114.524014,33.953517],[-114.52439,33.953128],[-114.524832,33.952618],[-114.525179,33.952189],[-114.525804,33.95146],[-114.526353,33.950917],[-114.526776,33.950294],[-114.52715,33.949704],[-114.528084,33.948602],[-114.52868,33.947817],[-114.529246,33.946742],[-114.529897,33.945302],[-114.530566,33.943629],[-114.531391,33.942117],[-114.531947,33.941049],[-114.532513,33.940006],[-114.533156,33.938857],[-114.533674,33.937951],[-114.534463,33.936891],[-114.534961,33.935759],[-114.535478,33.934651],[-114.535676,33.933552],[-114.535791,33.931308],[-114.535834,33.93025],[-114.535866,33.928708],[-114.535853,33.928103],[-114.535765,33.927604],[-114.535753,33.92753],[-114.535411,33.926837],[-114.535205,33.926297],[-114.534951,33.9257],[-114.534572,33.925379],[-114.534146,33.925187],[-114.534132,33.925184],[-114.533694,33.925091],[-114.533284,33.925004],[-114.532297,33.924871],[-114.531107,33.924633],[-114.529489,33.924041],[-114.528385,33.923674],[-114.526698,33.922905],[-114.525361,33.922272],[-114.524382,33.921759],[-114.523393,33.921221],[-114.522141,33.920289],[-114.521035,33.919518],[-114.520094,33.918795],[-114.51924,33.918152],[-114.518434,33.917518],[-114.517085,33.91632],[-114.515881,33.915372],[-114.514503,33.914214],[-114.513202,33.912919],[-114.513182,33.912846],[-114.512386,33.912082],[-114.511511,33.911092],[-114.510547,33.909594],[-114.509874,33.908482],[-114.509163,33.907209],[-114.508558,33.906098],[-114.508147,33.904961],[-114.50792,33.903807],[-114.507848,33.902815],[-114.507988,33.901813],[-114.508708,33.90064],[-114.509681,33.899789],[-114.510944,33.899099],[-114.512383,33.898383],[-114.513715,33.897959],[-114.51499,33.897809],[-114.516344,33.897918],[-114.517381,33.89835],[-114.519318,33.899231],[-114.520704,33.89992],[-114.521828,33.900538],[-114.522943,33.901131],[-114.524289,33.901587],[-114.525053,33.901641],[-114.52569,33.901428],[-114.525872,33.901008],[-114.525868,33.900233],[-114.525749,33.899402],[-114.525541,33.898378],[-114.525254,33.89699],[-114.524813,33.895684],[-114.524782,33.89563],[-114.523634,33.893638],[-114.522768,33.892583],[-114.521506,33.891272],[-114.519981,33.889776],[-114.51866,33.888263],[-114.516709,33.886696],[-114.515535,33.885586],[-114.513768,33.884203],[-114.512467,33.882884],[-114.511001,33.881525],[-114.510138,33.880777],[-114.508074,33.87963],[-114.506649,33.87865],[-114.505272,33.877662],[-114.50434,33.876882],[-114.503796,33.876068],[-114.503395,33.875018],[-114.503599,33.874019],[-114.503686,33.873316],[-114.503821,33.872517],[-114.503889,33.87188],[-114.50386,33.871234],[-114.503666,33.870524],[-114.503279,33.869547],[-114.503066,33.868781],[-114.503017,33.867998],[-114.503104,33.867166],[-114.503414,33.866448],[-114.503887,33.865754],[-114.504603,33.865172],[-114.505638,33.864276],[-114.506635,33.863484],[-114.507476,33.863122],[-114.508666,33.862766],[-114.509895,33.862257],[-114.511346,33.86157],[-114.512459,33.860689],[-114.513213,33.85989],[-114.513977,33.859002],[-114.514673,33.858638],[-114.515631,33.858266],[-114.516811,33.85812],[-114.517589,33.858266],[-114.517837,33.858313],[-114.518998,33.858563],[-114.520054,33.85899],[-114.520838,33.859288],[-114.521757,33.859643],[-114.52287,33.859965],[-114.524292,33.860133],[-114.525666,33.860003],[-114.527069,33.859429],[-114.52791,33.85892],[-114.528877,33.858306],[-114.529883,33.857563],[-114.530011,33.857275],[-114.530327,33.85657],[-114.530607,33.85544],[-114.530536,33.855001],[-114.530423,33.854294],[-114.530335,33.853878],[-114.53018,33.853148],[-114.530103,33.852663],[-114.530074,33.852228],[-114.530209,33.85134],[-114.530111,33.850403],[-114.529966,33.8495],[-114.529597,33.848063],[-114.529026,33.846675],[-114.528009,33.844464],[-114.527215,33.84256],[-114.526053,33.840002],[-114.525539,33.838614],[-114.524561,33.837057],[-114.523815,33.836121],[-114.523409,33.835323],[-114.522711,33.833386],[-114.522169,33.832256],[-114.52091,33.829053],[-114.520465,33.827778],[-114.51997,33.825381],[-114.520153,33.823839],[-114.520733,33.822031],[-114.521409,33.820844],[-114.522714,33.818979],[-114.524628,33.817557],[-114.525923,33.816862],[-114.527161,33.816191],[-114.527886,33.815617],[-114.52805,33.814963],[-114.527866,33.814382],[-114.527662,33.813624],[-114.527188,33.812639],[-114.526962,33.812321],[-114.526394,33.811518],[-114.525446,33.810227],[-114.524682,33.808961],[-114.524033,33.807492],[-114.523365,33.80612],[-114.522813,33.805241],[-114.522407,33.804217],[-114.52201,33.803047],[-114.521555,33.801982],[-114.52081,33.800812],[-114.520094,33.799473],[-114.519484,33.798279],[-114.518942,33.797302],[-114.518642,33.796415],[-114.518438,33.794994],[-114.517751,33.792242],[-114.517276,33.790184],[-114.516734,33.788345],[-114.515969,33.786545],[-114.515224,33.784939],[-114.514286,33.783366],[-114.513338,33.781405],[-114.512003,33.778759],[-114.510958,33.776314],[-114.509894,33.773756],[-114.50882,33.771569],[-114.507814,33.769439],[-114.507182,33.768123],[-114.507089,33.76793],[-114.507005,33.767643],[-114.506672,33.766501],[-114.506024,33.764734],[-114.505521,33.763193],[-114.505172,33.761563],[-114.50507,33.761202],[-114.504863,33.760465],[-114.504839,33.760205],[-114.504766,33.759408],[-114.504658,33.75864],[-114.50434,33.756381],[-114.504329,33.75492],[-114.504377,33.753815],[-114.504445,33.752305],[-114.504483,33.750998],[-114.50483,33.750021],[-114.506,33.746344],[-114.508206,33.741587],[-114.510622,33.737815],[-114.510777,33.737574],[-114.511972,33.735019],[-114.512348,33.734214],[-114.51089,33.732766],[-114.510876,33.732753],[-114.510501,33.73238],[-114.510265,33.732146],[-114.5098,33.731802],[-114.506799,33.730518],[-114.504176,33.728055],[-114.502661,33.724584],[-114.500788,33.722204],[-114.500068,33.721709],[-114.499201,33.721192],[-114.498133,33.720634],[-114.497363,33.720028],[-114.496565,33.719155],[-114.496086,33.718064],[-114.495387,33.716393],[-114.4951,33.715234],[-114.494901,33.71443],[-114.494626,33.712662],[-114.494333,33.710635],[-114.494204,33.708054],[-114.494197,33.707922],[-114.494407,33.705395],[-114.495099,33.702949],[-114.495537,33.701506],[-114.495719,33.698454],[-114.496489,33.696901],[-114.498681,33.695868],[-114.500788,33.695059],[-114.502899,33.694255],[-114.504993,33.693022],[-114.507996,33.692018],[-114.509819,33.691714],[-114.512409,33.691282],[-114.519113,33.688473],[-114.523959,33.685879],[-114.527782,33.682684],[-114.530348,33.679245],[-114.531038,33.676816],[-114.531523,33.675108],[-114.532123,33.669702],[-114.530267,33.666821],[-114.526439,33.66388],[-114.521957,33.662948],[-114.520671,33.662681],[-114.519739,33.662732],[-114.517112,33.662877],[-114.515336,33.662033],[-114.514057,33.660179],[-114.514559,33.658014],[-114.518337,33.655927],[-114.525163,33.655939],[-114.530583,33.654461],[-114.532164,33.653194],[-114.533194,33.65166],[-114.533215,33.648443],[-114.532262,33.647253],[-114.529549,33.643861],[-114.528818,33.6433],[-114.528633,33.643158],[-114.528546,33.643091],[-114.528456,33.643022],[-114.525394,33.640669],[-114.524862,33.638675],[-114.524378,33.636862],[-114.523802,33.6347],[-114.52637,33.630259],[-114.529057,33.629549],[-114.529401,33.629382],[-114.529935,33.629156],[-114.530311,33.629037],[-114.531034,33.628213],[-114.531085,33.627915],[-114.531202,33.625024],[-114.53121,33.624621],[-114.531215,33.623913],[-114.530979,33.623591],[-114.529624,33.622154],[-114.52908,33.621711],[-114.528578,33.619994],[-114.527938,33.618839],[-114.527735,33.618473],[-114.527378,33.617828],[-114.525716,33.616626],[-114.524681,33.615878],[-114.524582,33.615805],[-114.522367,33.614172],[-114.522107,33.613364],[-114.521845,33.612544],[-114.521911,33.612171],[-114.522071,33.611277],[-114.523994,33.60999],[-114.526782,33.608831],[-114.52788,33.607834],[-114.528316,33.607438],[-114.52874,33.607053],[-114.529186,33.60665],[-114.530723,33.604774],[-114.530837,33.604636],[-114.530866,33.6046],[-114.531051,33.604482],[-114.532131,33.602933],[-114.532778,33.602008],[-114.532961,33.601746],[-114.53346,33.601033],[-114.534714,33.599102],[-114.535299,33.598333],[-114.536777,33.596394],[-114.536976,33.595977],[-114.537393,33.595105],[-114.537418,33.595052],[-114.537493,33.594895],[-114.537532,33.594852],[-114.537681,33.594699],[-114.538131,33.594239],[-114.538282,33.594087],[-114.538656,33.593666],[-114.538724,33.593589],[-114.53892,33.593371],[-114.53893,33.593358],[-114.538998,33.59328],[-114.539228,33.593013],[-114.53992,33.592215],[-114.540151,33.591949],[-114.540617,33.591412],[-114.540639,33.590621],[-114.540664,33.589789],[-114.540596,33.589639],[-114.540527,33.589486],[-114.540308,33.588777],[-114.540179,33.588502],[-114.540111,33.588354],[-114.540202,33.587087],[-114.540419,33.586373],[-114.540474,33.585925],[-114.540559,33.584388],[-114.540652,33.582872],[-114.54061,33.582322],[-114.5403,33.580615],[-114.54022,33.580301],[-114.539764,33.57851],[-114.538983,33.576792],[-114.538767,33.576566],[-114.537801,33.575555],[-114.537662,33.57514],[-114.53753,33.574744],[-114.53728,33.573995],[-114.537223,33.573822],[-114.537151,33.573141],[-114.537136,33.572994],[-114.537109,33.57273],[-114.536921,33.571436],[-114.536784,33.570959],[-114.535965,33.569154],[-114.535776,33.568925],[-114.535664,33.568788],[-114.535214,33.568275],[-114.534288,33.567353],[-114.533908,33.566841],[-114.533192,33.565823],[-114.533182,33.565795],[-114.532667,33.564313],[-114.532636,33.564222],[-114.532559,33.563882],[-114.532333,33.562879],[-114.531613,33.561702],[-114.530637,33.561046],[-114.530141,33.560713],[-114.529405,33.56004],[-114.529185,33.560052],[-114.528869,33.559921],[-114.52822,33.559318],[-114.527622,33.558522],[-114.526834,33.557466],[-114.526763,33.556916],[-114.52557,33.555402],[-114.5255,33.555314],[-114.525167,33.554892],[-114.524391,33.553683],[-114.524361,33.553578],[-114.524337,33.553494],[-114.524215,33.553068],[-114.524296,33.552892],[-114.524599,33.552231],[-114.525997,33.551457],[-114.529027,33.550711],[-114.530401,33.550099],[-114.530882,33.549278],[-114.531802,33.547862],[-114.542011,33.542481],[-114.546237,33.539884],[-114.558023,33.532589],[-114.558898,33.531819],[-114.559507,33.530724],[-114.559794,33.529054],[-114.560098,33.526663],[-114.560835,33.524334],[-114.560625,33.522195],[-114.560522,33.52114],[-114.560552,33.518272],[-114.560742,33.517659],[-114.560963,33.516739],[-114.561967,33.515599],[-114.562608,33.515045],[-114.565392,33.51298],[-114.567405,33.511038],[-114.569533,33.509219],[-114.571816,33.508167],[-114.573757,33.507543],[-114.576361,33.507116],[-114.580468,33.506465],[-114.583747,33.504903],[-114.588239,33.502453],[-114.589246,33.501813],[-114.589742,33.501283],[-114.590968,33.500027],[-114.591554,33.499443],[-114.592369,33.498675],[-114.592759,33.497799],[-114.593721,33.495932],[-114.594534,33.495058],[-114.597283,33.490653],[-114.598758,33.486804],[-114.599712,33.484316],[-114.601694,33.481396],[-114.602533,33.480966],[-114.602628,33.480928],[-114.602731,33.480887],[-114.603044,33.480766],[-114.603148,33.480726],[-114.603396,33.480631],[-114.604704,33.478718],[-114.6049,33.478435],[-114.607843,33.474834],[-114.609909,33.473019],[-114.611849,33.471315],[-114.612472,33.470768],[-114.612824,33.470305],[-114.613096,33.469948],[-114.613782,33.469049],[-114.613846,33.468843],[-114.613982,33.468415],[-114.613995,33.468372],[-114.614036,33.468243],[-114.61405,33.468201],[-114.614331,33.467315],[-114.618354,33.462708],[-114.622918,33.456561],[-114.623369,33.455257],[-114.623395,33.45449],[-114.622519,33.450879],[-114.622283,33.447558],[-114.622889,33.445524],[-114.623122,33.444747],[-114.625789,33.437173],[-114.626666,33.435034],[-114.626826,33.434405],[-114.627125,33.433554],[-114.627167,33.433436],[-114.627479,33.432307],[-114.62964,33.428137],[-114.630903,33.426754],[-114.633262,33.425024],[-114.635183,33.422725],[-114.641012,33.418432],[-114.643302,33.416746],[-114.64954,33.413633],[-114.652828,33.412923],[-114.654262,33.412899],[-114.656735,33.412813],[-114.657806,33.412958],[-114.658254,33.413021],[-114.659062,33.413371],[-114.660309,33.414012],[-114.662208,33.414747],[-114.663511,33.415135],[-114.665063,33.415616],[-114.665741,33.41596],[-114.666142,33.416164],[-114.666343,33.416266],[-114.66661,33.416404],[-114.666877,33.416541],[-114.66743,33.416777],[-114.668537,33.417181],[-114.66923,33.417434],[-114.669769,33.417631],[-114.67307,33.418875],[-114.673691,33.419157],[-114.674792,33.419141],[-114.675492,33.419049],[-114.676826,33.418823],[-114.676862,33.418816],[-114.677519,33.418743],[-114.684817,33.418005],[-114.687053,33.417918],[-114.68795,33.417934],[-114.690987,33.416874],[-114.693371,33.416114],[-114.695658,33.415128],[-114.696507,33.414063],[-114.696543,33.413809],[-114.696674,33.412678],[-114.696805,33.412087],[-114.696869,33.412005],[-114.696933,33.411924],[-114.697231,33.411547],[-114.69734,33.41141],[-114.697708,33.410942],[-114.698224,33.410446],[-114.699642,33.409512],[-114.700759,33.408911],[-114.701788,33.408377],[-114.70244,33.408244],[-114.702838,33.408147],[-114.704255,33.408023],[-114.704481,33.408003],[-114.705936,33.407919],[-114.708522,33.407558],[-114.710878,33.407254],[-114.7134,33.407271],[-114.715819,33.407691],[-114.717698,33.407905],[-114.720065,33.407891],[-114.720646,33.407751],[-114.720838,33.407705],[-114.721912,33.407447],[-114.722025,33.40742],[-114.722201,33.407384],[-114.723829,33.406531],[-114.725282,33.405048],[-114.725535,33.404055],[-114.725292,33.402341],[-114.725147,33.402141],[-114.72483,33.401533],[-114.72425,33.40042],[-114.722873,33.398776],[-114.721994,33.397774],[-114.721757,33.397504],[-114.721232,33.396911],[-114.720711,33.396379],[-114.720463,33.396125],[-114.719275,33.394909],[-114.719183,33.394791],[-114.718998,33.394559],[-114.718073,33.393396],[-114.717777,33.393095],[-114.715619,33.390718],[-114.714173,33.388953],[-114.713602,33.388256],[-114.713522,33.388184],[-114.713192,33.387895],[-114.712744,33.387555],[-114.712225,33.387127],[-114.711095,33.386215],[-114.711031,33.386166],[-114.710967,33.386116],[-114.710881,33.386046],[-114.710867,33.386034],[-114.710344,33.385605],[-114.71005,33.385384],[-114.709201,33.384744],[-114.709103,33.38467],[-114.708929,33.384538],[-114.708407,33.384142],[-114.707309,33.38254],[-114.707213,33.382146],[-114.707023,33.381374],[-114.707009,33.380633],[-114.707069,33.379506],[-114.707317,33.37883],[-114.707351,33.378738],[-114.707403,33.378597],[-114.707485,33.378375],[-114.707537,33.377561],[-114.707348,33.376627],[-114.707035,33.375784],[-114.706997,33.375692],[-114.706722,33.37503],[-114.705572,33.373261],[-114.704201,33.371238],[-114.701959,33.367134],[-114.700356,33.363705],[-114.699872,33.362753],[-114.699056,33.361148],[-114.69817,33.356575],[-114.698035,33.352442],[-114.699124,33.349258],[-114.69935,33.345692],[-114.700103,33.341045],[-114.700938,33.337014],[-114.701363,33.336028],[-114.701709,33.335225],[-114.702364,33.333711],[-114.702443,33.333548],[-114.702481,33.333466],[-114.705186,33.327709],[-114.70787,33.323316],[-114.709801,33.321139],[-114.710627,33.3205],[-114.710679,33.320455],[-114.713023,33.31888],[-114.717056,33.316664],[-114.71861,33.315761],[-114.721015,33.314068],[-114.722754,33.312736],[-114.723623,33.312109],[-114.724665,33.310097],[-114.726484,33.308273],[-114.729904,33.305745],[-114.731222,33.304039],[-114.731223,33.302433],[-114.730417,33.300711],[-114.728202,33.296664],[-114.724999,33.291097],[-114.723259,33.288079],[-114.72167,33.286982],[-114.717875,33.285156],[-114.711197,33.283341],[-114.702873,33.281916],[-114.697175,33.280475],[-114.694449,33.279785],[-114.688599,33.277861],[-114.684363,33.276023],[-114.680507,33.273576],[-114.677032,33.270169],[-114.674595,33.265453],[-114.672401,33.260469],[-114.672088,33.258499],[-114.672924,33.257042],[-114.674491,33.255597],[-114.67766,33.254426],[-114.68076,33.252212],[-114.683253,33.250034],[-114.685415,33.249056],[-114.688205,33.247965],[-114.689541,33.246428],[-114.689421,33.24525],[-114.689383,33.245186],[-114.687481,33.241981],[-114.68424,33.237479],[-114.682731,33.234918],[-114.681566,33.233758],[-114.678097,33.2303],[-114.674479,33.225504],[-114.673626,33.223121],[-114.673715,33.219245],[-114.675426,33.213779],[-114.676072,33.210835],[-114.677677,33.206985],[-114.678749,33.203448],[-114.678177,33.199577],[-114.678163,33.199488],[-114.678049,33.199073],[-114.676667,33.194001],[-114.676491,33.193359],[-114.675676,33.19037],[-114.675189,33.188178],[-114.675359,33.185488],[-114.67583,33.18152],[-114.677856,33.176803],[-114.679033,33.174737],[-114.679085,33.174651],[-114.679115,33.174608],[-114.679849,33.171499],[-114.680237,33.169637],[-114.68089,33.169074],[-114.680608,33.167157],[-114.67935,33.162433],[-114.679945,33.159059],[-114.682759,33.154808],[-114.684907,33.147823],[-114.687405,33.141983],[-114.690246,33.137724],[-114.694858,33.13346],[-114.696914,33.131119],[-114.697828,33.12865],[-114.699296,33.125037],[-114.703682,33.113768],[-114.706175,33.105334],[-114.707028,33.101784],[-114.707896,33.097431],[-114.708133,33.094022],[-114.707819,33.091102],[-114.706488,33.08816],[-114.70473,33.087051],[-114.701165,33.086368],[-114.697132,33.086394],[-114.694628,33.086226],[-114.692548,33.085786],[-114.68902,33.084035],[-114.688597,33.082869],[-114.689307,33.079179],[-114.68912,33.076121],[-114.686991,33.070968],[-114.682348,33.065823],[-114.682097,33.065545],[-114.681247,33.064591],[-114.680899,33.064184],[-114.680757,33.064019],[-114.679114,33.061966],[-114.676516,33.05926],[-114.675303,33.058444],[-114.674295,33.057169],[-114.674434,33.054204],[-114.675111,33.048638],[-114.675103,33.04753],[-114.675041,33.047065],[-114.674872,33.045816],[-114.67483,33.045507],[-114.674762,33.045301],[-114.673659,33.041896],[-114.672224,33.040173],[-114.670803,33.037983],[-114.668209,33.036003],[-114.66506,33.033906],[-114.662317,33.03267],[-114.659832,33.032664],[-114.657827,33.033824],[-114.655038,33.037106],[-114.653356,33.039832],[-114.653197,33.040105],[-114.652811,33.040771],[-114.652703,33.041114],[-114.652684,33.041148],[-114.650999,33.044131],[-114.649001,33.046762],[-114.647049,33.048416],[-114.645979,33.048902],[-114.64482,33.048644],[-114.641621,33.046894],[-114.639552,33.04529],[-114.638808,33.044384],[-114.638716,33.04426],[-114.638014,33.04331],[-114.637817,33.04312],[-114.636443,33.041796],[-114.635807,33.041015],[-114.634257,33.039107],[-114.63419,33.039024],[-114.633887,33.038535],[-114.63383,33.038446],[-114.633697,33.038235],[-114.631343,33.03502],[-114.629732,33.032546],[-114.628294,33.03105],[-114.627416,33.030382],[-114.625787,33.029435],[-114.62387,33.02872],[-114.618788,33.027202],[-114.611584,33.026221],[-114.606282,33.025703],[-114.603369,33.025546],[-114.60335,33.025536],[-114.602713,33.025499],[-114.602544,33.025489],[-114.602117,33.025464],[-114.601988,33.025457],[-114.601655,33.025439],[-114.601228,33.02542],[-114.601014,33.02541],[-114.598871,33.025391],[-114.598825,33.02539],[-114.598093,33.025384],[-114.596109,33.025657],[-114.595886,33.025688],[-114.594725,33.025848],[-114.589778,33.026228],[-114.588203,33.026631],[-114.588078,33.026663],[-114.586982,33.026944],[-114.585793,33.027634],[-114.585598,33.027747],[-114.584765,33.02823],[-114.583029,33.030149],[-114.581404,33.032545],[-114.57937,33.034563],[-114.579054,33.0348],[-114.578287,33.035375],[-114.577605,33.035598],[-114.577449,33.035649],[-114.575161,33.036541],[-114.571653,33.036624],[-114.569196,33.036156],[-114.5648,33.035077],[-114.56085,33.035285],[-114.557597,33.0349],[-114.553189,33.033974],[-114.549933,33.033823],[-114.543131,33.03376],[-114.538459,33.033422],[-114.531083,33.032393],[-114.527555,33.031731],[-114.523578,33.03096],[-114.52013,33.029984],[-114.517894,33.028612],[-114.516988,33.027987],[-114.516842,33.027886],[-114.516639,33.027746],[-114.516454,33.027617],[-114.516199,33.027437],[-114.5149,33.026524],[-114.511343,33.023455],[-114.507956,33.019708],[-114.507924,33.019662],[-114.507817,33.019508],[-114.506362,33.017403],[-114.506138,33.017006],[-114.506123,33.016998],[-114.504981,33.01506],[-114.504916,33.014949],[-114.504696,33.014578],[-114.504682,33.014552],[-114.504652,33.014502],[-114.50287,33.011154],[-114.501226,33.007556],[-114.500782,33.006318],[-114.499797,33.003905],[-114.499643,33.002088],[-114.49941,33.00004],[-114.498511,32.99698],[-114.498032,32.994446],[-114.497551,32.992548],[-114.497315,32.991473],[-114.497052,32.990206],[-114.496934,32.988649],[-114.496798,32.986534],[-114.4965,32.984508],[-114.496133,32.982788],[-114.495946,32.981473],[-114.495712,32.980075],[-114.495429,32.978937],[-114.495033,32.977427],[-114.494759,32.976312],[-114.494467,32.975158],[-114.494212,32.974262],[-114.493718,32.973123],[-114.492938,32.971781],[-114.492184,32.971021],[-114.490932,32.970235],[-114.490129,32.969884],[-114.489526,32.969819],[-114.488625,32.969946],[-114.48779,32.970225],[-114.486217,32.970892],[-114.484806,32.971339],[-114.483464,32.97157],[-114.482486,32.971753],[-114.481872,32.971871],[-114.481315,32.972064],[-114.48117,32.972419],[-114.480758,32.972979],[-114.47992,32.973603],[-114.478814,32.974174],[-114.477851,32.974548],[-114.476763,32.974905],[-114.476263,32.975048],[-114.475389,32.975157],[-114.474362,32.975005],[-114.472764,32.974687],[-114.471767,32.974359],[-114.470511,32.973858],[-114.469948,32.973469],[-114.46949,32.972878],[-114.468995,32.972239],[-114.468605,32.971649],[-114.468379,32.970745],[-114.468109,32.96888],[-114.467695,32.967015],[-114.467367,32.965384],[-114.467315,32.96406],[-114.46731,32.962939],[-114.467268,32.961591],[-114.467274,32.960172],[-114.467337,32.958954],[-114.467399,32.957912],[-114.467624,32.956663],[-114.468061,32.95526],[-114.468536,32.953922],[-114.469213,32.952455],[-114.470082,32.950778],[-114.470768,32.949424],[-114.471692,32.948129],[-114.472578,32.947082],[-114.473262,32.94614],[-114.474042,32.94515],[-114.474907,32.944362],[-114.475984,32.943348],[-114.477311,32.94198],[-114.478456,32.940555],[-114.479362,32.939217],[-114.48022,32.937928],[-114.48074,32.937027],[-114.480925,32.936276],[-114.48092,32.935252],[-114.480783,32.933678],[-114.480348,32.932353],[-114.479893,32.931174],[-114.479571,32.930237],[-114.479005,32.928291],[-114.478493,32.927014],[-114.477952,32.925706],[-114.47664,32.923628],[-114.475449,32.922179],[-114.473713,32.920594],[-114.471995,32.919241],[-114.46939,32.917119],[-114.467853,32.916058],[-114.466794,32.915185],[-114.465516,32.914091],[-114.464448,32.913128],[-114.463972,32.912441],[-114.46365,32.911682],[-114.463464,32.910406],[-114.463182,32.909211],[-114.462929,32.907944],[-114.46289,32.905797],[-114.462983,32.904167],[-114.463127,32.901884],[-114.463258,32.900149],[-114.463302,32.899226],[-114.463307,32.899116],[-114.463776,32.895494],[-114.464172,32.892454],[-114.464284,32.890833],[-114.46451,32.889485],[-114.464714,32.888464],[-114.464723,32.88843],[-114.4648,32.888098],[-114.465172,32.885295],[-114.465312,32.883083],[-114.465361,32.882312],[-114.465377,32.881692],[-114.46546,32.879428],[-114.465476,32.879229],[-114.465499,32.878128],[-114.465504,32.877963],[-114.465524,32.876753],[-114.465588,32.875295],[-114.465604,32.875045],[-114.46562,32.874791],[-114.465678,32.874075],[-114.465711,32.873681],[-114.466031,32.870605],[-114.468971,32.845155],[-114.469025,32.845103],[-114.475892,32.838693],[-114.482546,32.8331],[-114.48278,32.832904],[-114.487795,32.828691],[-114.488207,32.828344],[-114.488563,32.828045],[-114.489248,32.827458],[-114.489323,32.827394],[-114.489564,32.827188],[-114.489797,32.82699],[-114.490062,32.826763],[-114.490091,32.826738],[-114.490698,32.826219],[-114.490955,32.826],[-114.491451,32.82557],[-114.491593,32.825449],[-114.493268,32.824022],[-114.493334,32.823966],[-114.494116,32.823287],[-114.494193,32.823234],[-114.495588,32.822628],[-114.496284,32.822325],[-114.496827,32.822119],[-114.49827,32.821434],[-114.498544,32.821302],[-114.500781,32.820393],[-114.501616,32.820029],[-114.506414,32.817932],[-114.507273,32.817589],[-114.507829,32.817366],[-114.510279,32.816516],[-114.510327,32.816488],[-114.511886,32.814961],[-114.51203,32.814833],[-114.512834,32.814182],[-114.513274,32.813758],[-114.514509,32.812357],[-114.515389,32.811439],[-114.516338,32.810076],[-114.516645,32.809528],[-114.518504,32.80706],[-114.519758,32.805676],[-114.520363,32.804385],[-114.520385,32.803576],[-114.522031,32.801675],[-114.525274,32.798841],[-114.528849,32.796307],[-114.529633,32.795477],[-114.530755,32.793484],[-114.531669,32.791185],[-114.531587,32.78726],[-114.531746,32.782503],[-114.531851,32.781906],[-114.532426,32.778644],[-114.532432,32.776922],[-114.531831,32.774264],[-114.530525,32.771571],[-114.529264,32.769484],[-114.528443,32.767276],[-114.52834,32.766646],[-114.527608,32.763114],[-114.52727,32.760416],[-114.526856,32.757094],[-114.527099,32.757091],[-114.527523,32.757086],[-114.531003,32.757045],[-114.53394,32.75701],[-114.53412,32.757008],[-114.536409,32.75698],[-114.537489,32.756967],[-114.538443,32.756956],[-114.538657,32.756954],[-114.538788,32.756952],[-114.538953,32.75695],[-114.539092,32.756949],[-114.539067,32.753591],[-114.539046,32.750904],[-114.539132,32.750045],[-114.539224,32.749812],[-114.548283,32.749645],[-114.550235,32.74966],[-114.551514,32.74965],[-114.552113,32.749646],[-114.564447,32.749554],[-114.564508,32.742274],[-114.564632,32.742274],[-114.572997,32.742306],[-114.573139,32.742309],[-114.573404,32.742313],[-114.578852,32.742351],[-114.581736,32.74232],[-114.581766,32.7402],[-114.581766,32.736607],[-114.581784,32.734946],[-114.581803,32.734946],[-114.583103,32.73492],[-114.583166,32.734919],[-114.584657,32.73489],[-114.585763,32.734868],[-114.586884,32.734846],[-114.612655,32.734516],[-114.612697,32.734515],[-114.613109,32.734515],[-114.613497,32.734523],[-114.614007,32.734517],[-114.614484,32.734513],[-114.615112,32.734515],[-114.615004,32.73434],[-114.614787,32.734076],[-114.614773,32.733942],[-114.614775,32.733713],[-114.614747,32.733358],[-114.614783,32.73305],[-114.614786,32.732846],[-114.614833,32.732761],[-114.614848,32.73267],[-114.614924,32.732525],[-114.614971,32.73247],[-114.615117,32.732291],[-114.615184,32.732201],[-114.615276,32.732031],[-114.615281,32.731982],[-114.615291,32.731899],[-114.615396,32.731648],[-114.61543,32.731584],[-114.615504,32.731449],[-114.615507,32.73119],[-114.61548,32.730899],[-114.615466,32.730707],[-114.615438,32.73057],[-114.61544,32.730386],[-114.615517,32.730303],[-114.615501,32.730044],[-114.615577,32.730039],[-114.615654,32.730034],[-114.615718,32.73003],[-114.615794,32.729892],[-114.61587,32.729717],[-114.61587,32.729633],[-114.61587,32.72958],[-114.61572,32.729413],[-114.615716,32.729339],[-114.615719,32.729308],[-114.615723,32.729295],[-114.615726,32.729284],[-114.61571,32.729262],[-114.615677,32.729217],[-114.615665,32.7292],[-114.615649,32.729151],[-114.615641,32.729124],[-114.61564,32.729097],[-114.615639,32.729034],[-114.615649,32.728938],[-114.615654,32.728851],[-114.615666,32.728662],[-114.615667,32.728628],[-114.615674,32.728518],[-114.61567,32.728454],[-114.615705,32.728458],[-114.615976,32.728489],[-114.616316,32.728412],[-114.616722,32.728358],[-114.617186,32.728291],[-114.617395,32.728257],[-114.618373,32.728353],[-114.619417,32.72848],[-114.619609,32.728504],[-114.619792,32.728558],[-114.620036,32.728603],[-114.620234,32.728626],[-114.620385,32.728644],[-114.620385,32.728657],[-114.620677,32.728726],[-114.620967,32.728779],[-114.621016,32.728787],[-114.621287,32.728831],[-114.621852,32.728924],[-114.622508,32.729069],[-114.623149,32.729076],[-114.623759,32.729199],[-114.624248,32.729298],[-114.624502,32.729327],[-114.624535,32.729331],[-114.624583,32.729336],[-114.624644,32.729342],[-114.626277,32.729511],[-114.626719,32.729549],[-114.626811,32.729557],[-114.627299,32.729626],[-114.627911,32.729717],[-114.628307,32.729785],[-114.628719,32.729839],[-114.629299,32.729908],[-114.629955,32.730083],[-114.630395,32.730188],[-114.630534,32.730221],[-114.631419,32.730426],[-114.632074,32.730643],[-114.632686,32.730846],[-114.633327,32.731052],[-114.633967,32.731167],[-114.634164,32.731201],[-114.634274,32.73122],[-114.634594,32.731304],[-114.635006,32.731372],[-114.635493,32.731419],[-114.635647,32.731434],[-114.636318,32.73151],[-114.637142,32.731571],[-114.638058,32.731686],[-114.63876,32.731738],[-114.639706,32.7318],[-114.640438,32.731854],[-114.642658,32.731999],[-114.644157,32.732039],[-114.645353,32.732139],[-114.64601,32.732282],[-114.646114,32.732294],[-114.648006,32.732525],[-114.648388,32.732624],[-114.648937,32.732761],[-114.649502,32.732861],[-114.650295,32.733013],[-114.650358,32.733018],[-114.650558,32.733032],[-114.651028,32.733067],[-114.651867,32.733173],[-114.65263,32.733317],[-114.653515,32.73344],[-114.654247,32.73357],[-114.654835,32.733598],[-114.654888,32.733601],[-114.655773,32.733607],[-114.656689,32.733662],[-114.657558,32.733738],[-114.65826,32.733798],[-114.65852,32.73379],[-114.65884,32.733829],[-114.659176,32.733814],[-114.659528,32.733829],[-114.660184,32.733829],[-114.660657,32.733883],[-114.661283,32.733959],[-114.661939,32.73386],[-114.662717,32.733952],[-114.663556,32.733959],[-114.66435,32.733936],[-114.665082,32.73399],[-114.665494,32.733997],[-114.665921,32.734028],[-114.666623,32.734135],[-114.667493,32.734226],[-114.667687,32.734251],[-114.667722,32.734257],[-114.668195,32.734325],[-114.668744,32.734417],[-114.669278,32.734538],[-114.66995,32.734676],[-114.67059,32.734806],[-114.671338,32.734882],[-114.672025,32.734951],[-114.672711,32.735096],[-114.673368,32.735225],[-114.673993,32.735416],[-114.674787,32.735546],[-114.675702,32.735782],[-114.67648,32.736033],[-114.677091,32.736218],[-114.677945,32.736446],[-114.678632,32.736614],[-114.678876,32.736614],[-114.679349,32.736697],[-114.680097,32.736874],[-114.680139,32.736881],[-114.680738,32.736981],[-114.681729,32.737156],[-114.682614,32.737348],[-114.68274,32.737321],[-114.682902,32.73725],[-114.683292,32.737326],[-114.684164,32.73752],[-114.685489,32.737456],[-114.686713,32.737374],[-114.686987,32.737346],[-114.687284,32.737392],[-114.687528,32.737408],[-114.687863,32.737461],[-114.68823,32.73753],[-114.68852,32.737591],[-114.688779,32.737675],[-114.689038,32.737789],[-114.689282,32.737927],[-114.689618,32.738171],[-114.689878,32.738461],[-114.690244,32.738757],[-114.690488,32.738987],[-114.690717,32.739224],[-114.690922,32.739421],[-114.690962,32.73946],[-114.69116,32.739666],[-114.691511,32.739894],[-114.691801,32.740147],[-114.692137,32.740344],[-114.692534,32.740566],[-114.693052,32.740872],[-114.693525,32.741146],[-114.693968,32.741413],[-114.69441,32.74168],[-114.694883,32.741932],[-114.695387,32.742244],[-114.695799,32.742558],[-114.696196,32.742877],[-114.696562,32.743145],[-114.696959,32.743443],[-114.697401,32.743831],[-114.697935,32.744259],[-114.698378,32.744557],[-114.69879,32.744846],[-114.699141,32.74503],[-114.699247,32.745098],[-114.699507,32.74522],[-114.699873,32.745312],[-114.700285,32.745434],[-114.700743,32.745617],[-114.701155,32.745663],[-114.701582,32.745632],[-114.701918,32.745548],[-114.702223,32.74541],[-114.702604,32.745106],[-114.702833,32.744884],[-114.70294,32.744793],[-114.703016,32.744639],[-114.703306,32.744282],[-114.703673,32.743862],[-114.704039,32.743481],[-114.704466,32.743023],[-114.705015,32.742344],[-114.705382,32.741917],[-114.705717,32.74158],[-114.706114,32.740986],[-114.706419,32.740414],[-114.70674,32.739948],[-114.70706,32.739483],[-114.707396,32.738827],[-114.707548,32.73827],[-114.707899,32.737568],[-114.708128,32.737125],[-114.708387,32.736631],[-114.708647,32.73615],[-114.708861,32.735852],[-114.709074,32.735456],[-114.709196,32.735334],[-114.709379,32.735112],[-114.709562,32.734883],[-114.709807,32.734662],[-114.710096,32.734417],[-114.71031,32.734204],[-114.710615,32.733936],[-114.710875,32.7338],[-114.711088,32.733693],[-114.711424,32.733503],[-114.711882,32.733227],[-114.712217,32.732976],[-114.712629,32.732678],[-114.712904,32.732411],[-114.713209,32.732098],[-114.713377,32.7319],[-114.71353,32.731656],[-114.713835,32.731282],[-114.714186,32.730832],[-114.714522,32.73039],[-114.714811,32.729855],[-114.714986,32.729517],[-114.715071,32.729352],[-114.715267,32.728945],[-114.71533,32.728817],[-114.71562,32.728208],[-114.715651,32.728116],[-114.715788,32.727758],[-114.71591,32.727376],[-114.716017,32.726979],[-114.716154,32.726498],[-114.716276,32.72607],[-114.716383,32.725667],[-114.71649,32.725285],[-114.716612,32.72495],[-114.716749,32.72453],[-114.716826,32.724248],[-114.716963,32.72392],[-114.717116,32.723638],[-114.717299,32.723142],[-114.717436,32.722676],[-114.717543,32.72218],[-114.717665,32.721654],[-114.717695,32.721547],[-114.717878,32.721372],[-114.717955,32.721142],[-114.718184,32.720914],[-114.718443,32.720624],[-114.718687,32.720304],[-114.718977,32.719869],[-114.719191,32.719426],[-114.719319,32.719163],[-114.719497,32.718739]]}},{"type":"Feature","id":"national-06","properties":{"kind":"national","fips":"06"},"geometry":{"type":"LineString","coordinates":[[-114.719497,32.718739],[-114.719641,32.718727],[-114.720424,32.718677],[-114.721692,32.718591],[-114.721787,32.718584],[-114.722829,32.718515],[-114.726208,32.718295],[-114.726519,32.718274],[-114.727063,32.718238],[-114.728372,32.718151],[-114.731451,32.717943],[-114.736808,32.717593],[-114.910038,32.705977],[-114.955882,32.702861],[-114.980942,32.701151],[-114.983626,32.700965],[-115.001023,32.699784],[-115.0513,32.696334],[-115.117051,32.691787],[-115.174334,32.687799],[-115.242649,32.683009],[-115.244423,32.682884],[-115.313198,32.67802],[-115.335568,32.676441],[-115.36299,32.674505],[-115.368657,32.674106],[-115.370095,32.673995],[-115.386119,32.672856],[-115.387888,32.67273],[-115.418738,32.670515],[-115.465404,32.667154],[-115.473611,32.666563],[-115.474099,32.666527],[-115.479259,32.666152],[-115.482567,32.66591],[-115.49046,32.66533],[-115.496058,32.664919],[-115.496326,32.664897],[-115.496775,32.664867],[-115.497094,32.664843],[-115.497166,32.664838],[-115.497268,32.66483],[-115.49915,32.664692],[-115.505762,32.664204],[-115.506595,32.664148],[-115.513907,32.6636],[-115.515822,32.663464],[-115.533494,32.66215],[-115.58096,32.658635],[-115.662233,32.652556],[-115.692017,32.650319],[-115.705517,32.649304],[-115.72545,32.647799],[-115.771694,32.644295],[-115.817161,32.640834],[-115.843304,32.638832],[-115.851015,32.638242],[-115.879405,32.636078],[-115.907962,32.633869],[-115.932543,32.631977],[-115.98216,32.628126],[-116.012315,32.62579],[-116.034128,32.624082],[-116.075708,32.620832],[-116.091527,32.619594],[-116.097271,32.619142],[-116.100677,32.618873],[-116.103075,32.618685],[-116.106177,32.618441],[-116.157368,32.614403],[-116.18571,32.612158],[-116.187216,32.612039],[-116.192243,32.611642],[-116.197801,32.611208],[-116.203615,32.610737],[-116.209102,32.6103],[-116.210825,32.610163],[-116.226682,32.608916],[-116.235715,32.608184],[-116.243512,32.607561],[-116.244139,32.607511],[-116.270942,32.605368],[-116.279712,32.604668],[-116.307128,32.602468],[-116.348103,32.599174],[-116.350976,32.598942],[-116.371302,32.597304],[-116.378878,32.596691],[-116.385621,32.596146],[-116.389765,32.59581],[-116.405526,32.594534],[-116.413565,32.593881],[-116.417084,32.593595],[-116.435282,32.592117],[-116.439409,32.591782],[-116.515273,32.585587],[-116.535613,32.583919],[-116.540712,32.5835],[-116.548138,32.582891],[-116.559135,32.581984],[-116.563925,32.581586],[-116.574396,32.580723],[-116.592128,32.579261],[-116.620108,32.576949],[-116.625948,32.576466],[-116.62631,32.576436],[-116.627253,32.576357],[-116.627462,32.576339],[-116.689371,32.571193],[-116.690773,32.571076],[-116.690934,32.571063],[-116.697063,32.570552],[-116.738963,32.567047],[-116.745516,32.566494],[-116.753186,32.565851],[-116.755304,32.565674],[-116.757296,32.565507],[-116.782546,32.563386],[-116.786748,32.563033],[-116.796051,32.562246],[-116.799684,32.561944],[-116.805926,32.561417],[-116.817933,32.560402],[-116.822215,32.560039],[-116.82418,32.559871],[-116.829072,32.559461],[-116.853022,32.557436],[-116.875053,32.555569],[-116.892821,32.55406],[-116.90092,32.553365],[-116.927996,32.551077],[-116.93728,32.550289],[-116.938377,32.550196],[-116.938898,32.550152],[-116.963103,32.548104],[-116.970066,32.547506],[-116.975,32.547091],[-116.997254,32.545198],[-117.000853,32.544891],[-117.0116,32.543973],[-117.026613,32.542691],[-117.026936,32.542664],[-117.028353,32.542542],[-117.028943,32.542492],[-117.029359,32.542456],[-117.029683,32.542429],[-117.029901,32.542413],[-117.030271,32.542379],[-117.036369,32.541858],[-117.039988,32.541548],[-117.040402,32.541515],[-117.042018,32.541375],[-117.062,32.539666],[-117.062136,32.53965],[-117.062483,32.539621],[-117.062587,32.539615],[-117.062636,32.539611],[-117.066733,32.539261],[-117.086264,32.537589],[-117.101631,32.536271],[-117.104051,32.536062],[-117.118879,32.534787],[-117.119063,32.534771],[-117.12277,32.534452],[-117.124188,32.534317]]}}]}