{"type":"FeatureCollection","features":[{"type":"Feature","id":"national-02","properties":{"fips":"02"},"geometry":{"type":"LineString","coordinates":[[-130.568203,54.792153],[-130.459388,54.848465],[-130.422716,54.873373],[-130.344537,54.918813],[-130.273328,54.973964],[-130.235718,55.012938],[-130.187562,55.062841],[-130.180886,55.091251],[-130.15243,55.124616],[-130.146125,55.142842],[-130.130364,55.160877],[-130.102842,55.192602],[-130.016606,55.25246],[-129.974167,55.281919],[-129.976649,55.300371],[-130.021107,55.337916],[-130.041216,55.451725],[-130.089853,55.497978],[-130.120132,55.563919],[-130.127904,55.581035],[-130.111657,55.682901],[-130.147758,55.714903],[-130.152406,55.766287],[-130.124764,55.805642],[-130.083493,55.821707],[-130.054621,55.852762],[-130.053041,55.854727],[-130.048816,55.859006],[-130.003787,55.907442],[-130.003787,55.911931],[-130.017669,55.911933],[-130.003965,56.0012],[-130.003484,56.008075],[-130.057519,56.069971],[-130.103799,56.122798],[-130.201962,56.104634],[-130.246219,56.096411],[-130.298133,56.112488],[-130.35009,56.128542],[-130.426006,56.141561],[-130.46787,56.243054],[-130.540532,56.247451],[-130.62331,56.266878],[-130.667667,56.294898],[-130.710002,56.321588],[-130.781981,56.366844],[-130.859651,56.376885],[-130.914849,56.383986],[-130.996193,56.394404],[-131.087349,56.406005],[-131.173469,56.449524],[-131.254637,56.477692],[-131.297388,56.49249],[-131.357783,56.51335],[-131.40853,56.530837],[-131.472029,56.552666],[-131.537411,56.588417],[-131.581069,56.612231],[-131.645921,56.608957],[-131.75134,56.603564],[-131.835327,56.599203],[-131.850585,56.661805],[-131.860671,56.702983],[-131.901072,56.753675],[-131.872878,56.805994],[-131.914597,56.817305],[-131.984184,56.836125],[-132.039904,56.851153],[-132.123568,56.873648],[-132.10795,56.907935],[-132.076628,56.976501],[-132.04519,57.045059],[-132.091397,57.051747],[-132.168444,57.062855],[-132.214694,57.069497],[-132.291815,57.080529],[-132.368982,57.091513],[-132.300981,57.158882],[-132.247921,57.211253],[-132.301972,57.272821],[-132.342629,57.318981],[-132.36979,57.349746],[-132.443171,57.408486],[-132.489154,57.445176],[-132.553685,57.496514],[-132.603613,57.552629],[-132.652456,57.607357],[-132.660863,57.616736],[-132.701812,57.652761],[-132.751058,57.695973],[-132.79039,57.743899],[-132.836409,57.799797],[-132.869367,57.839713],[-132.90573,57.868942],[-132.969508,57.920067],[-133.015175,57.956565],[-133.070098,58.00034],[-133.113027,58.064913],[-133.13455,58.097193],[-133.172311,58.153676],[-133.209306,58.181535],[-133.269982,58.227105],[-133.345433,58.276333],[-133.376313,58.306048],[-133.414987,58.343181],[-133.461504,58.387723],[-133.377305,58.430549],[-133.425345,58.455263],[-133.505952,58.496611],[-133.557805,58.523131],[-133.613123,58.5562],[-133.615947,58.557918],[-133.674685,58.592969],[-133.707118,58.612274],[-133.773699,58.670877],[-133.840504,58.729444],[-133.91372,58.750499],[-133.972357,58.767312],[-134.043641,58.790803],[-134.100738,58.809567],[-134.200806,58.842343],[-134.258072,58.861037],[-134.308303,58.901227],[-134.336466,58.923413],[-134.31349,58.962182],[-134.407147,58.97921],[-134.381879,59.038763],[-134.447124,59.089224],[-134.483393,59.131602],[-134.565568,59.131123],[-134.610939,59.155596],[-134.679117,59.192274],[-134.700718,59.24901],[-134.797856,59.26104],[-134.862652,59.269019],[-134.959904,59.280927],[-134.999105,59.317277],[-135.030525,59.346348],[-134.989746,59.387129],[-135.073176,59.41744],[-135.10102,59.427531],[-135.077281,59.45177],[-135.02756,59.474738],[-135.0289,59.56366],[-135.091682,59.605629],[-135.117833,59.62307],[-135.15759,59.62572],[-135.219844,59.662776],[-135.233668,59.696144],[-135.252765,59.698279],[-135.29299,59.713039],[-135.360108,59.737612],[-135.407678,59.761797],[-135.479162,59.798041],[-135.524976,59.785016],[-135.586007,59.767625],[-135.646974,59.750206],[-135.723093,59.728392],[-135.779248,59.712254],[-135.853107,59.690964],[-135.952645,59.662166],[-136.007326,59.65717],[-136.085961,59.649941],[-136.192904,59.640027],[-136.273579,59.619926],[-136.353936,59.599827],[-136.282588,59.57458],[-136.23983,59.559412],[-136.238506,59.524326],[-136.305022,59.464518],[-136.368243,59.44896],[-136.432848,59.458977],[-136.477156,59.465824],[-136.477379,59.376233],[-136.472695,59.322015],[-136.469248,59.284079],[-136.495756,59.275133],[-136.489703,59.259775],[-136.529241,59.22065],[-136.584442,59.165854],[-136.671696,59.163802],[-136.75894,59.161691],[-136.828727,59.159959],[-136.876737,59.136154],[-136.969676,59.101234],[-137.048891,59.074734],[-137.136647,59.045271],[-137.175647,59.032142],[-137.282847,58.999998],[-137.33924,58.969473],[-137.395533,58.938923],[-137.451726,58.908349],[-137.526115,58.906371],[-137.5,58.985395],[-137.524041,59.054558],[-137.542135,59.106427],[-137.578756,59.183705],[-137.607354,59.243803],[-137.667449,59.275439],[-137.727656,59.307048],[-137.800052,59.344941],[-137.848405,59.370181],[-137.92107,59.408006],[-137.957464,59.426904],[-138.034666,59.466886],[-138.09579,59.498437],[-138.16929,59.53626],[-138.218382,59.561453],[-138.292157,59.599207],[-138.378437,59.643201],[-138.440204,59.67459],[-138.489701,59.69968],[-138.551676,59.731016],[-138.626199,59.76858],[-138.668649,59.809656],[-138.679457,59.84537],[-138.707376,59.906326],[-138.79852,59.924649],[-138.858459,59.941208],[-138.918458,59.95774],[-138.963496,59.970121],[-139.053673,59.994836],[-139.095067,60.021555],[-139.146905,60.054936],[-139.198847,60.088296],[-139.166164,60.148232],[-139.142746,60.191038],[-139.109859,60.250959],[-139.072125,60.319429],[-139.07482,60.352504],[-139.145499,60.350675],[-139.216171,60.348808],[-139.269169,60.347383],[-139.35091,60.345144],[-139.463456,60.341978],[-139.53409,60.339943],[-139.640023,60.336819],[-139.692982,60.335225],[-139.741188,60.309726],[-139.789319,60.284208],[-139.837374,60.258674],[-139.897339,60.226731],[-139.981093,60.181965],[-140.060357,60.203105],[-140.155609,60.228409],[-140.219192,60.24524],[-140.266922,60.257844],[-140.330619,60.274622],[-140.410332,60.295551],[-140.458209,60.308086],[-140.497841,60.25192],[-140.520427,60.219819],[-140.60315,60.233325],[-140.669378,60.244092],[-140.768801,60.26018],[-140.817347,60.270181],[-140.898323,60.286809],[-140.930737,60.293446],[-141.001833,60.305894],[-141.001834,60.818575],[-141.001824,60.883147],[-141.001642,61.46606],[-141.001644,61.556956],[-141.00162,61.795017],[-141.001602,61.911956],[-141.001477,62.474417],[-141.001464,62.626174],[-141.001443,62.632861],[-141.001409,63.004899],[-141.001391,63.160123],[-141.001385,63.277803],[-141.001395,63.421623],[-141.001371,63.468775],[-141.001371,63.575873],[-141.001329,63.656423],[-141.001358,63.749546],[-141.001338,63.916179],[-141.001338,63.98496],[-141.001311,64.981761],[-141.001318,65.204135],[-141.001336,65.42102],[-141.001339,65.556977],[-141.001323,65.869533],[-141.001332,66.053958],[-141.001297,66.415335],[-141.001303,66.438994],[-141.001273,66.578863],[-141.001269,66.660668],[-141.001209,67.02047],[-141.001157,67.222176],[-141.0011,67.461082],[-141.001057,67.515553],[-141.001098,67.567844],[-141.001087,67.658393],[-141.001057,67.788485],[-141.001041,67.904249],[-141.001017,67.972533],[-141.001012,68.041267],[-141.000964,68.217906],[-141.000902,68.494394],[-141.000747,69.11075],[-141.000591,69.646614]]}},{"type":"Feature","id":"national-04","properties":{"fips":"04"},"geometry":{"type":"LineString","coordinates":[[-114.719497,32.718739],[-114.722107,32.713672],[-114.725435,32.709996],[-114.729904,32.704146],[-114.729709,32.700347],[-114.731786,32.695442],[-114.73514,32.690577],[-114.737537,32.68897],[-114.739692,32.685254],[-114.744497,32.678467],[-114.74532,32.67218],[-114.747719,32.667667],[-114.748195,32.66368],[-114.751313,32.659574],[-114.760025,32.654021],[-114.764548,32.649832],[-114.764559,32.647848],[-114.763227,32.645927],[-114.763784,32.643403],[-114.768542,32.639742],[-114.777686,32.634495],[-114.780581,32.632145],[-114.782338,32.6282],[-114.781561,32.625615],[-114.782725,32.624336],[-114.787456,32.623779],[-114.790699,32.622109],[-114.793454,32.622373],[-114.796912,32.624471],[-114.799751,32.625292],[-114.802103,32.623775],[-114.806685,32.622076],[-114.80844,32.619426],[-114.809437,32.615986],[-114.808704,32.612261],[-114.808681,32.608962],[-114.807774,32.606622],[-114.807826,32.603221],[-114.806428,32.601099],[-114.801753,32.599362],[-114.799402,32.592618],[-114.800461,32.587835],[-114.803652,32.583238],[-114.803918,32.581774],[-114.801356,32.57894],[-114.801552,32.576406],[-114.804165,32.573165],[-114.812652,32.569125],[-114.814009,32.565252],[-114.814087,32.562879],[-114.812694,32.560071],[-114.809468,32.558667],[-114.806492,32.559245],[-114.803651,32.560901],[-114.801452,32.562936],[-114.798397,32.564135],[-114.79512,32.566533],[-114.794721,32.568604],[-114.792808,32.569524],[-114.79183,32.568782],[-114.792665,32.562308],[-114.791673,32.559588],[-114.791408,32.556461],[-114.793352,32.552494],[-114.798267,32.549999],[-114.803522,32.548323],[-114.805671,32.545668],[-114.804571,32.541743],[-114.801781,32.53965],[-114.801938,32.536509],[-114.806149,32.531327],[-114.812988,32.525245],[-114.813002,32.524017],[-114.810461,32.522111],[-114.809769,32.520223],[-114.810354,32.518606],[-114.80924,32.5176],[-114.803686,32.516643],[-114.801973,32.514045],[-114.80333,32.510861],[-114.808605,32.508548],[-114.814123,32.509155],[-114.816057,32.508441],[-114.815976,32.506971],[-114.813937,32.504936],[-114.81236,32.500004],[-114.814073,32.496784],[-114.813692,32.494069],[-114.779885,32.484385],[-114.769454,32.481294],[-114.718086,32.465837],[-114.648022,32.444621],[-114.544134,32.413193],[-114.460179,32.387725],[-114.409719,32.372376],[-114.337542,32.350351],[-114.320445,32.345083],[-114.277434,32.331982],[-114.269255,32.329331],[-114.21958,32.31427],[-114.115175,32.282239],[-114.063951,32.266476],[-113.999841,32.246702],[-113.914305,32.220268],[-113.859174,32.20328],[-113.836226,32.196076],[-113.711412,32.157284],[-113.654776,32.139649],[-113.514217,32.095656],[-113.450333,32.075544],[-113.425137,32.067748],[-113.391018,32.056908],[-113.380297,32.053586],[-113.339866,32.040802],[-113.333767,32.038927],[-113.257399,32.014821],[-113.237547,32.008629],[-113.203014,31.997601],[-113.169373,31.987013],[-113.155326,31.982507],[-113.135437,31.976542],[-113.10137,31.966212],[-113.033228,31.945637],[-112.948033,31.919772],[-112.869126,31.895783],[-112.818115,31.880226],[-112.726812,31.852316],[-112.663422,31.832875],[-112.521971,31.789337],[-112.442039,31.764646],[-112.402618,31.752494],[-112.200044,31.68956],[-112.149712,31.673871],[-112.07593,31.650798],[-111.979326,31.620434],[-111.895235,31.593957],[-111.716927,31.53762],[-111.657064,31.518657],[-111.572246,31.4917],[-111.555321,31.486357],[-111.506263,31.470723],[-111.482083,31.462945],[-111.461232,31.456368],[-111.357305,31.423163],[-111.252667,31.389628],[-111.207827,31.375177],[-111.134286,31.351529],[-111.07498,31.332342],[-110.941523,31.33274],[-110.847748,31.333738],[-110.712077,31.333298],[-110.598854,31.332947],[-110.504911,31.332832],[-110.459747,31.332874],[-110.224526,31.333858],[-110.156498,31.334125],[-109.979736,31.334089],[-109.852956,31.334041],[-109.777086,31.334042],[-109.604021,31.334015],[-109.266862,31.333929],[-109.088459,31.332371],[-109.050033,31.332348]]}},{"type":"Feature","id":"national-06","properties":{"fips":"06"},"geometry":{"type":"LineString","coordinates":[[-117.12607,32.534189],[-116.997254,32.545198],[-116.853022,32.557436],[-116.799684,32.561944],[-116.697063,32.570552],[-116.627462,32.576339],[-116.548138,32.582891],[-116.439409,32.591782],[-116.348103,32.599174],[-116.226682,32.608916],[-116.091527,32.619594],[-116.012315,32.62579],[-115.879405,32.636078],[-115.771694,32.644295],[-115.705517,32.649304],[-115.58096,32.658635],[-115.473611,32.666563],[-115.368657,32.674106],[-115.242649,32.683009],[-115.174334,32.687799],[-115.0513,32.696334],[-115.001023,32.699784],[-114.910038,32.705977],[-114.736808,32.717593],[-114.719497,32.718739]]}},{"type":"Feature","id":"national-16","properties":{"fips":"16"},"geometry":{"type":"LineString","coordinates":[[-116.049086,49.000846],[-116.194152,49.000555],[-116.237236,49.000837],[-116.341069,49.000529],[-116.428668,49.000196],[-116.499572,48.999881],[-116.614164,48.999889],[-116.702099,48.999873],[-116.788568,48.999787],[-116.888583,48.999608],[-116.943657,48.999473],[-117.032345,48.999201]]}},{"type":"Feature","id":"national-23","properties":{"fips":"23"},"geometry":{"type":"LineString","coordinates":[[-67.077626,45.046743],[-67.091028,45.068898],[-67.094551,45.074513],[-67.112557,45.112584],[-67.128908,45.132382],[-67.144996,45.146016],[-67.158871,45.162035],[-67.167965,45.164733],[-67.190446,45.165658],[-67.192684,45.166189],[-67.202787,45.171356],[-67.205083,45.171409],[-67.208621,45.169338],[-67.213644,45.167541],[-67.217962,45.166575],[-67.223163,45.163363],[-67.227284,45.163429],[-67.229777,45.164844],[-67.2329,45.168517],[-67.235492,45.169704],[-67.241039,45.170985],[-67.242809,45.172443],[-67.243939,45.178256],[-67.247426,45.180889],[-67.249599,45.181202],[-67.255305,45.18286],[-67.262242,45.187942],[-67.269216,45.190508],[-67.272022,45.191206],[-67.279011,45.191116],[-67.28336,45.191859],[-67.285108,45.191303],[-67.287029,45.189117],[-67.289716,45.188792],[-67.290991,45.187572],[-67.291621,45.18352],[-67.290732,45.181663],[-67.294047,45.177166],[-67.293522,45.175857],[-67.291105,45.174571],[-67.291426,45.171035],[-67.296832,45.170099],[-67.299343,45.16918],[-67.302686,45.160712],[-67.301625,45.156996],[-67.297574,45.155479],[-67.294225,45.153632],[-67.294742,45.14968],[-67.295973,45.147837],[-67.300083,45.146185],[-67.309775,45.143656],[-67.320012,45.142402],[-67.317701,45.138022],[-67.320822,45.131335],[-67.330505,45.131801],[-67.340848,45.125041],[-67.342796,45.125934],[-67.345993,45.126452],[-67.349165,45.129496],[-67.353445,45.129165],[-67.357529,45.132204],[-67.35656,45.13299],[-67.363584,45.137644],[-67.37068,45.142003],[-67.378059,45.149813],[-67.38072,45.152144],[-67.383078,45.151976],[-67.39259,45.154294],[-67.394681,45.155875],[-67.405029,45.160063],[-67.405783,45.162947],[-67.404769,45.166777],[-67.399199,45.168955],[-67.398329,45.17338],[-67.40052,45.177667],[-67.40654,45.178904],[-67.411476,45.182543],[-67.413366,45.185411],[-67.415229,45.186801],[-67.418114,45.189997],[-67.426872,45.191515],[-67.429267,45.193465],[-67.42872,45.19967],[-67.427969,45.201791],[-67.430733,45.206145],[-67.430922,45.209189],[-67.435332,45.216096],[-67.437293,45.219908],[-67.436989,45.222738],[-67.439315,45.224771],[-67.440438,45.227727],[-67.447357,45.233125],[-67.449188,45.236585],[-67.453849,45.241235],[-67.455642,45.241892],[-67.460082,45.242002],[-67.461914,45.242701],[-67.464197,45.245115],[-67.466805,45.249578],[-67.46852,45.250653],[-67.46895,45.253278],[-67.471153,45.255171],[-67.473113,45.258637],[-67.47149,45.260708],[-67.471811,45.261636],[-67.474784,45.263277],[-67.476432,45.269055],[-67.475775,45.271302],[-67.477158,45.273871],[-67.476419,45.275396],[-67.482031,45.275365],[-67.483505,45.279454],[-67.489044,45.280575],[-67.489663,45.282133],[-67.485871,45.287015],[-67.486396,45.289891],[-67.485078,45.291153],[-67.481215,45.291097],[-67.477934,45.288313],[-67.476111,45.288633],[-67.474715,45.291677],[-67.472101,45.292207],[-67.470817,45.29331],[-67.466125,45.293859],[-67.465958,45.296885],[-67.468703,45.297375],[-67.468069,45.298994],[-67.465834,45.299802],[-67.4628,45.299326],[-67.460312,45.300018],[-67.459746,45.303171],[-67.45874,45.304365],[-67.459227,45.305681],[-67.457863,45.309591],[-67.453467,45.313691],[-67.451837,45.317682],[-67.452966,45.320417],[-67.455451,45.322377],[-67.456909,45.325254],[-67.455454,45.327142],[-67.450789,45.329159],[-67.446455,45.329926],[-67.443602,45.330869],[-67.441849,45.332449],[-67.442033,45.333924],[-67.440605,45.336037],[-67.434618,45.340058],[-67.431226,45.341073],[-67.428879,45.344387],[-67.428931,45.345731],[-67.431456,45.349763],[-67.430658,45.35106],[-67.42865,45.351709],[-67.428572,45.354753],[-67.425454,45.356587],[-67.425353,45.357415],[-67.433554,45.360818],[-67.433656,45.363458],[-67.43453,45.364964],[-67.432145,45.367032],[-67.432361,45.368053],[-67.430168,45.371617],[-67.426751,45.373681],[-67.425375,45.372971],[-67.421134,45.373571],[-67.419235,45.377104],[-67.42282,45.379288],[-67.422736,45.381219],[-67.424089,45.382043],[-67.426318,45.385509],[-67.426791,45.3898],[-67.429704,45.391938],[-67.432403,45.394781],[-67.438461,45.399038],[-67.440079,45.401152],[-67.446891,45.406754],[-67.450652,45.409115],[-67.452727,45.409677],[-67.456266,45.413431],[-67.459143,45.415781],[-67.45938,45.417425],[-67.461128,45.419306],[-67.460243,45.420442],[-67.462388,45.422597],[-67.466806,45.422457],[-67.472677,45.42322],[-67.474112,45.425089],[-67.475427,45.428823],[-67.477521,45.430528],[-67.477433,45.432817],[-67.478936,45.435724],[-67.478135,45.436868],[-67.480391,45.440935],[-67.477584,45.441622],[-67.476469,45.443322],[-67.477898,45.446428],[-67.482284,45.448091],[-67.483962,45.449402],[-67.485029,45.452759],[-67.484946,45.456343],[-67.482497,45.457098],[-67.482106,45.459397],[-67.483655,45.462071],[-67.48629,45.464731],[-67.487227,45.467729],[-67.490318,45.469369],[-67.494947,45.472836],[-67.497017,45.475901],[-67.499312,45.477043],[-67.500946,45.47894],[-67.501487,45.482702],[-67.502654,45.483826],[-67.503714,45.486704],[-67.503455,45.489568],[-67.500065,45.4909],[-67.497183,45.490293],[-67.495099,45.488687],[-67.489532,45.489155],[-67.488161,45.491179],[-67.489218,45.493056],[-67.485489,45.4956],[-67.483831,45.495405],[-67.48169,45.493805],[-67.479576,45.496213],[-67.477597,45.497048],[-67.473303,45.496064],[-67.471395,45.497239],[-67.467543,45.495175],[-67.463735,45.497056],[-67.464569,45.498314],[-67.467634,45.498392],[-67.470467,45.499517],[-67.471236,45.500851],[-67.47029,45.502115],[-67.47113,45.504174],[-67.469886,45.505827],[-67.466897,45.505805],[-67.466566,45.506732],[-67.463599,45.50838],[-67.460857,45.506313],[-67.453841,45.500223],[-67.451589,45.499071],[-67.449714,45.499087],[-67.448919,45.502126],[-67.449983,45.505203],[-67.453145,45.50712],[-67.453459,45.508848],[-67.450141,45.510267],[-67.447996,45.509806],[-67.441924,45.505239],[-67.437071,45.505108],[-67.43447,45.503412],[-67.432396,45.503824],[-67.430615,45.503079],[-67.430792,45.501363],[-67.427337,45.500917],[-67.424474,45.503653],[-67.425224,45.504895],[-67.422818,45.505495],[-67.418011,45.501202],[-67.416211,45.501295],[-67.416496,45.50432],[-67.420928,45.511792],[-67.425016,45.513879],[-67.426406,45.515184],[-67.425688,45.517122],[-67.42854,45.519021],[-67.432113,45.519204],[-67.432698,45.519781],[-67.431744,45.523797],[-67.433021,45.524869],[-67.434864,45.528137],[-67.435132,45.531587],[-67.434361,45.532768],[-67.434743,45.535886],[-67.433745,45.536934],[-67.432471,45.540407],[-67.430837,45.540699],[-67.428573,45.539812],[-67.425077,45.540258],[-67.425484,45.541463],[-67.424301,45.542986],[-67.423901,45.54702],[-67.420666,45.549676],[-67.422676,45.553768],[-67.422054,45.556532],[-67.423231,45.557999],[-67.426541,45.560604],[-67.426603,45.563065],[-67.428174,45.565115],[-67.428106,45.5676],[-67.428892,45.568681],[-67.423194,45.571592],[-67.425375,45.576871],[-67.425528,45.578432],[-67.431055,45.584114],[-67.433621,45.585785],[-67.443137,45.593834],[-67.445097,45.596178],[-67.447325,45.596607],[-67.450018,45.602466],[-67.456702,45.60434],[-67.465001,45.603436],[-67.468489,45.600681],[-67.472486,45.600517],[-67.477184,45.603909],[-67.486014,45.601414],[-67.490821,45.600778],[-67.49329,45.601343],[-67.494108,45.598938],[-67.491712,45.598504],[-67.490375,45.597035],[-67.487746,45.596963],[-67.489447,45.593705],[-67.491132,45.593235],[-67.491506,45.590898],[-67.499022,45.586654],[-67.519216,45.587568],[-67.535213,45.595043],[-67.547995,45.597847],[-67.557079,45.596973],[-67.557768,45.594822],[-67.561689,45.594693],[-67.583223,45.602269],[-67.589857,45.606784],[-67.608374,45.606148],[-67.624449,45.61649],[-67.631794,45.621368],[-67.639102,45.625115],[-67.643956,45.623147],[-67.639775,45.616082],[-67.645566,45.613339],[-67.663281,45.62536],[-67.666227,45.624214],[-67.67523,45.630741],[-67.679784,45.638222],[-67.6923,45.650087],[-67.691313,45.653534],[-67.697941,45.659554],[-67.70139,45.669057],[-67.706171,45.673538],[-67.710538,45.679203],[-67.709574,45.681328],[-67.713075,45.681188],[-67.717814,45.67941],[-67.721914,45.68242],[-67.72314,45.684117],[-67.7253,45.685512],[-67.727048,45.688466],[-67.728252,45.689244],[-67.734552,45.68892],[-67.733499,45.684034],[-67.729954,45.676675],[-67.726444,45.673551],[-67.723705,45.672192],[-67.723492,45.669991],[-67.717943,45.667661],[-67.717603,45.665138],[-67.720073,45.662265],[-67.721904,45.662304],[-67.723773,45.663956],[-67.727229,45.66264],[-67.731279,45.66362],[-67.732473,45.66338],[-67.73569,45.66692],[-67.738733,45.667678],[-67.74442,45.672917],[-67.74692,45.6706],[-67.754303,45.667575],[-67.768718,45.677487],[-67.80363,45.677651],[-67.818008,45.693819],[-67.802934,45.696088],[-67.809622,45.729574],[-67.781796,45.731117],[-67.789587,45.744845],[-67.792879,45.750075],[-67.799716,45.75288],[-67.80627,45.755244],[-67.809313,45.767358],[-67.805513,45.769541],[-67.803852,45.781103],[-67.806483,45.794405],[-67.802118,45.803034],[-67.781466,45.81548],[-67.780343,45.81581],[-67.780689,45.817757],[-67.778102,45.819208],[-67.772173,45.819433],[-67.767527,45.818441],[-67.765642,45.818533],[-67.764179,45.819983],[-67.755319,45.82335],[-67.763773,45.828839],[-67.764116,45.831472],[-67.765497,45.832094],[-67.76523,45.834422],[-67.766803,45.834821],[-67.766621,45.836318],[-67.769274,45.838212],[-67.771937,45.841547],[-67.773944,45.841852],[-67.777539,45.843435],[-67.779522,45.844979],[-67.782465,45.846319],[-67.787281,45.849554],[-67.789918,45.851927],[-67.791315,45.854563],[-67.793795,45.856635],[-67.794198,45.858],[-67.797114,45.860025],[-67.796291,45.86221],[-67.798504,45.864046],[-67.796151,45.865243],[-67.800745,45.867597],[-67.802019,45.867418],[-67.80431,45.869128],[-67.803225,45.870336],[-67.803562,45.872163],[-67.804721,45.873128],[-67.804805,45.875284],[-67.80382,45.876062],[-67.804318,45.878958],[-67.803911,45.882898],[-67.802669,45.883901],[-67.80156,45.883188],[-67.798862,45.884324],[-67.796892,45.887847],[-67.795215,45.887814],[-67.79329,45.890428],[-67.79046,45.891306],[-67.789987,45.893221],[-67.787515,45.894681],[-67.78438,45.895716],[-67.782413,45.894472],[-67.779253,45.894583],[-67.778931,45.896872],[-67.777103,45.897631],[-67.776469,45.895907],[-67.773883,45.896691],[-67.772686,45.897736],[-67.770167,45.897254],[-67.768053,45.898111],[-67.768826,45.898893],[-67.768671,45.903184],[-67.767542,45.905431],[-67.764812,45.907977],[-67.763911,45.910638],[-67.760394,45.909624],[-67.757931,45.912249],[-67.755371,45.91166],[-67.754252,45.91398],[-67.752246,45.914632],[-67.751415,45.917383],[-67.75065,45.917471],[-67.753848,45.921324],[-67.757722,45.922621],[-67.758927,45.924081],[-67.758302,45.926046],[-67.762521,45.927851],[-67.766238,45.928033],[-67.765938,45.930536],[-67.76765,45.931909],[-67.771172,45.931658],[-67.77347,45.934823],[-67.775554,45.934103],[-67.777924,45.934332],[-67.778301,45.936151],[-67.780617,45.939287],[-67.780313,45.941217],[-67.781248,45.94345],[-67.781125,45.992099],[-67.780959,46.03783],[-67.781188,46.077471],[-67.781246,46.112592],[-67.781246,46.146698],[-67.781455,46.19023],[-67.781649,46.217241],[-67.781937,46.248254],[-67.781967,46.262768],[-67.782396,46.299462],[-67.783116,46.353563],[-67.78418,46.417968],[-67.785027,46.463543],[-67.785886,46.505396],[-67.788288,46.601305],[-67.78832,46.615639],[-67.788962,46.712776],[-67.789724,46.805943],[-67.789443,46.85773],[-67.789455,46.912248],[-67.78957,46.926653],[-67.789806,47.013395],[-67.790196,47.06722],[-67.794595,47.069504],[-67.803837,47.072649],[-67.811216,47.076047],[-67.81693,47.081392],[-67.82111,47.083414],[-67.826015,47.084673],[-67.830541,47.08497],[-67.838283,47.087661],[-67.848667,47.093303],[-67.859241,47.09685],[-67.868365,47.100543],[-67.87482,47.101172],[-67.879727,47.102676],[-67.882916,47.104403],[-67.888166,47.109813],[-67.88956,47.114127],[-67.889189,47.119545],[-67.890384,47.122352],[-67.889912,47.124317],[-67.890856,47.126558],[-67.894208,47.130468],[-67.898891,47.133113],[-67.903491,47.136485],[-67.907565,47.144115],[-67.909833,47.147219],[-67.912397,47.148784],[-67.921305,47.151675],[-67.927273,47.154964],[-67.928663,47.156219],[-67.931933,47.161487],[-67.934917,47.163615],[-67.936902,47.166064],[-67.938809,47.170933],[-67.948414,47.181644],[-67.951464,47.183464],[-67.950872,47.190105],[-67.951945,47.194534],[-67.95342,47.196692],[-67.957218,47.199619],[-67.973203,47.20679],[-67.982816,47.208659],[-67.98734,47.209252],[-67.989703,47.210022],[-67.998164,47.217118],[-68.006856,47.227161],[-68.016646,47.234932],[-68.019671,47.238498],[-68.025271,47.239949],[-68.033352,47.243328],[-68.03909,47.246498],[-68.052113,47.25196],[-68.059176,47.255184],[-68.064845,47.257252],[-68.073993,47.259159],[-68.076633,47.262528],[-68.077357,47.265899],[-68.081944,47.270993],[-68.092303,47.276551],[-68.102369,47.279987],[-68.105014,47.281434],[-68.120936,47.28743],[-68.123103,47.289883],[-68.127492,47.293999],[-68.135891,47.295648],[-68.141254,47.299557],[-68.1469,47.30566],[-68.152211,47.30967],[-68.153869,47.313299],[-68.15327,47.315097],[-68.152332,47.322052],[-68.15468,47.325185],[-68.159985,47.327174],[-68.16991,47.328491],[-68.176045,47.32887],[-68.179735,47.330203],[-68.202351,47.339416],[-68.207316,47.33961],[-68.211359,47.338843],[-68.214533,47.339606],[-68.219334,47.34161],[-68.223719,47.344704],[-68.224715,47.350249],[-68.228121,47.353358],[-68.234469,47.355301],[-68.238025,47.354782],[-68.247973,47.352118],[-68.264908,47.352217],[-68.271095,47.354514],[-68.280572,47.359622],[-68.284798,47.360286],[-68.290344,47.35991],[-68.293487,47.358969],[-68.299546,47.355967],[-68.305191,47.355257],[-68.311095,47.356241],[-68.322364,47.359426],[-68.327668,47.360068],[-68.335595,47.359731],[-68.3434,47.358175],[-68.351851,47.357366],[-68.36313,47.354657],[-68.368986,47.351535],[-68.371879,47.349357],[-68.377723,47.343551],[-68.380154,47.339648],[-68.381514,47.331755],[-68.383192,47.328722],[-68.384715,47.324081],[-68.384528,47.321327],[-68.383446,47.319476],[-68.380964,47.310275],[-68.380844,47.308226],[-68.384787,47.303661],[-68.383893,47.301154],[-68.380644,47.298873],[-68.37632,47.295184],[-68.374725,47.291015],[-68.375624,47.288966],[-68.377858,47.287375],[-68.381598,47.286265],[-68.389967,47.28598],[-68.394582,47.286777],[-68.403149,47.286984],[-68.409848,47.288008],[-68.415097,47.287455],[-68.425795,47.282034],[-68.429807,47.281259],[-68.434363,47.282018],[-68.441305,47.28367],[-68.446258,47.282186],[-68.448767,47.28201],[-68.452679,47.282532],[-68.458486,47.284367],[-68.464566,47.29363],[-68.465619,47.294609],[-68.470433,47.296705],[-68.475025,47.297139],[-68.484011,47.294907],[-68.490156,47.293857],[-68.496648,47.294006],[-68.503445,47.296032],[-68.508261,47.296475],[-68.516766,47.296086],[-68.523952,47.294501],[-68.530239,47.292029],[-68.538791,47.285285],[-68.540815,47.284309],[-68.5498,47.282142],[-68.553745,47.282355],[-68.557919,47.283171],[-68.571919,47.287151],[-68.577612,47.287619],[-68.58005,47.287115],[-68.589445,47.28054],[-68.590529,47.27881],[-68.592357,47.274134],[-68.597675,47.270155],[-68.598202,47.268518],[-68.597499,47.26687],[-68.593319,47.261085],[-68.593546,47.258769],[-68.596057,47.256163],[-68.599706,47.254485],[-68.604597,47.249296],[-68.607518,47.246982],[-68.617512,47.243372],[-68.625464,47.24217],[-68.635112,47.242335],[-68.640264,47.240721],[-68.646276,47.239484],[-68.653096,47.23927],[-68.655415,47.23886],[-68.659847,47.236124],[-68.663198,47.23628],[-68.667522,47.238154],[-68.674954,47.242327],[-68.679471,47.24306],[-68.684352,47.242887],[-68.687152,47.24441],[-68.691708,47.243837],[-68.695232,47.242552],[-68.702263,47.238286],[-68.706104,47.237837],[-68.709455,47.239389],[-68.715278,47.24083],[-68.717024,47.240541],[-68.724915,47.238091],[-68.727847,47.236361],[-68.730146,47.235673],[-68.734366,47.235679],[-68.737937,47.233379],[-68.743118,47.231177],[-68.751893,47.22636],[-68.757139,47.224335],[-68.764346,47.222044],[-68.768941,47.221149],[-68.781377,47.221048],[-68.804267,47.215366],[-68.811529,47.215131],[-68.815184,47.213477],[-68.817295,47.211172],[-68.826559,47.207128],[-68.831451,47.203919],[-68.842887,47.199715],[-68.849962,47.196251],[-68.850952,47.194654],[-68.857438,47.19034],[-68.861567,47.189079],[-68.871033,47.189069],[-68.876068,47.187257],[-68.882152,47.182907],[-68.884423,47.183155],[-68.889087,47.182015],[-68.893718,47.18279],[-68.895519,47.182434],[-68.898792,47.180252],[-68.900034,47.177742],[-68.904872,47.180473],[-68.908443,47.186342],[-68.911953,47.186463],[-68.915043,47.188576],[-68.919779,47.18993],[-68.919949,47.194832],[-68.92374,47.197377],[-68.92557,47.197884],[-68.926579,47.196805],[-68.928445,47.196599],[-68.92995,47.197594],[-68.928056,47.19872],[-68.929074,47.199472],[-68.932886,47.199708],[-68.93648,47.202897],[-68.939374,47.204514],[-68.941058,47.206078],[-68.942601,47.206093],[-68.949673,47.202149],[-68.951954,47.202683],[-68.952106,47.205833],[-68.952854,47.206894],[-68.960003,47.205255],[-68.961818,47.206407],[-68.963484,47.209718],[-68.964794,47.21018],[-68.965275,47.212525],[-68.967215,47.21341],[-68.97193,47.214655],[-68.974903,47.216734],[-68.97859,47.217699],[-68.980399,47.220113],[-68.988286,47.223584],[-69.00737,47.230943],[-69.021934,47.236737],[-69.027075,47.23934],[-69.033773,47.240403],[-69.034842,47.241905],[-69.037406,47.242716],[-69.0409,47.245011],[-69.045235,47.250425],[-69.050747,47.256479],[-69.050602,47.260183],[-69.048124,47.263257],[-69.048871,47.264757],[-69.04714,47.267259],[-69.048413,47.269421],[-69.046842,47.271585],[-69.048139,47.273237],[-69.048079,47.27511],[-69.049275,47.275778],[-69.050778,47.278474],[-69.05081,47.281426],[-69.049192,47.283324],[-69.049792,47.284638],[-69.049696,47.289284],[-69.051173,47.292383],[-69.052831,47.292493],[-69.052701,47.294496],[-69.053465,47.29718],[-69.053076,47.298523],[-69.050633,47.299538],[-69.051271,47.300645],[-69.050699,47.303956],[-69.049237,47.305849],[-69.054866,47.315331],[-69.053918,47.326897],[-69.05353,47.34064],[-69.053825,47.365677],[-69.054421,47.376541],[-69.054883,47.377716],[-69.05326,47.378635],[-69.050025,47.37855],[-69.049599,47.379981],[-69.050888,47.380973],[-69.048498,47.382033],[-69.047483,47.383423],[-69.044637,47.383914],[-69.044136,47.382735],[-69.040703,47.383101],[-69.039642,47.384208],[-69.040138,47.386012],[-69.043616,47.387557],[-69.045685,47.390285],[-69.04541,47.392986],[-69.043509,47.39548],[-69.043205,47.397666],[-69.040753,47.396762],[-69.039206,47.3954],[-69.037565,47.396843],[-69.040326,47.397301],[-69.041852,47.398235],[-69.042729,47.39993],[-69.042732,47.40197],[-69.041335,47.401846],[-69.040786,47.400551],[-69.038841,47.400263],[-69.035537,47.40097],[-69.03987,47.402244],[-69.042494,47.404746],[-69.041699,47.405746],[-69.039602,47.405193],[-69.039451,47.40372],[-69.034254,47.403072],[-69.033198,47.402211],[-69.031437,47.402694],[-69.033409,47.404441],[-69.032743,47.406012],[-69.030599,47.40742],[-69.030872,47.40903],[-69.035718,47.407263],[-69.037054,47.408545],[-69.036627,47.410113],[-69.035147,47.411232],[-69.035695,47.413287],[-69.034497,47.414156],[-69.035481,47.414985],[-69.038197,47.41461],[-69.042249,47.415713],[-69.041835,47.416926],[-69.039562,47.418746],[-69.039457,47.422286],[-69.042256,47.423587],[-69.042431,47.425136],[-69.044078,47.427528],[-69.047435,47.427741],[-69.047963,47.426665],[-69.046561,47.426082],[-69.046546,47.424273],[-69.049007,47.422713],[-69.052716,47.422362],[-69.052318,47.423274],[-69.049612,47.423583],[-69.048747,47.425116],[-69.050337,47.426516],[-69.051739,47.426558],[-69.053227,47.428835],[-69.052036,47.429611],[-69.054241,47.430198],[-69.054485,47.429091],[-69.056829,47.429976],[-69.055638,47.432178],[-69.058485,47.432666],[-69.062153,47.432642],[-69.062228,47.43375],[-69.0641,47.433101],[-69.062467,47.430378],[-69.06451,47.431072],[-69.068288,47.429477],[-69.068393,47.427406],[-69.071173,47.426826],[-69.073512,47.427463],[-69.078451,47.425787],[-69.081363,47.423739],[-69.084324,47.424228],[-69.088139,47.425536],[-69.090933,47.424289],[-69.090704,47.426059],[-69.092275,47.427135],[-69.097852,47.42689],[-69.097157,47.42974],[-69.098882,47.431448],[-69.104192,47.430865],[-69.10394,47.429057],[-69.105061,47.427902],[-69.107741,47.427684],[-69.106564,47.430675],[-69.107969,47.432987],[-69.107793,47.435375],[-69.109996,47.436367],[-69.112934,47.436153],[-69.112087,47.437517],[-69.118,47.439193],[-69.122015,47.442698],[-69.123379,47.442607],[-69.123157,47.441008],[-69.126811,47.443565],[-69.131306,47.444461],[-69.13345,47.444194],[-69.135813,47.445567],[-69.139301,47.446636],[-69.139987,47.444006],[-69.141812,47.444553],[-69.142345,47.445995],[-69.145611,47.448588],[-69.151241,47.448978],[-69.152827,47.450222],[-69.157084,47.451636],[-69.158146,47.449137],[-69.160815,47.447521],[-69.162258,47.447432],[-69.164622,47.448634],[-69.164762,47.449676],[-69.163128,47.450275],[-69.164928,47.451515],[-69.167378,47.452041],[-69.169146,47.453296],[-69.172518,47.45354],[-69.172734,47.455649],[-69.175073,47.455405],[-69.175946,47.456755],[-69.17799,47.456332],[-69.178897,47.457378],[-69.179949,47.456363],[-69.183094,47.455912],[-69.184543,47.456412],[-69.185261,47.455387],[-69.188272,47.455073],[-69.190442,47.453551],[-69.192799,47.455317],[-69.195794,47.455493],[-69.200418,47.45402],[-69.202337,47.452227],[-69.205569,47.452174],[-69.204762,47.453413],[-69.208919,47.454458],[-69.210307,47.455276],[-69.212963,47.455448],[-69.214327,47.45652],[-69.217889,47.456614],[-69.222302,47.458488],[-69.224461,47.459833],[-69.272093,47.413497],[-69.322214,47.364629],[-69.388895,47.299444],[-69.445042,47.244403],[-69.479952,47.210105],[-69.526647,47.164142],[-69.566261,47.125071],[-69.63106,47.061019],[-69.668927,47.023501],[-69.71867,46.9741],[-69.763392,46.929593],[-69.817364,46.875763],[-69.899581,46.793521],[-69.942678,46.750269],[-69.997111,46.69552],[-70.021655,46.580683],[-70.056556,46.41655],[-70.057233,46.414875],[-70.061853,46.413775],[-70.064206,46.414131],[-70.065894,46.412614],[-70.068167,46.411656],[-70.072025,46.411169],[-70.076447,46.409539],[-70.079447,46.410614],[-70.0837,46.410403],[-70.086461,46.409197],[-70.089117,46.410925],[-70.092022,46.409453],[-70.095136,46.409897],[-70.096944,46.409478],[-70.094706,46.408478],[-70.0966,46.407244],[-70.095175,46.406417],[-70.096933,46.405311],[-70.100594,46.405414],[-70.100122,46.402242],[-70.098969,46.400811],[-70.100936,46.401264],[-70.100653,46.398989],[-70.101656,46.397075],[-70.105039,46.393456],[-70.107528,46.392639],[-70.106617,46.390803],[-70.108697,46.391375],[-70.109875,46.390269],[-70.108142,46.388742],[-70.1099,46.388942],[-70.110214,46.387419],[-70.111475,46.388383],[-70.112667,46.387667],[-70.110819,46.386414],[-70.114211,46.385203],[-70.114975,46.388017],[-70.117269,46.385186],[-70.122542,46.382572],[-70.125808,46.381539],[-70.128106,46.378939],[-70.126992,46.370808],[-70.129156,46.370369],[-70.129472,46.369414],[-70.13175,46.369722],[-70.133733,46.368883],[-70.135781,46.369994],[-70.137556,46.369219],[-70.139422,46.365572],[-70.141417,46.364494],[-70.140353,46.363686],[-70.141883,46.362175],[-70.144544,46.362272],[-70.147306,46.359433],[-70.148856,46.358892],[-70.154256,46.360111],[-70.156433,46.36145],[-70.158069,46.360558],[-70.157936,46.359492],[-70.160333,46.359864],[-70.160153,46.360969],[-70.162458,46.360614],[-70.166564,46.357361],[-70.168289,46.358631],[-70.170831,46.359408],[-70.175339,46.358097],[-70.177256,46.355569],[-70.181106,46.354161],[-70.181692,46.352181],[-70.184319,46.351967],[-70.18795,46.350017],[-70.191189,46.350217],[-70.192172,46.349242],[-70.191258,46.348108],[-70.195775,46.343286],[-70.195175,46.342158],[-70.195964,46.340581],[-70.200906,46.336969],[-70.201983,46.335253],[-70.204208,46.334167],[-70.205272,46.332628],[-70.20745,46.331497],[-70.208944,46.329494],[-70.207619,46.328056],[-70.205953,46.323897],[-70.207178,46.322175],[-70.207292,46.319553],[-70.203175,46.314833],[-70.203019,46.313858],[-70.204986,46.31065],[-70.2061,46.309856],[-70.206544,46.306286],[-70.205594,46.302344],[-70.206639,46.301533],[-70.205603,46.300183],[-70.206789,46.299194],[-70.210358,46.298192],[-70.211869,46.298603],[-70.215206,46.295372],[-70.217358,46.295233],[-70.216614,46.294442],[-70.220722,46.293186],[-70.225667,46.292767],[-70.231633,46.291028],[-70.231661,46.288136],[-70.232531,46.284708],[-70.234339,46.283458],[-70.235472,46.281472],[-70.237706,46.280786],[-70.239878,46.27915],[-70.240164,46.276978],[-70.239436,46.275756],[-70.240692,46.274903],[-70.240667,46.27295],[-70.243353,46.273069],[-70.243044,46.271811],[-70.245811,46.269828],[-70.248661,46.267081],[-70.248489,46.265176],[-70.250497,46.262758],[-70.250597,46.260753],[-70.252503,46.259958],[-70.253525,46.256806],[-70.253025,46.255572],[-70.254567,46.253803],[-70.251503,46.251869],[-70.251303,46.248681],[-70.255408,46.245914],[-70.256042,46.243275],[-70.257172,46.241814],[-70.257125,46.240269],[-70.259383,46.238531],[-70.257978,46.237928],[-70.258322,46.235542],[-70.259322,46.234469],[-70.260367,46.230228],[-70.263544,46.229028],[-70.263828,46.227631],[-70.26565,46.225711],[-70.267336,46.225017],[-70.265817,46.223831],[-70.26795,46.220814],[-70.267481,46.219408],[-70.268842,46.219742],[-70.269764,46.217247],[-70.273647,46.216828],[-70.274419,46.214808],[-70.272019,46.2137],[-70.270911,46.211525],[-70.2718,46.209942],[-70.276397,46.207508],[-70.277814,46.203567],[-70.281061,46.200108],[-70.2839,46.198928],[-70.286058,46.196575],[-70.286006,46.195386],[-70.288319,46.195044],[-70.287914,46.193914],[-70.292692,46.191464],[-70.292375,46.190231],[-70.290094,46.188881],[-70.290608,46.185136],[-70.288281,46.185178],[-70.285714,46.184444],[-70.285839,46.1826],[-70.283814,46.181442],[-70.282431,46.178697],[-70.277594,46.174575],[-70.275392,46.174358],[-70.275547,46.173336],[-70.273736,46.172303],[-70.271136,46.172031],[-70.270689,46.170719],[-70.266569,46.169331],[-70.264708,46.167531],[-70.264467,46.164653],[-70.262064,46.164433],[-70.259644,46.163211],[-70.259064,46.161292],[-70.254944,46.158339],[-70.252614,46.158156],[-70.252153,46.157053],[-70.249536,46.155511],[-70.250356,46.154294],[-70.247603,46.153125],[-70.248394,46.151944],[-70.246306,46.151075],[-70.244092,46.151556],[-70.241919,46.149753],[-70.240594,46.150969],[-70.2405,46.14915],[-70.239253,46.148758],[-70.236317,46.145044],[-70.239581,46.143194],[-70.239297,46.139922],[-70.240339,46.139042],[-70.240289,46.13675],[-70.243903,46.131011],[-70.243564,46.128756],[-70.244811,46.128431],[-70.24555,46.126111],[-70.247508,46.125264],[-70.248136,46.122253],[-70.249733,46.120367],[-70.251483,46.119511],[-70.251208,46.117808],[-70.252414,46.11625],[-70.252178,46.115069],[-70.254108,46.114067],[-70.253461,46.112833],[-70.255322,46.109025],[-70.252697,46.107458],[-70.252208,46.105289],[-70.252853,46.104125],[-70.253114,46.100119],[-70.257192,46.099619],[-70.25761,46.100288],[-70.260741,46.100979],[-70.262596,46.100404],[-70.268493,46.101328],[-70.270354,46.10107],[-70.273553,46.102071],[-70.279367,46.09986],[-70.283004,46.100421],[-70.285937,46.099826],[-70.284184,46.09789],[-70.289706,46.094574],[-70.291016,46.091779],[-70.291587,46.087284],[-70.293614,46.085494],[-70.300337,46.083585],[-70.301909,46.08236],[-70.302279,46.080429],[-70.299861,46.079071],[-70.300551,46.077783],[-70.302859,46.076591],[-70.302077,46.073268],[-70.305025,46.071803],[-70.302531,46.070358],[-70.30633,46.068421],[-70.308868,46.065582],[-70.310956,46.064182],[-70.309434,46.062506],[-70.306877,46.061119],[-70.303355,46.062259],[-70.301698,46.060805],[-70.298803,46.060879],[-70.292194,46.060441],[-70.289131,46.062183],[-70.284246,46.062718],[-70.282184,46.060267],[-70.278942,46.060838],[-70.278254,46.059182],[-70.27939,46.058654],[-70.278321,46.056286],[-70.280813,46.053225],[-70.279614,46.052326],[-70.284724,46.048319],[-70.289136,46.046502],[-70.290127,46.044422],[-70.292402,46.043103],[-70.294242,46.041019],[-70.297365,46.04071],[-70.299256,46.038242],[-70.299683,46.035899],[-70.301094,46.03475],[-70.301934,46.031803],[-70.29846,46.030879],[-70.301374,46.02762],[-70.306287,46.024941],[-70.309693,46.024069],[-70.313624,46.022263],[-70.315163,46.020334],[-70.317996,46.019075],[-70.315652,46.018464],[-70.314047,46.01613],[-70.31223,46.016654],[-70.310496,46.014925],[-70.311303,46.012054],[-70.308884,46.010364],[-70.306925,46.010604],[-70.305144,46.006824],[-70.305938,46.005584],[-70.305548,46.003591],[-70.30302,46.002967],[-70.304025,46.001192],[-70.302369,45.99868],[-70.299434,45.998308],[-70.293982,45.996894],[-70.291444,45.997106],[-70.290352,45.995902],[-70.290793,45.994734],[-70.288709,45.995289],[-70.288627,45.994008],[-70.283942,45.995488],[-70.287038,45.993472],[-70.286275,45.992504],[-70.291039,45.989712],[-70.294671,45.986163],[-70.299727,45.985875],[-70.302761,45.983864],[-70.30699,45.982692],[-70.308911,45.980398],[-70.307032,45.978348],[-70.310034,45.977044],[-70.31194,45.973953],[-70.310243,45.972539],[-70.312464,45.969108],[-70.31157,45.966359],[-70.312272,45.965532],[-70.31594,45.96399],[-70.315859,45.962991],[-70.313297,45.963003],[-70.312551,45.962135],[-70.309352,45.96278],[-70.308181,45.963771],[-70.304846,45.964973],[-70.302271,45.963986],[-70.300681,45.964289],[-70.298374,45.962894],[-70.296809,45.963479],[-70.295168,45.962937],[-70.290676,45.963573],[-70.288703,45.963261],[-70.286621,45.964553],[-70.283386,45.963777],[-70.281272,45.964033],[-70.280107,45.965493],[-70.277004,45.967251],[-70.274752,45.966167],[-70.273623,45.964184],[-70.274942,45.963458],[-70.274476,45.961383],[-70.271847,45.961231],[-70.267492,45.962804],[-70.265714,45.964206],[-70.265356,45.962812],[-70.263321,45.962004],[-70.261444,45.959988],[-70.258024,45.958979],[-70.260066,45.957591],[-70.258658,45.954588],[-70.260426,45.953588],[-70.260526,45.95229],[-70.257776,45.952573],[-70.256351,45.952058],[-70.254892,45.953141],[-70.255042,45.954338],[-70.252794,45.955401],[-70.2508,45.953102],[-70.24915,45.952625],[-70.248031,45.949636],[-70.245965,45.949125],[-70.244692,45.947622],[-70.242325,45.946639],[-70.244275,45.944678],[-70.239142,45.943944],[-70.240354,45.942915],[-70.239507,45.939848],[-70.243994,45.937133],[-70.246802,45.936191],[-70.248399,45.934964],[-70.253307,45.932548],[-70.253997,45.930716],[-70.256158,45.928888],[-70.258663,45.928501],[-70.258786,45.926789],[-70.261508,45.925519],[-70.26309,45.923987],[-70.262147,45.922592],[-70.262255,45.919939],[-70.260559,45.920467],[-70.259406,45.918963],[-70.257373,45.918213],[-70.257564,45.915654],[-70.258923,45.914982],[-70.258331,45.912274],[-70.259643,45.910427],[-70.259289,45.909426],[-70.255229,45.908994],[-70.253386,45.90737],[-70.253867,45.90248],[-70.258054,45.899788],[-70.259654,45.899249],[-70.261571,45.896859],[-70.263147,45.896413],[-70.265666,45.893381],[-70.258822,45.891169],[-70.261944,45.888119],[-70.270214,45.884494],[-70.272988,45.882431],[-70.273926,45.879642],[-70.277005,45.878387],[-70.280637,45.875678],[-70.280908,45.874282],[-70.284458,45.871698],[-70.287575,45.870853],[-70.294272,45.866253],[-70.296943,45.864767],[-70.303516,45.862737],[-70.305731,45.860139],[-70.307806,45.858847],[-70.314364,45.85788],[-70.319824,45.855656],[-70.321701,45.856211],[-70.323357,45.855288],[-70.329003,45.854887],[-70.332936,45.853078],[-70.334816,45.853331],[-70.337816,45.852664],[-70.341945,45.852344],[-70.343516,45.849978],[-70.346335,45.849013],[-70.349301,45.847068],[-70.349351,45.845648],[-70.352992,45.84236],[-70.352186,45.840903],[-70.355695,45.839601],[-70.356106,45.837874],[-70.359426,45.83545],[-70.361781,45.835785],[-70.364476,45.834681],[-70.367122,45.83484],[-70.368441,45.836049],[-70.370824,45.835198],[-70.371931,45.833959],[-70.369825,45.832429],[-70.369337,45.831171],[-70.37122,45.829952],[-70.37285,45.827705],[-70.375098,45.827524],[-70.380014,45.824786],[-70.381746,45.822833],[-70.384004,45.821744],[-70.388027,45.818803],[-70.387793,45.814353],[-70.390155,45.813276],[-70.390399,45.812184],[-70.395472,45.809105],[-70.397159,45.807304],[-70.396779,45.805521],[-70.397851,45.80377],[-70.395716,45.802527],[-70.396604,45.799911],[-70.39616,45.798659],[-70.39891,45.796631],[-70.401367,45.795958],[-70.405332,45.796801],[-70.40667,45.797796],[-70.41687,45.795536],[-70.417806,45.79398],[-70.416629,45.793534],[-70.414355,45.790161],[-70.415739,45.785348],[-70.4148,45.784387],[-70.411031,45.784708],[-70.40912,45.782638],[-70.408839,45.780981],[-70.406755,45.777341],[-70.405624,45.776515],[-70.407664,45.773209],[-70.405464,45.770005],[-70.40638,45.768569],[-70.406322,45.764685],[-70.407027,45.762528],[-70.400779,45.75736],[-70.395876,45.756632],[-70.394405,45.754613],[-70.388425,45.750206],[-70.388024,45.748501],[-70.389149,45.747002],[-70.392062,45.74571],[-70.394192,45.744058],[-70.394582,45.742468],[-70.392924,45.741461],[-70.393439,45.739574],[-70.390368,45.736966],[-70.390139,45.736096],[-70.386989,45.736438],[-70.384797,45.735716],[-70.385846,45.735086],[-70.384237,45.734014],[-70.390102,45.728496],[-70.395136,45.729651],[-70.397037,45.728509],[-70.3975,45.726513],[-70.396731,45.725141],[-70.397541,45.72328],[-70.400622,45.721661],[-70.399566,45.720516],[-70.403712,45.71836],[-70.406214,45.717882],[-70.407672,45.716694],[-70.412967,45.716569],[-70.413001,45.715533],[-70.417654,45.713386],[-70.422943,45.711849],[-70.425732,45.711716],[-70.429609,45.710041],[-70.428457,45.707915],[-70.426774,45.708361],[-70.425904,45.707141],[-70.428252,45.70758],[-70.431304,45.707019],[-70.439162,45.703874],[-70.44106,45.705394],[-70.444119,45.703864],[-70.446267,45.703649],[-70.449676,45.704442],[-70.450913,45.703934],[-70.454485,45.706741],[-70.457377,45.707001],[-70.462187,45.705548],[-70.465469,45.70653],[-70.467138,45.704708],[-70.470201,45.703405],[-70.469109,45.701677],[-70.47495,45.698611],[-70.475004,45.697757],[-70.479402,45.694877],[-70.482657,45.693631],[-70.484712,45.693624],[-70.486353,45.691776],[-70.491113,45.689493],[-70.494313,45.688658],[-70.494536,45.687624],[-70.497064,45.68622],[-70.496463,45.685644],[-70.501757,45.683613],[-70.502306,45.681855],[-70.505971,45.681175],[-70.510779,45.679155],[-70.510821,45.67812],[-70.517199,45.674021],[-70.517684,45.672644],[-70.519808,45.671363],[-70.519911,45.669073],[-70.523086,45.668299],[-70.526392,45.666356],[-70.530436,45.66947],[-70.533181,45.670993],[-70.535045,45.669819],[-70.538202,45.668796],[-70.542391,45.666458],[-70.544935,45.666901],[-70.546522,45.666018],[-70.552879,45.667908],[-70.555801,45.666595],[-70.557407,45.667062],[-70.56058,45.664744],[-70.560218,45.664022],[-70.563709,45.662742],[-70.562196,45.660367],[-70.563261,45.658213],[-70.565209,45.65713],[-70.564945,45.654807],[-70.567007,45.654037],[-70.56832,45.652202],[-70.572831,45.648773],[-70.575574,45.648367],[-70.577125,45.645759],[-70.579529,45.643583],[-70.583573,45.642397],[-70.584021,45.638876],[-70.586049,45.637758],[-70.586717,45.635508],[-70.589911,45.633839],[-70.590871,45.630459],[-70.592345,45.62952],[-70.596731,45.629778],[-70.600489,45.627239],[-70.605064,45.626604],[-70.607045,45.625654],[-70.607184,45.623779],[-70.60854,45.621775],[-70.610818,45.621156],[-70.612003,45.619849],[-70.615512,45.618293],[-70.61885,45.614363],[-70.619147,45.612023],[-70.623226,45.611194],[-70.624469,45.611553],[-70.626895,45.610175],[-70.629759,45.610131],[-70.631811,45.609178],[-70.634955,45.610089],[-70.645269,45.606438],[-70.64617,45.603853],[-70.648612,45.601076],[-70.650852,45.599365],[-70.649591,45.598196],[-70.653958,45.592808],[-70.656872,45.590482],[-70.659123,45.589668],[-70.659051,45.587276],[-70.661715,45.585266],[-70.663805,45.584597],[-70.664088,45.582786],[-70.665504,45.582477],[-70.671518,45.578991],[-70.672509,45.577937],[-70.672041,45.576233],[-70.674979,45.574262],[-70.678095,45.570501],[-70.684173,45.568928],[-70.686274,45.569514],[-70.688129,45.568881],[-70.686144,45.568103],[-70.685119,45.566571],[-70.685732,45.565154],[-70.688361,45.564178],[-70.689195,45.562183],[-70.687633,45.560028],[-70.68623,45.559488],[-70.684274,45.556967],[-70.679082,45.553816],[-70.677099,45.552211],[-70.679734,45.55062],[-70.684854,45.550886],[-70.689228,45.546987],[-70.692241,45.542869],[-70.695868,45.540806],[-70.698089,45.53533],[-70.700918,45.532489],[-70.699072,45.530518],[-70.702353,45.529668],[-70.706456,45.527915],[-70.707046,45.526011],[-70.709205,45.524835],[-70.711119,45.519534],[-70.714466,45.518603],[-70.715759,45.518851],[-70.719918,45.516499],[-70.722571,45.513672],[-70.723644,45.510131],[-70.722692,45.506512],[-70.71682,45.504334],[-70.715402,45.504484],[-70.711596,45.501808],[-70.712229,45.500819],[-70.711368,45.49923],[-70.711891,45.497127],[-70.716709,45.492245],[-70.717844,45.490232],[-70.716396,45.486467],[-70.710517,45.483018],[-70.707429,45.480269],[-70.704733,45.47886],[-70.703895,45.479168],[-70.698788,45.478612],[-70.69543,45.476],[-70.691721,45.474266],[-70.691757,45.469736],[-70.692868,45.466364],[-70.691627,45.464163],[-70.690467,45.463612],[-70.68591,45.463305],[-70.682734,45.462538],[-70.681822,45.461691],[-70.680893,45.455996],[-70.681114,45.452183],[-70.675075,45.451878],[-70.66612,45.448398],[-70.662927,45.445962],[-70.654478,45.445608],[-70.650732,45.444944],[-70.650107,45.442819],[-70.646166,45.43777],[-70.642551,45.43629],[-70.643089,45.433593],[-70.640446,45.430777],[-70.635565,45.427249],[-70.630485,45.426768],[-70.629945,45.425123],[-70.627866,45.4226],[-70.627774,45.420703],[-70.628705,45.419222],[-70.631168,45.417793],[-70.631151,45.415889],[-70.634437,45.415903],[-70.635502,45.414888],[-70.635051,45.411069],[-70.632837,45.40861],[-70.630169,45.407031],[-70.624454,45.406149],[-70.621269,45.402736],[-70.623341,45.400217],[-70.626311,45.399644],[-70.628441,45.399863],[-70.633043,45.398405],[-70.636322,45.395233],[-70.636549,45.392613],[-70.638878,45.388825],[-70.634902,45.385316],[-70.634634,45.383802],[-70.636857,45.382317],[-70.640786,45.381303],[-70.643419,45.379868],[-70.650436,45.377193],[-70.658769,45.377673],[-70.660782,45.378133],[-70.660161,45.379877],[-70.661168,45.382278],[-70.661141,45.385623],[-70.664874,45.387972],[-70.674167,45.392581],[-70.678171,45.394274],[-70.682903,45.395208],[-70.68481,45.394712],[-70.687647,45.392876],[-70.690475,45.393209],[-70.692052,45.392568],[-70.696157,45.392417],[-70.699502,45.394537],[-70.702337,45.393498],[-70.706647,45.393121],[-70.707464,45.392027],[-70.712014,45.390483],[-70.71454,45.391991],[-70.717461,45.392925],[-70.720802,45.394679],[-70.724409,45.395903],[-70.72514,45.396854],[-70.729654,45.399096],[-70.731438,45.401874],[-70.730379,45.404375],[-70.734608,45.406279],[-70.73818,45.408902],[-70.743573,45.41186],[-70.743556,45.413357],[-70.745094,45.415212],[-70.744282,45.417542],[-70.744012,45.421166],[-70.749157,45.422763],[-70.75064,45.423725],[-70.751571,45.426247],[-70.754579,45.42831],[-70.758482,45.428044],[-70.760166,45.42714],[-70.764396,45.425928],[-70.768227,45.428502],[-70.773751,45.428846],[-70.776982,45.429934],[-70.779543,45.43012],[-70.781439,45.43123],[-70.784458,45.428426],[-70.787579,45.426473],[-70.789991,45.426845],[-70.791591,45.428108],[-70.795391,45.428063],[-70.798095,45.426516],[-70.798437,45.424154],[-70.801234,45.420758],[-70.802509,45.417937],[-70.807776,45.416476],[-70.811334,45.416166],[-70.81282,45.411414],[-70.81708,45.40821],[-70.818866,45.404925],[-70.825737,45.400265],[-70.82595,45.398381],[-70.824293,45.396645],[-70.825228,45.393082],[-70.822481,45.390488],[-70.817292,45.390361],[-70.813773,45.387758],[-70.812464,45.383441],[-70.810395,45.381659],[-70.809713,45.379977],[-70.806734,45.377452],[-70.804822,45.372594],[-70.804874,45.371236],[-70.802755,45.367521],[-70.802922,45.365026],[-70.808442,45.363071],[-70.809836,45.35797],[-70.811297,45.357237],[-70.813813,45.357333],[-70.814011,45.354949],[-70.811641,45.35212],[-70.809437,45.351511],[-70.809801,45.348671],[-70.812385,45.346455],[-70.815815,45.345937],[-70.817326,45.344744],[-70.819614,45.341399],[-70.819901,45.340195],[-70.818016,45.337885],[-70.819055,45.335449],[-70.818084,45.332593],[-70.816401,45.330773],[-70.814477,45.329946],[-70.812911,45.328039],[-70.808555,45.328358],[-70.807582,45.327662],[-70.808071,45.32499],[-70.806092,45.321579],[-70.80769,45.318241],[-70.807889,45.315521],[-70.808799,45.313506],[-70.808426,45.311817],[-70.810162,45.311326],[-70.814629,45.308161],[-70.811789,45.305597],[-70.81154,45.303767],[-70.812427,45.301995],[-70.815974,45.299371],[-70.816291,45.298181],[-70.819323,45.298947],[-70.823391,45.297603],[-70.825006,45.29789],[-70.826678,45.296785],[-70.831124,45.295272],[-70.833255,45.294981],[-70.835709,45.293595],[-70.832528,45.291146],[-70.83011,45.290737],[-70.830014,45.286845],[-70.831146,45.284195],[-70.831896,45.278911],[-70.83646,45.275976],[-70.839261,45.269026],[-70.841252,45.267014],[-70.843822,45.265351],[-70.848941,45.26309],[-70.848097,45.258932],[-70.849615,45.255907],[-70.84653,45.253013],[-70.848039,45.249661],[-70.848773,45.246528],[-70.84823,45.244342],[-70.844633,45.241904],[-70.839262,45.237543],[-70.836636,45.237304],[-70.837584,45.234989],[-70.840442,45.234063],[-70.846136,45.234384],[-70.851186,45.232173],[-70.853237,45.23173],[-70.857533,45.229134],[-70.861732,45.229938],[-70.863488,45.230931],[-70.866662,45.231402],[-70.874823,45.234149],[-70.879562,45.233389],[-70.880829,45.234278],[-70.884734,45.234859],[-70.889049,45.237868],[-70.889318,45.238704],[-70.892615,45.238974],[-70.896943,45.241864],[-70.896587,45.243032],[-70.898249,45.24408],[-70.897551,45.248243],[-70.895146,45.252257],[-70.898056,45.254428],[-70.898324,45.257975],[-70.903336,45.260664],[-70.906691,45.261561],[-70.905076,45.265224],[-70.908567,45.269514],[-70.911308,45.269991],[-70.911976,45.27188],[-70.913526,45.27273],[-70.916266,45.276123],[-70.916412,45.277336],[-70.921111,45.278829],[-70.921672,45.280536],[-70.920752,45.280952],[-70.918702,45.287283],[-70.913805,45.291866],[-70.913154,45.295024],[-70.912005,45.296311],[-70.913763,45.300349],[-70.91961,45.305263],[-70.919955,45.307727],[-70.917835,45.311723],[-70.920239,45.313374],[-70.927161,45.314854],[-70.929354,45.316576],[-70.929966,45.318811],[-70.938894,45.31998],[-70.940583,45.32323],[-70.943465,45.323879],[-70.945204,45.325703],[-70.944466,45.327368],[-70.945127,45.329037],[-70.948088,45.330249],[-70.950929,45.334799],[-70.950241,45.337504],[-70.952379,45.339117],[-70.958457,45.33777],[-70.961185,45.33672],[-70.963993,45.334127],[-70.966227,45.333524],[-70.967324,45.332221],[-70.973327,45.333613],[-70.97663,45.333363],[-70.977734,45.332462],[-70.981121,45.332221],[-70.982973,45.332636],[-70.984975,45.331907],[-70.985678,45.332982],[-70.98912,45.334137],[-70.990847,45.338096],[-70.993816,45.338364],[-71.000436,45.342034],[-71.001433,45.344168],[-71.010373,45.347664],[-71.013001,45.344234],[-71.012479,45.341259],[-71.011197,45.340088],[-71.01062,45.338156],[-71.011451,45.337857],[-71.010882,45.334763],[-71.011695,45.333652],[-71.008347,45.333357],[-71.004319,45.330986],[-71.002161,45.328115],[-71.003923,45.327372],[-71.005513,45.324399],[-71.008246,45.321311],[-71.008521,45.319241],[-71.011098,45.318365],[-71.013462,45.316867],[-71.016073,45.316338],[-71.016231,45.31553],[-71.019403,45.315429],[-71.022433,45.314438],[-71.024006,45.315417],[-71.027092,45.314686],[-71.030837,45.312553],[-71.032671,45.310192],[-71.03612,45.310671],[-71.039067,45.312606],[-71.0415,45.313108],[-71.046634,45.313086],[-71.053707,45.311518],[-71.055773,45.312911],[-71.0591,45.313838],[-71.060733,45.312989],[-71.062631,45.313129],[-71.065946,45.312043],[-71.065187,45.311646],[-71.070534,45.309499],[-71.07498,45.307051],[-71.078637,45.306445],[-71.079936,45.307045],[-71.083928,45.305484]]}},{"type":"Feature","id":"national-26","properties":{"fips":"26"},"geometry":{"type":"MultiLineString","coordinates":[[[-84.475594,46.452864],[-84.556976,46.46065],[-84.603084,46.500021],[-84.625054,46.518475],[-84.660557,46.548615],[-84.69076,46.573968],[-84.722824,46.600994],[-84.750061,46.623764],[-84.751942,46.625022],[-84.762957,46.634324],[-84.771261,46.656396],[-84.787146,46.697386],[-84.807354,46.750024],[-84.829102,46.80792],[-84.841957,46.841859],[-84.854047,46.875021],[-84.859335,46.888843],[-85.125524,47.000018],[-85.250111,47.054513],[-85.250111,47.05654],[-85.375122,47.107541],[-85.420121,47.125005],[-85.415964,47.125005],[-85.500131,47.158284],[-85.625137,47.210303],[-85.722212,47.249985],[-85.720967,47.249985],[-85.750143,47.264283],[-85.750143,47.261387],[-85.875144,47.314023],[-85.875144,47.316261],[-86.000144,47.367279],[-86.000145,47.361883],[-86.027345,47.374961],[-86.020032,47.374962],[-86.125142,47.416744],[-86.125141,47.423468],[-86.250139,47.474448],[-86.250139,47.477903],[-86.305205,47.499941],[-86.312774,47.49994],[-86.375134,47.523672],[-86.375134,47.523616],[-86.50013,47.568324],[-86.50013,47.569523],[-86.625125,47.620008],[-86.625125,47.617767],[-86.634344,47.62492],[-86.631321,47.62492],[-86.75012,47.674911],[-86.75012,47.67196],[-86.875116,47.721812],[-86.949226,47.749905],[-86.940622,47.749905],[-87.000111,47.773604],[-87.063101,47.799991],[-87.112695,47.817998],[-87.250103,47.870477],[-87.261138,47.874894],[-87.375099,47.920232],[-87.500095,47.968114],[-87.576882,47.999885],[-87.574241,47.999885],[-87.625091,48.019019],[-87.625091,48.021109],[-87.750087,48.063878],[-87.750087,48.066245],[-87.875082,48.114726],[-87.875082,48.113432],[-87.908245,48.124878],[-87.910813,48.124878],[-88.000078,48.155883],[-88.000077,48.16405],[-88.125073,48.21236],[-88.173112,48.230836],[-88.223025,48.249869],[-88.250068,48.260364],[-88.336499,48.293508],[-88.369862,48.306063],[-88.375065,48.304957],[-88.500063,48.280177],[-88.653263,48.24987],[-88.653802,48.24987],[-88.672859,48.246151],[-88.677442,48.245397],[-88.68767,48.241354],[-88.718376,48.228944],[-88.750067,48.215864],[-88.750067,48.215517],[-88.802509,48.194102],[-88.875071,48.164492],[-88.971197,48.12488],[-88.971903,48.12488],[-89.000074,48.11335],[-89.000074,48.113521],[-89.125079,48.061813],[-89.250083,48.010416],[-89.274665,47.999886],[-89.275475,47.999886],[-89.33755,47.974261],[-89.359822,47.980063],[-89.375085,47.983911],[-89.431733,47.999886],[-89.432307,48.000316],[-89.47864,48.012801],[-89.483385,48.013716]],[[-84.394725,46.499242],[-84.420274,46.501077],[-84.422227,46.500022],[-84.445149,46.489016]],[[-83.887383,46.073082],[-83.903737,46.060819],[-83.932026,46.058767],[-83.955424,46.057188],[-83.976134,46.102554],[-84.000012,46.115267],[-84.005873,46.118469],[-84.005685,46.149551],[-84.077027,46.187558],[-84.085785,46.209991],[-84.108089,46.241238],[-84.097766,46.256512],[-84.115563,46.268225],[-84.116395,46.277134],[-84.119629,46.315013],[-84.106247,46.321963],[-84.119122,46.337014],[-84.125025,46.34721],[-84.138906,46.372221],[-84.139485,46.375019],[-84.146172,46.41852],[-84.125026,46.470143],[-84.125026,46.469878],[-84.111225,46.504119],[-84.117925,46.517619],[-84.123325,46.520919],[-84.128925,46.530119],[-84.139426,46.532219],[-84.146526,46.531119],[-84.153027,46.52832],[-84.166027,46.52622],[-84.177428,46.52692],[-84.19402,46.540149],[-84.226131,46.53392],[-84.250033,46.506221],[-84.254857,46.50079],[-84.265542,46.494404],[-84.275814,46.492821],[-84.293016,46.492803],[-84.325371,46.500021],[-84.341959,46.507505],[-84.37399,46.509099]],[[-83.11246,41.95941],[-83.124923,41.986292],[-83.13114,42.000044],[-83.132268,42.003091],[-83.137558,42.014362],[-83.142089,42.024461],[-83.143956,42.02793],[-83.146172,42.033983],[-83.14945,42.040264],[-83.145691,42.053858],[-83.137207,42.078668],[-83.121704,42.125431],[-83.124683,42.137551],[-83.128033,42.150513],[-83.129858,42.158345],[-83.133937,42.174802],[-83.131712,42.198762],[-83.131471,42.202772],[-83.130227,42.214735],[-83.127999,42.238695],[-83.111627,42.260141],[-83.098687,42.286146],[-83.097704,42.289675],[-83.090734,42.29628],[-83.08002,42.307172],[-83.078207,42.308565],[-83.073425,42.310938],[-83.063637,42.316857],[-83.04981,42.321459],[-83.04058,42.324093],[-83.039153,42.324771],[-83.026234,42.32891],[-83.019024,42.330616],[-83.014076,42.331321],[-82.989197,42.332481],[-82.95975,42.340033],[-82.945485,42.347396],[-82.931699,42.350487],[-82.923014,42.352211],[-82.898813,42.357937],[-82.892812,42.359237],[-82.874912,42.363524],[-82.83025,42.373492],[-82.828722,42.375037],[-82.749908,42.451092],[-82.72317,42.477778],[-82.71158,42.489141],[-82.700858,42.500028],[-82.701169,42.50005],[-82.687006,42.514279],[-82.667794,42.533413],[-82.663349,42.540168],[-82.661886,42.541746],[-82.653254,42.547687],[-82.64307,42.554321],[-82.633724,42.556802],[-82.62433,42.557134],[-82.617086,42.554718],[-82.61086,42.550026],[-82.606967,42.548282],[-82.604564,42.548394],[-82.591196,42.550588],[-82.584074,42.55405],[-82.581914,42.558742],[-82.579569,42.565306],[-82.570718,42.572385],[-82.564306,42.576562],[-82.554516,42.584293],[-82.549249,42.590788],[-82.523434,42.607344],[-82.518933,42.613737],[-82.517138,42.618355],[-82.514334,42.627038],[-82.512316,42.629831],[-82.510039,42.636793],[-82.510252,42.650178],[-82.511005,42.664336],[-82.510851,42.664992],[-82.49773,42.693902],[-82.49763,42.695033],[-82.494678,42.700586],[-82.489859,42.707846],[-82.488851,42.709885],[-82.483957,42.717938],[-82.483385,42.733462],[-82.476799,42.74572],[-82.474271,42.749949],[-82.467667,42.761906],[-82.467045,42.768747],[-82.468871,42.776096],[-82.470136,42.779964],[-82.470591,42.783705],[-82.475278,42.791793],[-82.47646,42.795378],[-82.47741,42.796469],[-82.480905,42.802646],[-82.482574,42.808644],[-82.481771,42.813168],[-82.478534,42.823384],[-82.478526,42.825625],[-82.477585,42.826338],[-82.472619,42.836673],[-82.47024,42.846383],[-82.470436,42.848335],[-82.468677,42.85205],[-82.468144,42.859423],[-82.469941,42.88093],[-82.469901,42.886265],[-82.467937,42.892482],[-82.46363,42.902269],[-82.461719,42.907508],[-82.460422,42.912387],[-82.456249,42.925177],[-82.455383,42.92705],[-82.452816,42.930084],[-82.44723,42.93771],[-82.437306,42.945544],[-82.428728,42.952021],[-82.424034,42.958552],[-82.422541,42.959328],[-82.416698,42.966424],[-82.414872,42.973167],[-82.413474,42.976887],[-82.41387,42.978197],[-82.420382,42.984081],[-82.42305,42.98844],[-82.424916,42.993055],[-82.424421,42.996977],[-82.422732,43.000058],[-82.416054,43.005477],[-82.410997,43.011315],[-82.409977,43.014087],[-82.398706,43.041248],[-82.39903,43.041248],[-82.389971,43.062238],[-82.374914,43.091006],[-82.374914,43.08862],[-82.357179,43.125029],[-82.356242,43.125029],[-82.334073,43.170413],[-82.295101,43.250028],[-82.24991,43.339088],[-82.231938,43.375027],[-82.199435,43.43942],[-82.168835,43.500041],[-82.124904,43.587101],[-82.122971,43.590827],[-82.124904,43.599475],[-82.124904,43.600605],[-82.13008,43.625025],[-82.145501,43.695587],[-82.158001,43.750023],[-82.194094,43.913256],[-82.21986,44.028597],[-82.249914,44.158751],[-82.249914,44.165143],[-82.269361,44.250015],[-82.298108,44.374459],[-82.298405,44.375015],[-82.326466,44.500015],[-82.329519,44.512834],[-82.356455,44.625015],[-82.354787,44.625015],[-82.374927,44.708139],[-82.374927,44.716437],[-82.385504,44.750016],[-82.382837,44.750016],[-82.408717,44.858147],[-82.412416,44.875017],[-82.44222,45.000018],[-82.47118,45.125019],[-82.499937,45.24864],[-82.500802,45.250021],[-82.52064,45.335902],[-82.602976,45.375022],[-82.74995,45.442221],[-82.874956,45.496723],[-82.878765,45.500022],[-82.999963,45.556378],[-83.12497,45.612375],[-83.152556,45.625021],[-83.249978,45.668152],[-83.374984,45.723502],[-83.483974,45.771937],[-83.49999,45.771581],[-83.636867,45.773944],[-83.547626,45.87502],[-83.499992,45.92685],[-83.433558,45.998895],[-83.436102,46.000022],[-83.499993,46.050412],[-83.509782,46.057889],[-83.571467,46.105998],[-83.654647,46.122055]]]}},{"type":"Feature","id":"national-27","properties":{"fips":"27"},"geometry":{"type":"MultiLineString","coordinates":[[[-94.683457,48.88412],[-94.701934,48.944219],[-94.723105,49.012898],[-94.74965,49.09874],[-94.772784,49.120507],[-94.797976,49.19786],[-94.797327,49.214345],[-94.825535,49.294354],[-94.824352,49.308952],[-94.816264,49.321399],[-94.836401,49.324276],[-94.854055,49.324341],[-94.878277,49.333368],[-94.90652,49.348374],[-94.909101,49.350144],[-94.952069,49.368733],[-94.957394,49.370198],[-94.974294,49.367707],[-94.989,49.368942],[-95.014201,49.356476],[-95.049521,49.353112],[-95.058302,49.353253],[-95.08977,49.361184],[-95.103138,49.363526],[-95.103198,49.365116],[-95.109806,49.366385],[-95.115936,49.366598],[-95.128713,49.370452],[-95.132735,49.373576],[-95.139783,49.376121],[-95.141902,49.378315],[-95.145062,49.378303],[-95.14671,49.380126],[-95.149808,49.38065],[-95.15031,49.382991],[-95.153395,49.384479],[-95.153191,48.99887],[-95.206021,48.998888],[-95.285265,48.998869],[-95.76642,48.999601],[-95.978235,48.999907],[-96.008418,48.999941],[-96.208832,49.000004],[-96.497934,49.00011],[-96.800272,49.000187],[-96.842612,49.000228],[-97.019218,49.000318],[-97.10613,49.000385],[-97.228961,49.000454]],[[-93.36199,48.614026],[-93.36728,48.608112],[-93.371454,48.605854],[-93.383727,48.605954],[-93.395377,48.603795],[-93.398635,48.604404],[-93.401361,48.607803],[-93.402953,48.607659],[-93.403489,48.609971],[-93.405664,48.609826],[-93.414412,48.606319],[-93.415284,48.605258],[-93.419304,48.603561],[-93.422669,48.603175],[-93.429839,48.599655],[-93.434784,48.595371],[-93.439841,48.593684],[-93.454735,48.592617],[-93.462707,48.592689],[-93.465469,48.591635],[-93.465628,48.589962],[-93.467171,48.588404],[-93.46192,48.573089],[-93.457536,48.567131],[-93.457679,48.559722],[-93.459687,48.553672],[-93.462576,48.549735],[-93.467378,48.546451],[-93.485481,48.54323],[-93.495292,48.542513],[-93.501096,48.541327],[-93.517157,48.534788],[-93.526915,48.534013],[-93.536614,48.531892],[-93.542504,48.529981],[-93.547697,48.529341],[-93.560262,48.529641],[-93.576199,48.526991],[-93.581039,48.527086],[-93.590132,48.530397],[-93.596272,48.528619],[-93.605177,48.52308],[-93.612257,48.522397],[-93.616673,48.523698],[-93.621185,48.526353],[-93.625677,48.531434],[-93.62846,48.531873],[-93.631178,48.531262],[-93.635764,48.528412],[-93.639532,48.521777],[-93.643361,48.518956],[-93.647314,48.517665],[-93.659314,48.516413],[-93.677845,48.5168],[-93.686605,48.515392],[-93.693038,48.515193],[-93.706105,48.518108],[-93.710851,48.518548],[-93.720608,48.517597],[-93.731024,48.518422],[-93.739064,48.518475],[-93.753493,48.515734],[-93.761743,48.51656],[-93.767997,48.516299],[-93.787992,48.515849],[-93.793369,48.516311],[-93.803022,48.521965],[-93.811124,48.524648],[-93.816158,48.528494],[-93.818489,48.531413],[-93.818008,48.534906],[-93.810987,48.540924],[-93.810249,48.544422],[-93.811995,48.550289],[-93.808049,48.556847],[-93.805168,48.56437],[-93.804159,48.570213],[-93.806349,48.579507],[-93.813086,48.587968],[-93.817517,48.59697],[-93.821427,48.609163],[-93.824508,48.612993],[-93.829298,48.617606],[-93.833443,48.625593],[-93.836509,48.627562],[-93.844351,48.630222],[-93.848045,48.630753],[-93.869881,48.631087],[-93.87573,48.631828],[-93.884413,48.631719],[-93.894894,48.632358],[-93.90573,48.634554],[-93.913488,48.635227],[-93.916959,48.632854],[-93.934064,48.632628],[-93.953017,48.634127],[-93.959691,48.637171],[-93.968009,48.638431],[-93.977768,48.638475],[-93.984084,48.640104],[-93.9897,48.640502],[-94.000759,48.64282],[-94.006957,48.643283],[-94.029549,48.640878],[-94.035615,48.64104],[-94.043242,48.643459],[-94.052519,48.643998],[-94.060295,48.643094],[-94.064279,48.643718],[-94.065878,48.646145],[-94.071451,48.645885],[-94.076738,48.64417],[-94.08499,48.644066],[-94.091264,48.643651],[-94.099938,48.645858],[-94.110017,48.644267],[-94.12607,48.644338],[-94.139159,48.645989],[-94.152214,48.645492],[-94.157486,48.645725],[-94.167826,48.648145],[-94.188644,48.650378],[-94.199662,48.650938],[-94.214486,48.649335],[-94.224205,48.649457],[-94.23355,48.652302],[-94.244515,48.653461],[-94.246794,48.654174],[-94.250948,48.656899],[-94.254668,48.661441],[-94.254838,48.663967],[-94.25306,48.66925],[-94.250741,48.67812],[-94.251435,48.683612],[-94.252969,48.686343],[-94.258086,48.691708],[-94.261092,48.696597],[-94.264495,48.69899],[-94.274569,48.699868],[-94.282929,48.705616],[-94.291194,48.707812],[-94.308817,48.710273],[-94.328751,48.704456],[-94.343139,48.703404],[-94.353341,48.704113],[-94.368791,48.706473],[-94.380182,48.711001],[-94.384073,48.711821],[-94.388964,48.711943],[-94.406028,48.710482],[-94.415832,48.710971],[-94.418915,48.710247],[-94.421378,48.708579],[-94.424163,48.705272],[-94.438829,48.694828],[-94.446587,48.692917],[-94.452379,48.692401],[-94.456872,48.693263],[-94.463173,48.695198],[-94.470664,48.696583],[-94.486388,48.697917],[-94.499605,48.697964],[-94.509316,48.700503],[-94.517395,48.700699],[-94.524765,48.701556],[-94.532951,48.701217],[-94.538515,48.702701],[-94.545739,48.712393],[-94.549035,48.714743],[-94.55584,48.716236],[-94.568545,48.715523],[-94.587653,48.717578],[-94.591384,48.719607],[-94.596292,48.724751],[-94.601195,48.728213],[-94.610641,48.731796],[-94.619162,48.737263],[-94.629986,48.738954],[-94.641288,48.741217],[-94.645365,48.744017],[-94.645377,48.749066],[-94.652023,48.756145],[-94.660317,48.76041],[-94.667198,48.76617],[-94.676857,48.771652],[-94.687081,48.775138],[-94.690902,48.777999],[-94.694402,48.789444],[-94.695983,48.799644],[-94.695122,48.809154],[-94.704291,48.824217],[-94.702009,48.831824],[-94.697508,48.835489],[-94.685583,48.840049]],[[-92.685757,48.497399],[-92.661467,48.496308],[-92.654097,48.501687],[-92.64702,48.499867],[-92.640044,48.499845],[-92.637099,48.499329],[-92.630649,48.500772],[-92.627011,48.503273],[-92.629659,48.505729],[-92.631915,48.506715],[-92.630872,48.509137],[-92.625074,48.512909],[-92.626926,48.514157],[-92.625524,48.517891],[-92.628208,48.522202],[-92.634886,48.542557],[-92.657847,48.546219],[-92.728412,48.539372],[-92.811413,48.567207],[-92.894505,48.594982],[-92.910069,48.596387],[-92.929556,48.60693],[-92.950009,48.608349],[-92.949791,48.63033],[-92.954788,48.63154],[-92.984573,48.623819],[-93.090338,48.627776],[-93.178376,48.623258],[-93.184006,48.628183],[-93.207529,48.642505],[-93.254654,48.642814],[-93.348665,48.626454]],[[-92.441535,48.316048],[-92.452378,48.328026],[-92.469771,48.352092],[-92.476504,48.371909],[-92.456399,48.401105],[-92.456431,48.414083],[-92.475451,48.418621],[-92.478852,48.423241],[-92.481003,48.425212],[-92.480744,48.426304],[-92.482009,48.428292],[-92.483789,48.429131],[-92.489352,48.430259],[-92.494279,48.435901],[-92.50747,48.447979],[-92.515025,48.44831],[-92.536952,48.447738],[-92.576542,48.440595],[-92.656223,48.436474],[-92.663511,48.44003],[-92.688116,48.443707],[-92.712682,48.462982],[-92.708523,48.470312],[-92.709255,48.472864]],[[-91.884323,48.227425],[-91.893105,48.23798],[-91.90235,48.237111],[-91.905822,48.237228],[-91.907629,48.238336],[-91.91069,48.238106],[-91.914877,48.238918],[-91.916793,48.23859],[-91.921134,48.236798],[-91.928819,48.235894],[-91.937584,48.234207],[-91.942078,48.230362],[-91.945108,48.230389],[-91.951255,48.233398],[-91.952477,48.233054],[-91.958352,48.233135],[-91.959769,48.236816],[-91.957048,48.238854],[-91.958289,48.243836],[-91.949601,48.24451],[-91.948029,48.245931],[-91.954047,48.249462],[-91.954102,48.252262],[-91.957038,48.252309],[-91.959022,48.253658],[-91.969978,48.25377],[-91.971826,48.252831],[-91.97245,48.250232],[-91.970039,48.248704],[-91.970407,48.247803],[-91.973503,48.246616],[-91.97564,48.244324],[-91.977577,48.245926],[-91.977843,48.247373],[-91.98059,48.247924],[-91.989151,48.260281],[-92.006525,48.265411],[-92.007263,48.280555],[-92.012024,48.286996],[-92.012985,48.297444],[-92.000115,48.321096],[-92.011964,48.322949],[-92.030792,48.325695],[-92.037674,48.333061],[-92.046944,48.334772],[-92.047843,48.343591],[-92.045107,48.345727],[-92.045877,48.34784],[-92.04885,48.348572],[-92.055221,48.359364],[-92.067002,48.359449],[-92.078164,48.358021],[-92.083552,48.353708],[-92.09089,48.354497],[-92.143702,48.356022],[-92.14489,48.365688],[-92.162002,48.363304],[-92.177407,48.357137],[-92.17911,48.354889],[-92.178529,48.351802],[-92.19281,48.348716],[-92.194544,48.348748],[-92.195083,48.350452],[-92.203896,48.351838],[-92.207717,48.347882],[-92.206536,48.347226],[-92.206718,48.345646],[-92.216959,48.344957],[-92.219712,48.348077],[-92.221612,48.348855],[-92.262549,48.354913],[-92.288835,48.342812],[-92.295443,48.32385],[-92.304476,48.322827],[-92.306175,48.316246],[-92.294549,48.306225],[-92.30143,48.288297],[-92.295631,48.277944],[-92.295174,48.2762],[-92.293168,48.275978],[-92.294562,48.271214],[-92.290177,48.265056],[-92.273637,48.256516],[-92.269578,48.248185],[-92.280389,48.244365],[-92.314886,48.240502],[-92.322142,48.237224],[-92.327017,48.236815],[-92.329248,48.235046],[-92.332099,48.233906],[-92.334398,48.234131],[-92.336258,48.235668],[-92.338691,48.235004],[-92.340897,48.233634],[-92.341424,48.231881],[-92.343985,48.232082],[-92.349473,48.231223],[-92.353553,48.230076],[-92.354493,48.228534],[-92.360307,48.225505],[-92.362198,48.222671],[-92.36621,48.2239],[-92.368712,48.223671],[-92.366868,48.222275],[-92.369125,48.220179],[-92.369917,48.220279],[-92.370805,48.223812],[-92.372636,48.223529],[-92.375161,48.225951],[-92.375838,48.228287],[-92.377441,48.229248],[-92.378541,48.23119],[-92.378128,48.232979],[-92.379188,48.234271],[-92.378533,48.235222],[-92.380659,48.236419],[-92.383307,48.239273],[-92.3844,48.241332],[-92.383817,48.24456],[-92.387259,48.244335],[-92.388176,48.246434],[-92.386353,48.247498],[-92.386865,48.249192],[-92.384695,48.249179],[-92.386733,48.251748],[-92.390732,48.250663],[-92.392365,48.251163],[-92.39222,48.25304],[-92.390142,48.252731],[-92.389189,48.253681],[-92.393434,48.257576],[-92.393118,48.260021],[-92.401786,48.27137],[-92.415634,48.295087],[-92.420462,48.298951]],[[-91.815452,48.211814],[-91.83254,48.209374],[-91.835901,48.210293],[-91.845369,48.208779]],[[-91.788649,48.196343],[-91.791075,48.202507],[-91.797278,48.202683],[-91.809455,48.206275]],[[-89.572898,47.997479],[-89.577224,47.997183],[-89.580973,47.995939],[-89.583742,47.997681],[-89.585602,47.999539],[-89.585504,48.001764],[-89.591065,48.002629],[-89.592811,48.004022],[-89.598236,48.005112],[-89.601045,48.005101],[-89.60334,48.006109],[-89.606638,48.006261],[-89.608148,48.006932],[-89.610481,48.010076],[-89.608962,48.011151],[-89.608552,48.012692],[-89.609787,48.015058],[-89.609254,48.016759],[-89.610696,48.017927],[-89.612212,48.016424],[-89.61493,48.014851],[-89.616051,48.012704],[-89.618433,48.010876],[-89.619789,48.010706],[-89.622843,48.011766],[-89.628166,48.011189],[-89.629333,48.010461],[-89.633044,48.009725],[-89.637168,48.009446],[-89.638452,48.008455],[-89.636657,48.004903],[-89.638748,48.003564],[-89.642929,48.006334],[-89.647018,48.005884],[-89.648341,48.004056],[-89.650871,48.003617],[-89.65303,48.004255],[-89.657678,48.010362],[-89.661952,48.010767],[-89.663134,48.010405],[-89.663775,48.008698],[-89.666794,48.007295],[-89.669023,48.008123],[-89.672908,48.011567],[-89.676126,48.011289],[-89.680108,48.010191],[-89.685756,48.009778],[-89.688112,48.0109],[-89.698769,48.0077],[-89.702409,48.006358],[-89.705583,48.007833],[-89.708031,48.010434],[-89.712739,48.010209],[-89.715351,48.009336],[-89.716731,48.010312],[-89.716164,48.016397],[-89.717005,48.017225],[-89.719242,48.016847],[-89.720009,48.015156],[-89.722604,48.013552],[-89.724177,48.013761],[-89.724551,48.016126],[-89.72265,48.017575],[-89.720623,48.01737],[-89.7195,48.018484],[-89.721079,48.020002],[-89.724323,48.020867],[-89.724391,48.019133],[-89.73254,48.018988],[-89.73173,48.020444],[-89.73399,48.022],[-89.736285,48.021738],[-89.737973,48.020677],[-89.74267,48.020014],[-89.744806,48.022494],[-89.746354,48.022055],[-89.748149,48.023294],[-89.750065,48.023564],[-89.752949,48.022172],[-89.756504,48.023252],[-89.760141,48.02255],[-89.764347,48.023065],[-89.767595,48.022695],[-89.77234,48.020742],[-89.774364,48.021031],[-89.774213,48.022513],[-89.775716,48.02273],[-89.779094,48.018503],[-89.782298,48.017855],[-89.785547,48.017755],[-89.791738,48.018468],[-89.794969,48.017595],[-89.796846,48.014859],[-89.799686,48.014912],[-89.80158,48.014176],[-89.805415,48.014067],[-89.806553,48.014734],[-89.807375,48.017587],[-89.809329,48.016714],[-89.811114,48.016812],[-89.820753,48.014894],[-89.820966,48.012789],[-89.823863,48.011434],[-89.822201,48.011072],[-89.822773,48.009211],[-89.824664,48.00832],[-89.825588,48.0067],[-89.829084,48.005083],[-89.828631,48.003842],[-89.829633,48.001531],[-89.831319,47.999604],[-89.833813,47.999498],[-89.838129,48.002171],[-89.843433,48.003545],[-89.844814,48.003069],[-89.842092,48.001668],[-89.84247,47.997251],[-89.844036,47.997114],[-89.84721,47.992626],[-89.851017,47.992239],[-89.859188,47.990891],[-89.865634,47.990095],[-89.868206,47.99019],[-89.871351,47.985853],[-89.872668,47.985451],[-89.877932,47.986763],[-89.883815,47.986387],[-89.887485,47.986833],[-89.892283,47.98806],[-89.895496,47.987325],[-89.898814,47.988049],[-89.90083,47.989193],[-89.904325,47.992159],[-89.911733,47.993436],[-89.915043,47.994703],[-89.91606,47.996637],[-89.917348,47.997259],[-89.922131,47.997167],[-89.922802,47.998948],[-89.921849,48.000108],[-89.926672,48.002034],[-89.928066,48.002187],[-89.92568,48.00404],[-89.925856,48.006306],[-89.929702,48.007451],[-89.931514,48.008909],[-89.932812,48.011117],[-89.932842,48.012962],[-89.933783,48.013501],[-89.934576,48.015817],[-89.940901,48.015348],[-89.94109,48.014562],[-89.94412,48.014444],[-89.948783,48.016037],[-89.950972,48.015965],[-89.950055,48.01289],[-89.951268,48.011162],[-89.953107,48.01082],[-89.955839,48.012258],[-89.963987,48.015049],[-89.968261,48.014672],[-89.969517,48.016442],[-89.971676,48.017972],[-89.971783,48.019483],[-89.973728,48.020843],[-89.974705,48.023117],[-89.982266,48.024636],[-89.985647,48.02628],[-89.987106,48.025364],[-89.990081,48.026741],[-89.989196,48.028045],[-89.990728,48.028664],[-89.993825,48.028091],[-89.99491,48.029316],[-89.994559,48.031192],[-89.997098,48.035319],[-89.996114,48.04232],[-89.993842,48.049304],[-89.998099,48.057929],[-90.004538,48.064448],[-90.006431,48.065492],[-90.007245,48.067069],[-90.009849,48.068991],[-90.010811,48.06793],[-90.014845,48.067136],[-90.018781,48.07195],[-90.023331,48.084748],[-90.029365,48.087512],[-90.037986,48.08932],[-90.039071,48.089961],[-90.041374,48.089339],[-90.045494,48.091338],[-90.048781,48.091845],[-90.057472,48.096364],[-90.066435,48.098458],[-90.074112,48.10122],[-90.091606,48.104605],[-90.115989,48.104164],[-90.122439,48.105703],[-90.123627,48.107259],[-90.128378,48.108506],[-90.129333,48.109738],[-90.132567,48.111671],[-90.140825,48.112555],[-90.144217,48.112605],[-90.144965,48.111643],[-90.150873,48.110373],[-90.164269,48.109707],[-90.17649,48.112393],[-90.188622,48.108026],[-90.195029,48.108333],[-90.210679,48.106347],[-90.21649,48.106511],[-90.225168,48.108224],[-90.233962,48.107238],[-90.253821,48.102244],[-90.260741,48.102726],[-90.264457,48.103396],[-90.274529,48.103181],[-90.289246,48.099071],[-90.292838,48.098999],[-90.29812,48.102544],[-90.303841,48.103948],[-90.305792,48.105149],[-90.310045,48.105556],[-90.313909,48.105129],[-90.317383,48.103751],[-90.322456,48.102929],[-90.325807,48.102877],[-90.330062,48.102285],[-90.336944,48.099574],[-90.338074,48.096152],[-90.343026,48.095509],[-90.343588,48.09459],[-90.345984,48.093968],[-90.353819,48.094979],[-90.357397,48.094424],[-90.358856,48.094852],[-90.367445,48.094699],[-90.371789,48.093589],[-90.373428,48.094021],[-90.372718,48.091258],[-90.374769,48.090954],[-90.378043,48.092391],[-90.381981,48.092994],[-90.384725,48.094672],[-90.386207,48.098147],[-90.388123,48.09856],[-90.39012,48.100044],[-90.393241,48.10022],[-90.396308,48.101406],[-90.403153,48.105095],[-90.410665,48.105052],[-90.438452,48.098677],[-90.443358,48.100624],[-90.447439,48.103454],[-90.452272,48.105068],[-90.46199,48.106507],[-90.465303,48.108569],[-90.467391,48.108744],[-90.471237,48.105914],[-90.477607,48.105243],[-90.480215,48.101993],[-90.483587,48.10009],[-90.486694,48.099052],[-90.489846,48.098994],[-90.493599,48.101359],[-90.496107,48.098597],[-90.502355,48.099135],[-90.504876,48.099785],[-90.507712,48.099102],[-90.510316,48.097289],[-90.516935,48.099314],[-90.556701,48.095931],[-90.56446,48.098814],[-90.567435,48.101593],[-90.569737,48.10683],[-90.555512,48.116924],[-90.559103,48.12173],[-90.565429,48.122477],[-90.571432,48.121097],[-90.57576,48.120624],[-90.576964,48.12115],[-90.57968,48.123797],[-90.582053,48.123619],[-90.585869,48.121978],[-90.586775,48.12086],[-90.590302,48.119547],[-90.591285,48.11745],[-90.60613,48.115837],[-90.616074,48.112174],[-90.620328,48.111797],[-90.627058,48.11177],[-90.641495,48.103516],[-90.686278,48.100428],[-90.702916,48.096027],[-90.741459,48.094563],[-90.751577,48.090987],[-90.761404,48.098384],[-90.761291,48.099975],[-90.767127,48.110588],[-90.766707,48.114428],[-90.768749,48.116586],[-90.772628,48.117608],[-90.774122,48.11864],[-90.774252,48.12008],[-90.776398,48.123994],[-90.781834,48.125762],[-90.783475,48.126819],[-90.782744,48.1277],[-90.787039,48.1277],[-90.789786,48.130145],[-90.787977,48.132705],[-90.784891,48.13323],[-90.783469,48.132649],[-90.781743,48.135216],[-90.782728,48.135997],[-90.785893,48.13525],[-90.788786,48.13636],[-90.795242,48.13549],[-90.798224,48.136889],[-90.796753,48.139377],[-90.792243,48.141269],[-90.789329,48.143856],[-90.7843,48.14616],[-90.780829,48.145874],[-90.777845,48.148289],[-90.779012,48.150532],[-90.776175,48.161888],[-90.777931,48.163838],[-90.781914,48.164505],[-90.783448,48.163833],[-90.785941,48.160991],[-90.79035,48.15995],[-90.793089,48.1614],[-90.796431,48.159207],[-90.79753,48.161522],[-90.800742,48.163177],[-90.801895,48.167708],[-90.801728,48.170716],[-90.802985,48.17255],[-90.804083,48.177818],[-90.809852,48.179688],[-90.817529,48.179402],[-90.819244,48.182652],[-90.82102,48.18468],[-90.825773,48.183574],[-90.825379,48.18153],[-90.823447,48.178069],[-90.824701,48.176841],[-90.826141,48.177074],[-90.832543,48.173508],[-90.836402,48.177028],[-90.834204,48.186538],[-90.834839,48.201798],[-90.836419,48.21756],[-90.83696,48.220181],[-90.837586,48.226539],[-90.839667,48.227654],[-90.839754,48.228813],[-90.838462,48.231606],[-90.837706,48.234734],[-90.839296,48.239559],[-90.843123,48.241204],[-90.84384,48.243694],[-90.847678,48.244529],[-90.866937,48.238221],[-90.87509,48.23784],[-90.881523,48.240513],[-90.885757,48.245953],[-90.906853,48.237491],[-90.915091,48.230751],[-90.918426,48.230724],[-90.926408,48.229794],[-90.976981,48.219555],[-91.004103,48.203025],[-91.002816,48.200733],[-91.012297,48.198459],[-91.015197,48.196183],[-91.01976,48.194111],[-91.020117,48.193028],[-91.022094,48.192833],[-91.023695,48.19043],[-91.031089,48.18882],[-91.034712,48.189244],[-91.036393,48.19012],[-91.0456,48.189453],[-91.049896,48.188781],[-91.051981,48.188056],[-91.055426,48.188312],[-91.059218,48.18533],[-91.062792,48.185528],[-91.065484,48.181404],[-91.075898,48.179362],[-91.078857,48.179523],[-91.082473,48.181152],[-91.088005,48.178306],[-91.091959,48.173656],[-91.097139,48.171597],[-91.108849,48.168696],[-91.114737,48.166489],[-91.118028,48.162093],[-91.119859,48.160682],[-91.132529,48.157288],[-91.135788,48.156612],[-91.1426,48.154606],[-91.140459,48.152843],[-91.140129,48.151699],[-91.138068,48.151951],[-91.137329,48.149251],[-91.156301,48.14051],[-91.176605,48.125538],[-91.181266,48.123527],[-91.182882,48.122193],[-91.184692,48.122532],[-91.190054,48.125106],[-91.214904,48.102859],[-91.228044,48.099223],[-91.234888,48.096142],[-91.249695,48.084092],[-91.266775,48.078831],[-91.275917,48.078784],[-91.289728,48.074176],[-91.30687,48.072826],[-91.310861,48.072831],[-91.315391,48.073565],[-91.324469,48.07294],[-91.328484,48.071093],[-91.329368,48.069979],[-91.336356,48.06969],[-91.336386,48.071071],[-91.33998,48.073556],[-91.350212,48.071956],[-91.364982,48.06712],[-91.370827,48.069732],[-91.378394,48.065903],[-91.390885,48.057164],[-91.413582,48.053681],[-91.422174,48.050982],[-91.427154,48.050011],[-91.429571,48.048653],[-91.437246,48.049468],[-91.438591,48.050335],[-91.43778,48.052464],[-91.44664,48.063041],[-91.446219,48.067748],[-91.450003,48.06907],[-91.464736,48.066852],[-91.488184,48.068378],[-91.541658,48.053856],[-91.56751,48.043789],[-91.57546,48.048939],[-91.572721,48.057388],[-91.575384,48.06671],[-91.569444,48.09369],[-91.552834,48.103237],[-91.559112,48.108593],[-91.575578,48.106915],[-91.58882,48.102474],[-91.614858,48.102268],[-91.639921,48.09711],[-91.64697,48.103836],[-91.648018,48.10583],[-91.653098,48.109799],[-91.651146,48.11301],[-91.653237,48.114391],[-91.661858,48.111924],[-91.662634,48.109153],[-91.665082,48.107147],[-91.667365,48.108692],[-91.671065,48.108662],[-91.676786,48.107497],[-91.680894,48.108306],[-91.681808,48.109806],[-91.687574,48.1119],[-91.683569,48.117706],[-91.682111,48.122502],[-91.692116,48.119741],[-91.691186,48.118122],[-91.692177,48.116886],[-91.696715,48.115894],[-91.703351,48.11372],[-91.711751,48.11465],[-91.712576,48.115513],[-91.711762,48.117494],[-91.709371,48.119395],[-91.707846,48.123401],[-91.703796,48.124841],[-91.700546,48.130666],[-91.699517,48.131962],[-91.69947,48.137475],[-91.697776,48.141598],[-91.698125,48.144081],[-91.699166,48.145042],[-91.703225,48.1452],[-91.706892,48.150353],[-91.708115,48.153],[-91.706917,48.153759],[-91.705072,48.157982],[-91.704667,48.160042],[-91.705133,48.164002],[-91.704826,48.170712],[-91.709394,48.172902],[-91.717034,48.171864],[-91.723036,48.168973],[-91.724357,48.170533],[-91.722975,48.173512],[-91.722321,48.178506],[-91.721342,48.180264],[-91.712258,48.18752],[-91.710374,48.192543],[-91.710344,48.193886],[-91.713134,48.198014],[-91.715364,48.199504],[-91.725341,48.201337],[-91.737168,48.204182],[-91.74208,48.204616],[-91.741538,48.199334],[-91.743851,48.198734],[-91.748404,48.198681],[-91.753523,48.200859],[-91.755914,48.205998],[-91.760742,48.204807],[-91.762748,48.201713],[-91.764214,48.20062],[-91.78067,48.200737],[-91.786149,48.196176]],[[-89.483385,48.013716],[-89.489196,48.014533],[-89.500086,48.013148],[-89.564288,48.00293],[-89.570998,47.998051]]]}},{"type":"Feature","id":"national-30","properties":{"fips":"30"},"geometry":{"type":"LineString","coordinates":[[-104.048692,48.999899],[-104.111565,48.999993],[-104.170729,48.999881],[-104.37662,48.999526],[-104.685008,48.999011],[-105.009173,48.999211],[-105.162277,48.999281],[-105.264911,48.999375],[-105.407787,48.999523],[-105.599412,48.999703],[-105.703413,48.999814],[-105.967349,48.999603],[-106.229423,48.999365],[-106.415032,48.999572],[-106.518143,48.999645],[-106.60914,48.999861],[-106.695109,48.999871],[-106.779311,48.999962],[-106.925471,49.000013],[-107.207323,49.000081],[-107.291035,49.000078],[-107.361516,49.000108],[-107.415544,48.999361],[-107.668199,48.999652],[-107.776565,48.999796],[-107.967272,48.99974],[-108.099243,48.999679],[-108.23636,48.999641],[-108.423944,48.999481],[-108.47448,48.999489],[-108.835494,48.999244],[-109.159761,48.999883],[-109.308744,49.000216],[-109.365401,49.000368],[-109.420623,49.00043],[-109.518383,49.000289],[-109.731342,48.999958],[-109.911842,48.999744],[-109.977709,48.999637],[-110.055691,48.999563],[-110.191422,48.999391],[-110.447906,48.999015],[-110.721256,48.998639],[-110.750931,48.998589],[-110.826184,48.99838],[-110.87727,48.998164],[-110.946588,48.998042],[-111.069054,48.9977],[-111.202326,48.997362],[-111.289346,48.997211],[-111.445105,48.996912],[-111.575693,48.996676],[-111.636433,48.996973],[-111.844752,48.99789],[-111.894711,48.998132],[-112.02363,48.998659],[-112.088692,48.998677],[-112.393253,48.998694],[-112.439349,48.998541],[-112.494372,48.998746],[-112.555358,48.998735],[-112.694309,48.998656],[-112.760197,48.99858],[-112.923946,48.998478],[-112.990304,48.998619],[-113.129235,48.998447],[-113.241049,48.998283],[-113.466436,48.997982],[-113.526922,48.997853],[-113.58246,48.99812],[-113.694765,48.997503],[-113.755451,48.997853],[-113.905435,48.998674],[-114.068179,48.998863],[-114.18771,48.999863],[-114.248472,49.000332],[-114.32132,49.000846],[-114.361924,49.001109],[-114.478408,49.001095],[-114.5471,49.000988],[-114.664204,49.000708],[-114.759523,49.0004],[-114.85105,49.00025],[-114.930857,49.000049],[-114.98668,48.999876],[-115.055328,48.999626],[-115.107363,48.999642],[-115.176744,48.999623],[-115.263799,48.999639],[-115.334838,48.999945],[-115.441319,49.000322],[-115.559596,49.000634],[-115.633739,49.000782],[-115.662464,49.000795],[-115.766694,49.000936],[-115.824046,49.000977],[-115.893014,49.000992],[-115.975499,49.000936],[-116.049086,49.000846]]}},{"type":"Feature","id":"national-33","properties":{"fips":"33"},"geometry":{"type":"LineString","coordinates":[[-71.083928,45.305484],[-71.085716,45.305778],[-71.086787,45.304723],[-71.089307,45.30478],[-71.092547,45.303919],[-71.094682,45.302471],[-71.098201,45.301673],[-71.098252,45.300224],[-71.10528,45.294875],[-71.104076,45.292629],[-71.104598,45.291189],[-71.106555,45.291087],[-71.10786,45.289553],[-71.109039,45.286118],[-71.110989,45.284377],[-71.109174,45.282347],[-71.105444,45.282799],[-71.106438,45.281572],[-71.107189,45.278347],[-71.110654,45.275381],[-71.111624,45.275632],[-71.11631,45.274085],[-71.116788,45.27271],[-71.116434,45.26944],[-71.119166,45.26713],[-71.120316,45.263667],[-71.119545,45.26162],[-71.123898,45.258391],[-71.123786,45.255969],[-71.124969,45.254455],[-71.127944,45.25369],[-71.129721,45.251409],[-71.129885,45.248525],[-71.130928,45.24655],[-71.13291,45.244512],[-71.137095,45.243869],[-71.139252,45.242789],[-71.143511,45.242551],[-71.14578,45.241212],[-71.146259,45.239726],[-71.14831,45.239722],[-71.147339,45.240905],[-71.148021,45.242443],[-71.153674,45.245786],[-71.155976,45.246453],[-71.157013,45.24819],[-71.159852,45.248783],[-71.162331,45.250346],[-71.163876,45.248851],[-71.165039,45.249088],[-71.168822,45.246272],[-71.173203,45.246315],[-71.176816,45.244046],[-71.180101,45.239937],[-71.182396,45.240635],[-71.182491,45.242499],[-71.183973,45.243581],[-71.183965,45.244941],[-71.185387,45.244318],[-71.187778,45.24506],[-71.187733,45.247618],[-71.191031,45.247881],[-71.191366,45.249549],[-71.193384,45.249895],[-71.195137,45.251266],[-71.196186,45.253975],[-71.198636,45.254254],[-71.200001,45.25328],[-71.202503,45.254319],[-71.205283,45.252409],[-71.207187,45.253058],[-71.209635,45.250598],[-71.212657,45.250119],[-71.213736,45.250671],[-71.216979,45.250425],[-71.220628,45.250735],[-71.222103,45.253363],[-71.226212,45.251278],[-71.228261,45.249379],[-71.230614,45.249417],[-71.23311,45.251522],[-71.23133,45.253903],[-71.232703,45.256935],[-71.234964,45.259194],[-71.235591,45.260907],[-71.23942,45.261667],[-71.239187,45.263335],[-71.24173,45.264945],[-71.245615,45.268799],[-71.24947,45.26802],[-71.2503,45.269624],[-71.255412,45.271969],[-71.256405,45.273196],[-71.258756,45.271889],[-71.259627,45.274574],[-71.262296,45.275995],[-71.263512,45.280199],[-71.263742,45.284786],[-71.266177,45.291441],[-71.264444,45.293229],[-71.264948,45.293792],[-71.272688,45.296572],[-71.275777,45.295047],[-71.280517,45.294588],[-71.282705,45.29711],[-71.282227,45.299501],[-71.284224,45.302359],[-71.285792,45.300363],[-71.287913,45.300908],[-71.290967,45.298711],[-71.294331,45.298528],[-71.296234,45.299144],[-71.298786,45.297037],[-71.30053,45.296649],[-71.303009,45.292976],[-71.304483,45.29243],[-71.3064,45.29001],[-71.307588,45.287485],[-71.311294,45.286542],[-71.315424,45.286594],[-71.320833,45.28192],[-71.326567,45.281252],[-71.330802,45.280279],[-71.333041,45.276908],[-71.333031,45.275856],[-71.336412,45.272742],[-71.340417,45.272065],[-71.342347,45.271259],[-71.347682,45.272016],[-71.350316,45.269503],[-71.352671,45.268696],[-71.355682,45.2686],[-71.360278,45.270332],[-71.360858,45.268872],[-71.363213,45.266738],[-71.361924,45.264574],[-71.359334,45.262094],[-71.358712,45.259463],[-71.356616,45.25658],[-71.356539,45.253897],[-71.358812,45.250911],[-71.362772,45.248302],[-71.366915,45.247389],[-71.368019,45.246389],[-71.372381,45.24624],[-71.375952,45.245098],[-71.37888,45.242828],[-71.380343,45.238708],[-71.384137,45.233509],[-71.385916,45.233092],[-71.389263,45.234954],[-71.392702,45.238706],[-71.392477,45.239428],[-71.396356,45.241852],[-71.402145,45.242598],[-71.407446,45.241217],[-71.408516,45.239292],[-71.411922,45.238725],[-71.413005,45.235841],[-71.416821,45.235781],[-71.421051,45.232203],[-71.424204,45.233713],[-71.425453,45.233325],[-71.427405,45.234247],[-71.429127,45.233961],[-71.429633,45.235969],[-71.431325,45.236415],[-71.434222,45.238415],[-71.435268,45.23814],[-71.43967,45.239099],[-71.442818,45.238292],[-71.443512,45.234799],[-71.441269,45.235116],[-71.439569,45.234391],[-71.438262,45.23251],[-71.432991,45.230136],[-71.431721,45.2286],[-71.429741,45.228203],[-71.426395,45.226196],[-71.426562,45.225336],[-71.423319,45.224871],[-71.418957,45.222039],[-71.417412,45.221746],[-71.416107,45.218665],[-71.413684,45.217435],[-71.411207,45.217569],[-71.407536,45.216873],[-71.403122,45.215299],[-71.401737,45.213369],[-71.401567,45.211417],[-71.398947,45.208753],[-71.397653,45.205324],[-71.397459,45.203141],[-71.400229,45.201581],[-71.399974,45.200325],[-71.402187,45.200351],[-71.402769,45.199125],[-71.405856,45.197701],[-71.404198,45.194967],[-71.404936,45.193545],[-71.406679,45.192784],[-71.407615,45.191205],[-71.40684,45.190281],[-71.410702,45.186202],[-71.414416,45.184786],[-71.415746,45.180685],[-71.414103,45.178989],[-71.415676,45.177506],[-71.416302,45.175439],[-71.41737,45.174863],[-71.418452,45.17053],[-71.421423,45.168514],[-71.423069,45.166395],[-71.42472,45.16621],[-71.423458,45.163861],[-71.424372,45.163107],[-71.423531,45.161819],[-71.423658,45.159678],[-71.425683,45.157521],[-71.426399,45.152675],[-71.427459,45.151472],[-71.43015,45.150693],[-71.430339,45.149903],[-71.433266,45.148313],[-71.433319,45.14528],[-71.434226,45.145602],[-71.435121,45.142484],[-71.437608,45.141512],[-71.435784,45.139594],[-71.432423,45.138004],[-71.430871,45.135067],[-71.426096,45.129466],[-71.426528,45.12701],[-71.429076,45.124715],[-71.428385,45.123672],[-71.429492,45.122293],[-71.432871,45.119824],[-71.435603,45.119137],[-71.435168,45.118476],[-71.437644,45.117724],[-71.440094,45.116005],[-71.439941,45.113944],[-71.444111,45.112538],[-71.44602,45.113516],[-71.448787,45.112567],[-71.448466,45.11141],[-71.450221,45.110501],[-71.450378,45.108936],[-71.449134,45.109225],[-71.448698,45.107886],[-71.450399,45.10707],[-71.45108,45.105105],[-71.449292,45.104469],[-71.451598,45.102462],[-71.455157,45.101427],[-71.455969,45.099896],[-71.458131,45.099141],[-71.459438,45.09655],[-71.458349,45.095158],[-71.460859,45.094664],[-71.462079,45.09309],[-71.464389,45.09335],[-71.465818,45.091288],[-71.466356,45.08881],[-71.465434,45.08751],[-71.466972,45.087016],[-71.467157,45.085246],[-71.470285,45.083411],[-71.474427,45.083689],[-71.475164,45.084237],[-71.476985,45.082922],[-71.477429,45.084066],[-71.481189,45.082907],[-71.479964,45.081627],[-71.481146,45.080303],[-71.483457,45.079319],[-71.487286,45.078674],[-71.486366,45.075636],[-71.489282,45.073723],[-71.487784,45.071618],[-71.489696,45.070651],[-71.49443,45.071314],[-71.494165,45.069894],[-71.49567,45.068847],[-71.497686,45.070465],[-71.497608,45.066767],[-71.495667,45.064754],[-71.497446,45.06122],[-71.496871,45.060756],[-71.499203,45.05836],[-71.500929,45.059146],[-71.501176,45.057711],[-71.497576,45.057257],[-71.49908,45.056431],[-71.497202,45.055801],[-71.498578,45.053991],[-71.500396,45.053795],[-71.499027,45.052868],[-71.500548,45.052251],[-71.504388,45.052374],[-71.505354,45.048923],[-71.506606,45.047555],[-71.502889,45.047097],[-71.504515,45.046078],[-71.503119,45.045204],[-71.501807,45.046108],[-71.501141,45.045089],[-71.498136,45.044562],[-71.493276,45.045773],[-71.490954,45.043167],[-71.492149,45.039263],[-71.492253,45.036127],[-71.492972,45.033228],[-71.494812,45.033065],[-71.494147,45.031492],[-71.496272,45.031749],[-71.497746,45.030022],[-71.497156,45.028635],[-71.498686,45.028304],[-71.497975,45.026544],[-71.499592,45.026708],[-71.499475,45.024561],[-71.497682,45.024229],[-71.49793,45.023109],[-71.500156,45.023486],[-71.500074,45.020088],[-71.498559,45.020235],[-71.500115,45.017636],[-71.501396,45.017511],[-71.499535,45.014869],[-71.50108,45.013443]]}},{"type":"Feature","id":"national-35","properties":{"fips":"35"},"geometry":{"type":"LineString","coordinates":[[-109.050033,31.332348],[-108.851102,31.33225],[-108.756498,31.33216],[-108.691634,31.333335],[-108.566452,31.333353],[-108.20847,31.333373],[-108.208484,31.783698],[-107.92953,31.783676],[-107.563081,31.783666],[-107.50756,31.783654],[-107.215094,31.783638],[-107.078879,31.783675],[-106.906775,31.783758],[-106.582258,31.783892],[-106.52794,31.78389]]}},{"type":"Feature","id":"national-36","properties":{"fips":"36"},"geometry":{"type":"LineString","coordinates":[[-73.343178,45.010713],[-73.391128,45.010079],[-73.427892,45.009407],[-73.471843,45.008403],[-73.492062,45.007847],[-73.572864,45.005305],[-73.607859,45.004321],[-73.650248,45.003001],[-73.675332,45.002882],[-73.705478,45.00317],[-73.756365,45.00314],[-73.783628,45.002952],[-73.841415,45.002136],[-73.882766,45.000987],[-73.941503,44.99888],[-73.992395,44.996933],[-74.047202,44.994987],[-74.08583,44.993671],[-74.122574,44.992251],[-74.150135,44.99136],[-74.166236,44.991655],[-74.205014,44.992016],[-74.248548,44.992183],[-74.311509,44.992069],[-74.326849,44.991927],[-74.336547,44.992017],[-74.351574,44.992789],[-74.370119,44.993605],[-74.439571,44.996476],[-74.465374,44.997224],[-74.541152,44.998595],[-74.575653,44.999083],[-74.628906,44.999445],[-74.661202,44.999444],[-74.663059,44.998923],[-74.670527,45.006286],[-74.673273,45.000842],[-74.678402,45.000048],[-74.683966,44.99969],[-74.686932,45.000098],[-74.702019,45.003322],[-74.722573,44.998064],[-74.731301,44.990419],[-74.74464,44.990562],[-74.760217,44.994945],[-74.763407,45.005613],[-74.783122,45.00485],[-74.793149,45.004645],[-74.799885,45.010707],[-74.801638,45.014569],[-74.813263,45.013543],[-74.817195,45.011728],[-74.826576,45.015865],[-74.834674,45.014698],[-74.84179,45.011415],[-74.846175,45.01029],[-74.856422,45.004524],[-74.862643,45.004591],[-74.86664,45.000536],[-74.877232,45.001362],[-74.887837,45.000046],[-74.888042,44.999658],[-74.900725,44.992761],[-74.907948,44.983369],[-74.941846,44.984501],[-74.950228,44.984494],[-74.972491,44.983405],[-74.992727,44.977469],[-74.99927,44.971638],[-74.999258,44.966111],[-75.003083,44.962412],[-75.005151,44.958406],[-75.027125,44.946568],[-75.053077,44.937017],[-75.059966,44.93457],[-75.064826,44.929449],[-75.096659,44.927067],[-75.105086,44.919541],[-75.117575,44.921342],[-75.124657,44.91855],[-75.134416,44.915102],[-75.138877,44.900046],[-75.139989,44.896947],[-75.164975,44.893548],[-75.188879,44.883187],[-75.194161,44.882677],[-75.202895,44.877849],[-75.218382,44.877771],[-75.22824,44.868329],[-75.241033,44.867154],[-75.256074,44.857342],[-75.268302,44.854908],[-75.283128,44.849148],[-75.290429,44.845575],[-75.307621,44.83681],[-75.301878,44.826484],[-75.320025,44.815091],[-75.333743,44.806375],[-75.344538,44.809139],[-75.358614,44.797212],[-75.369829,44.788065],[-75.369953,44.782883],[-75.373504,44.782373],[-75.387872,44.779583],[-75.396531,44.773502],[-75.413734,44.772178],[-75.423652,44.756096],[-75.440472,44.744779],[-75.444052,44.742682],[-75.449893,44.738437],[-75.476119,44.720772],[-75.504928,44.705354],[-75.546072,44.674426],[-75.620021,44.618716],[-75.653079,44.597928],[-75.662373,44.591927],[-75.69935,44.565717],[-75.720286,44.547984],[-75.723312,44.546184],[-75.725877,44.543841],[-75.766936,44.515272],[-75.807582,44.471707],[-75.811385,44.460571],[-75.821379,44.432042],[-75.869927,44.396175],[-75.912827,44.367805],[-75.921656,44.368756],[-75.929514,44.359291],[-75.940844,44.354668],[-75.949717,44.34898],[-75.970179,44.342533],[-75.972926,44.343034],[-75.975032,44.34599],[-75.978451,44.346487],[-75.980212,44.346009],[-75.981928,44.347459],[-75.986085,44.34689],[-76.001107,44.347867],[-76.008,44.344202],[-76.045506,44.331788],[-76.096967,44.299707],[-76.111825,44.298074],[-76.11818,44.294924],[-76.129447,44.295127],[-76.131167,44.296373],[-76.161825,44.280776],[-76.163711,44.250045],[-76.164258,44.239603],[-76.191324,44.221239],[-76.206774,44.214538],[-76.245487,44.203664],[-76.249661,44.204165],[-76.286546,44.203767],[-76.312639,44.199045],[-76.352679,44.134743],[-76.374672,44.123889],[-76.399665,44.112297],[-76.438287,44.094172],[-76.498927,44.000059],[-76.49967,43.999538],[-76.600096,43.875058],[-76.624682,43.845569],[-76.701286,43.750059],[-76.734725,43.708121],[-76.753538,43.684275],[-76.776233,43.629529],[-76.801935,43.629502],[-76.999734,43.629204],[-77.12471,43.631118],[-77.249715,43.630594],[-77.249715,43.63154],[-77.374797,43.631475],[-77.499725,43.632084],[-77.696302,43.631262],[-77.749732,43.631428],[-77.802641,43.631478],[-77.874735,43.631471],[-77.993982,43.631234],[-77.999739,43.631287],[-78.124742,43.631175],[-78.249744,43.631766],[-78.374749,43.632092],[-78.374749,43.633178],[-78.499752,43.633519],[-78.624745,43.634799],[-78.688295,43.634742],[-78.701731,43.629441],[-78.711567,43.625413],[-78.749761,43.609258],[-78.874247,43.565946],[-78.998166,43.5225],[-79.063719,43.50002],[-79.12477,43.478464],[-79.200936,43.450422],[-79.148772,43.375055],[-79.124757,43.340422],[-79.105302,43.312555],[-79.075855,43.270168],[-79.070452,43.262455],[-79.055932,43.254674],[-79.054679,43.248759],[-79.05579,43.239094],[-79.053046,43.22346],[-79.056559,43.210317],[-79.048694,43.200158],[-79.052713,43.184059],[-79.053305,43.173905],[-79.051069,43.167617],[-79.04663,43.162374],[-79.044948,43.155924],[-79.044217,43.151879],[-79.042824,43.149276],[-79.042299,43.143663],[-79.043673,43.138406],[-79.04949,43.135149],[-79.054123,43.129369],[-79.057087,43.127037],[-79.059409,43.126476],[-79.069649,43.120322],[-79.062563,43.116092],[-79.060105,43.113866],[-79.058647,43.11092],[-79.057961,43.106957],[-79.065961,43.091052],[-79.067333,43.089947],[-79.075367,43.081355],[-79.074459,43.077863],[-79.026863,43.069164],[-79.019228,43.067958],[-79.00713,43.065757],[-78.999435,43.056057],[-79.005139,43.047056],[-79.011747,43.028956],[-79.023256,43.016356],[-79.019964,42.994756],[-79.011563,42.985256],[-78.975062,42.968756],[-78.972462,42.966756],[-78.961761,42.957756],[-78.93236,42.955857],[-78.918859,42.946857],[-78.909159,42.933257],[-78.905659,42.923357],[-78.905759,42.921157],[-78.905758,42.899957],[-78.915359,42.880757],[-78.930559,42.850105],[-78.99976,42.804368],[-79.124764,42.757423],[-79.143474,42.750057],[-79.249766,42.710385],[-79.312136,42.686805],[-79.374769,42.663153],[-79.476942,42.625057],[-79.499771,42.616209],[-79.624773,42.568629],[-79.749775,42.520956],[-79.762418,42.516072]]}},{"type":"Feature","id":"national-38","properties":{"fips":"38"},"geometry":{"type":"LineString","coordinates":[[-97.228961,49.000454],[-97.360645,49.000475],[-97.638906,49.000553],[-97.699624,49.000561],[-97.884726,49.000484],[-98.033393,49.000411],[-98.16478,49.000294],[-98.186783,49.000252],[-98.290458,49.000274],[-98.34273,49.000247],[-98.605974,49.00017],[-98.913263,49.000058],[-98.999817,48.999959],[-99.284092,48.999659],[-99.346938,48.999581],[-99.77907,48.999174],[-100.049763,48.999268],[-100.351691,48.999327],[-100.642745,48.999439],[-100.854182,48.999534],[-100.912194,48.999569],[-100.987786,48.999569],[-101.234005,48.99949],[-101.482101,48.999467],[-101.612109,48.999313],[-101.786361,48.999124],[-101.898639,48.999035],[-101.9808,48.998879],[-102.012425,48.998872],[-102.046887,48.998926],[-102.314762,48.998876],[-102.347761,48.99882],[-102.377514,48.998864],[-102.456547,48.998854],[-102.644976,48.999083],[-102.673368,48.999136],[-102.77989,48.999221],[-102.828403,48.999287],[-102.992781,48.999343],[-103.130799,48.999364],[-103.2032,48.99942],[-103.599299,48.999256],[-103.789191,48.999531],[-103.965263,48.999773],[-104.048692,48.999899]]}},{"type":"Feature","id":"national-39","properties":{"fips":"39"},"geometry":{"type":"LineString","coordinates":[[-80.519851,42.327132],[-80.529669,42.325683],[-80.604772,42.314217],[-80.624812,42.310759],[-80.66873,42.303979],[-80.707545,42.298288],[-80.749816,42.291504],[-80.791977,42.285118],[-80.835526,42.278412],[-80.87482,42.272275],[-80.903182,42.26771],[-80.943714,42.261272],[-80.97907,42.255804],[-80.999825,42.252404],[-81.005571,42.252292],[-81.019439,42.250046],[-81.026141,42.250046],[-81.106955,42.237269],[-81.190976,42.225498],[-81.249833,42.216415],[-81.374837,42.15467],[-81.435423,42.125039],[-81.495181,42.096402],[-81.499841,42.093922],[-81.624847,42.029619],[-81.624847,42.030732],[-81.686447,42.000037],[-81.709202,42.000037],[-81.749853,41.981374],[-81.976571,41.875035],[-81.999865,41.863787],[-82.124871,41.804943],[-82.24149,41.750035],[-82.249876,41.74619],[-82.33255,41.707452],[-82.374883,41.687351],[-82.398348,41.676524],[-82.49989,41.676694],[-82.6249,41.676541],[-82.681119,41.676328],[-82.726427,41.698308],[-82.749906,41.709998],[-82.763872,41.71729],[-82.831742,41.750047],[-82.83164,41.750047],[-82.874911,41.770814],[-82.999917,41.831063],[-83.069312,41.864217],[-83.073652,41.875045],[-83.11246,41.95941]]}},{"type":"Feature","id":"national-42","properties":{"fips":"42"},"geometry":{"type":"LineString","coordinates":[[-79.762418,42.516072],[-79.805117,42.500043],[-79.874779,42.473024],[-79.900091,42.463398],[-79.943823,42.446481],[-79.999783,42.424923],[-80.018541,42.417965],[-80.062313,42.400908],[-80.080222,42.394162],[-80.097924,42.391547],[-80.124791,42.387188],[-80.150378,42.383308],[-80.166764,42.38093],[-80.205312,42.375061],[-80.206355,42.375061],[-80.229582,42.371406],[-80.249799,42.368416],[-80.331217,42.355871],[-80.374803,42.349736],[-80.415481,42.343188],[-80.459976,42.336465],[-80.499807,42.330094],[-80.519851,42.327132]]}},{"type":"Feature","id":"national-48","properties":{"fips":"48"},"geometry":{"type":"LineString","coordinates":[[-106.52794,31.78389],[-106.528519,31.781433],[-106.525422,31.778774],[-106.522395,31.775014],[-106.517035,31.771616],[-106.514756,31.771525],[-106.512565,31.769453],[-106.510955,31.762923],[-106.509566,31.760948],[-106.506265,31.760883],[-106.500295,31.755716],[-106.495891,31.75347],[-106.494795,31.751928],[-106.489834,31.748528],[-106.486455,31.747663],[-106.484225,31.747833],[-106.473535,31.750323],[-106.471105,31.751943],[-106.468265,31.758443],[-106.466345,31.759933],[-106.455885,31.763963],[-106.452655,31.764563],[-106.450105,31.764013],[-106.438265,31.756683],[-106.432565,31.754283],[-106.421275,31.752803],[-106.417095,31.751553],[-106.411835,31.748623],[-106.408895,31.747413],[-106.404215,31.744503],[-106.401285,31.743143],[-106.395135,31.739453],[-106.390905,31.737573],[-106.382035,31.732703],[-106.380005,31.731133],[-106.377665,31.727393],[-106.373826,31.71444],[-106.370081,31.710636],[-106.351265,31.698323],[-106.349095,31.696033],[-106.342575,31.681753],[-106.335045,31.664603],[-106.334151,31.662927],[-106.329785,31.658473],[-106.324295,31.64964],[-106.31372,31.636444],[-106.308103,31.629726],[-106.303355,31.622173],[-106.302758,31.619958],[-106.302785,31.612023],[-106.302221,31.609553],[-106.296265,31.599883],[-106.289057,31.587802],[-106.288475,31.586423],[-106.281257,31.562986],[-106.280245,31.561543],[-106.272185,31.557213],[-106.255905,31.548763],[-106.248328,31.543612],[-106.246477,31.54161],[-106.245027,31.538721],[-106.240986,31.525285],[-106.2372,31.513735],[-106.235812,31.511744],[-106.225155,31.501543],[-106.22371,31.498493],[-106.219396,31.480958],[-106.217882,31.478396],[-106.209075,31.468533],[-106.204954,31.464991],[-106.19965,31.462341],[-106.178882,31.457001],[-106.173481,31.454325],[-106.168286,31.449793],[-106.159019,31.439153],[-106.153929,31.435787],[-106.133235,31.425352],[-106.127829,31.424072],[-106.112499,31.423863],[-106.107775,31.422383],[-106.104869,31.420287],[-106.094254,31.410122],[-106.085875,31.402403],[-106.082417,31.39949],[-106.077635,31.397983],[-106.043135,31.395483],[-106.005503,31.392669],[-106.003243,31.391792],[-105.982605,31.376323],[-105.970455,31.366173],[-105.968917,31.365649],[-105.954725,31.365243],[-105.95352,31.364502],[-105.945889,31.353227],[-105.945671,31.350011],[-105.947726,31.342084],[-105.94791,31.339814],[-105.938252,31.318386],[-105.932395,31.313093],[-105.93035,31.312623],[-105.922001,31.311981],[-105.914165,31.313053],[-105.908475,31.312733],[-105.906714,31.310028],[-105.903271,31.306784],[-105.902167,31.303841],[-105.896252,31.292423],[-105.893615,31.290503],[-105.891882,31.290124],[-105.877332,31.291651],[-105.875223,31.29154],[-105.870212,31.289677],[-105.869085,31.28871],[-105.859175,31.276823],[-105.854421,31.273086],[-105.852923,31.27097],[-105.850637,31.265331],[-105.837445,31.249043],[-105.835055,31.246323],[-105.818366,31.23043],[-105.810906,31.221635],[-105.794113,31.202167],[-105.792703,31.20135],[-105.785825,31.199453],[-105.783395,31.198253],[-105.779793,31.191659],[-105.779365,31.189793],[-105.780177,31.185234],[-105.779815,31.182188],[-105.776025,31.176413],[-105.774121,31.168924],[-105.772555,31.166443],[-105.769365,31.164853],[-105.762426,31.164122],[-105.745705,31.165403],[-105.741785,31.164533],[-105.719725,31.149293],[-105.718423,31.147621],[-105.717562,31.142444],[-105.715794,31.14031],[-105.709435,31.136343],[-105.678558,31.125752],[-105.668362,31.122888],[-105.664127,31.121423],[-105.662381,31.120132],[-105.659049,31.119469],[-105.648745,31.115863],[-105.646488,31.11308],[-105.642684,31.099583],[-105.640048,31.097639],[-105.628519,31.098655],[-105.625067,31.097097],[-105.605986,31.084988],[-105.602365,31.081333],[-105.598217,31.07373],[-105.596608,31.06681],[-105.594789,31.063911],[-105.588404,31.060436],[-105.585085,31.057293],[-105.579487,31.035753],[-105.579756,31.031143],[-105.581306,31.026988],[-105.578697,31.02107],[-105.577538,31.019732],[-105.571476,31.018873],[-105.568806,31.015223],[-105.570228,31.009201],[-105.570063,31.008131],[-105.566353,31.00339],[-105.563809,30.997763],[-105.556615,30.989209],[-105.543286,30.984683],[-105.541036,30.984633],[-105.537436,30.985703],[-105.532586,30.984673],[-105.527477,30.978485],[-105.521805,30.976275],[-105.520269,30.972903],[-105.518766,30.972053],[-105.516865,30.96937],[-105.516974,30.967713],[-105.515798,30.96489],[-105.514046,30.966253],[-105.507988,30.966348],[-105.50335,30.968053],[-105.49996,30.965861],[-105.498904,30.963133],[-105.49452,30.958093],[-105.49391,30.956313],[-105.496916,30.955193],[-105.496441,30.954301],[-105.499024,30.950644],[-105.49649,30.949333],[-105.493763,30.949444],[-105.49037,30.946653],[-105.48801,30.943193],[-105.490815,30.943816],[-105.491667,30.942443],[-105.489069,30.940941],[-105.486474,30.942674],[-105.48384,30.940943],[-105.4823,30.940943],[-105.47802,30.938023],[-105.476177,30.934058],[-105.47382,30.934373],[-105.470687,30.933404],[-105.47087,30.931453],[-105.46765,30.929733],[-105.466889,30.924327],[-105.4647,30.925823],[-105.4627,30.924953],[-105.45949,30.924743],[-105.45282,30.925073],[-105.45157,30.924803],[-105.45121,30.921773],[-105.45205,30.920033],[-105.454426,30.919303],[-105.453186,30.916146],[-105.45084,30.916033],[-105.44683,30.919563],[-105.444404,30.917356],[-105.445634,30.915832],[-105.444787,30.913264],[-105.442074,30.909035],[-105.439846,30.908912],[-105.436138,30.907439],[-105.434122,30.907455],[-105.43261,30.906086],[-105.429147,30.905014],[-105.4257,30.900393],[-105.4247,30.901003],[-105.42188,30.900473],[-105.41594,30.900193],[-105.4135,30.899333],[-105.412203,30.893908],[-105.41071,30.891453],[-105.41215,30.890553],[-105.412177,30.888619],[-105.40808,30.889333],[-105.40368,30.892123],[-105.3994,30.888323],[-105.400144,30.886525],[-105.3988,30.885253],[-105.400042,30.882976],[-105.40237,30.881673],[-105.404269,30.879581],[-105.400272,30.876888],[-105.397375,30.876251],[-105.393813,30.876474],[-105.391443,30.874364],[-105.39174,30.873283],[-105.39425,30.871953],[-105.394753,30.868955],[-105.39364,30.866953],[-105.395645,30.864833],[-105.394423,30.862997],[-105.395216,30.859289],[-105.39927,30.857737],[-105.401635,30.854266],[-105.40041,30.852559],[-105.395889,30.849295],[-105.394357,30.849067],[-105.394018,30.850913],[-105.391739,30.850812],[-105.391116,30.852202],[-105.389229,30.852255],[-105.387322,30.853734],[-105.38509,30.850767],[-105.383718,30.851819],[-105.379766,30.850603],[-105.377388,30.851262],[-105.377644,30.849194],[-105.375018,30.849997],[-105.374678,30.848797],[-105.37192,30.847593],[-105.367183,30.847847],[-105.36198,30.850543],[-105.360369,30.848461],[-105.359994,30.846482],[-105.354455,30.843343],[-105.353091,30.841808],[-105.354395,30.837579],[-105.35188,30.835561],[-105.347291,30.838389],[-105.34579,30.840553],[-105.34263,30.840833],[-105.339112,30.840345],[-105.337989,30.837916],[-105.337266,30.833543],[-105.333957,30.833669],[-105.332132,30.832342],[-105.328011,30.831345],[-105.327781,30.830205],[-105.330245,30.825959],[-105.329276,30.82491],[-105.32697,30.824798],[-105.32694,30.825917],[-105.324926,30.828145],[-105.321714,30.827437],[-105.319062,30.828902],[-105.317957,30.827307],[-105.318972,30.824641],[-105.318724,30.823059],[-105.31645,30.820408],[-105.31613,30.818552],[-105.317484,30.8166],[-105.319173,30.811872],[-105.31594,30.810803],[-105.31419,30.812503],[-105.311757,30.813464],[-105.309972,30.816815],[-105.307821,30.814667],[-105.30894,30.812904],[-105.308862,30.811089],[-105.306051,30.809923],[-105.306463,30.811358],[-105.3048,30.811552],[-105.30268,30.816093],[-105.300519,30.819326],[-105.300874,30.823262],[-105.299201,30.82535],[-105.293853,30.826439],[-105.292225,30.826311],[-105.289801,30.824691],[-105.288512,30.818516],[-105.28739,30.817721],[-105.284848,30.818679],[-105.282514,30.818279],[-105.279329,30.815562],[-105.279059,30.812635],[-105.277206,30.811108],[-105.276701,30.808497],[-105.275454,30.806977],[-105.272291,30.809035],[-105.269046,30.809347],[-105.266835,30.808481],[-105.265805,30.806495],[-105.265504,30.802549],[-105.263938,30.800037],[-105.259982,30.797396],[-105.257941,30.794708],[-105.252914,30.795791],[-105.250212,30.799028],[-105.245737,30.800493],[-105.244172,30.799812],[-105.242957,30.801487],[-105.238893,30.802585],[-105.237638,30.803647],[-105.23557,30.802747],[-105.232261,30.802969],[-105.230019,30.803827],[-105.228355,30.80278],[-105.229049,30.800291],[-105.227776,30.799176],[-105.223303,30.800872],[-105.217783,30.805946],[-105.215108,30.805934],[-105.213885,30.803838],[-105.213027,30.800454],[-105.209716,30.79808],[-105.211566,30.794334],[-105.213327,30.793109],[-105.217192,30.793405],[-105.220079,30.78879],[-105.219687,30.786262],[-105.211687,30.781766],[-105.207324,30.783963],[-105.20655,30.786346],[-105.204093,30.787819],[-105.200507,30.787373],[-105.196002,30.791979],[-105.192558,30.789852],[-105.190738,30.785697],[-105.1861,30.784652],[-105.185172,30.780593],[-105.185144,30.777722],[-105.184215,30.776452],[-105.182134,30.776272],[-105.179536,30.771369],[-105.176601,30.767975],[-105.174309,30.767365],[-105.172338,30.770746],[-105.170655,30.771815],[-105.168642,30.776037],[-105.16656,30.776534],[-105.165715,30.773694],[-105.162815,30.770719],[-105.159009,30.771006],[-105.15612,30.769583],[-105.157572,30.766714],[-105.157844,30.761305],[-105.160667,30.757546],[-105.161942,30.75351],[-105.161515,30.752204],[-105.156307,30.753818],[-105.15307,30.751689],[-105.148903,30.7522],[-105.143885,30.755188],[-105.141971,30.754482],[-105.141294,30.752676],[-105.139715,30.752997],[-105.137217,30.751737],[-105.129162,30.750099],[-105.128329,30.748161],[-105.125009,30.748341],[-105.124278,30.749227],[-105.120027,30.749977],[-105.118295,30.749726],[-105.120851,30.745894],[-105.11979,30.743159],[-105.116809,30.743059],[-105.116139,30.74466],[-105.113722,30.74591],[-105.110939,30.743552],[-105.112246,30.740668],[-105.110437,30.740291],[-105.111676,30.735716],[-105.111679,30.732868],[-105.108805,30.730087],[-105.105742,30.730353],[-105.103298,30.728966],[-105.103711,30.725498],[-105.105471,30.724597],[-105.103628,30.722755],[-105.099793,30.722111],[-105.098381,30.720045],[-105.098179,30.716479],[-105.09599,30.715894],[-105.095027,30.717107],[-105.091063,30.717177],[-105.087801,30.715615],[-105.086976,30.714451],[-105.087892,30.711437],[-105.087181,30.709745],[-105.083566,30.710013],[-105.080227,30.707724],[-105.079379,30.705436],[-105.079911,30.703486],[-105.082513,30.702297],[-105.080747,30.701376],[-105.080748,30.699733],[-105.077401,30.700012],[-105.075332,30.701893],[-105.070062,30.701885],[-105.068232,30.703702],[-105.06708,30.699456],[-105.065076,30.698372],[-105.062634,30.698582],[-105.061747,30.694368],[-105.063351,30.689616],[-105.062486,30.686532],[-105.061247,30.685738],[-105.059289,30.686452],[-105.05904,30.688015],[-105.056943,30.687953],[-105.055642,30.685544],[-105.054354,30.685267],[-105.055379,30.682221],[-105.051972,30.681569],[-105.048924,30.682526],[-105.047603,30.681426],[-105.04807,30.680092],[-105.045681,30.679917],[-105.045784,30.681876],[-105.044437,30.683147],[-105.044781,30.684964],[-105.047076,30.687433],[-105.045149,30.688855],[-105.042709,30.687353],[-105.041138,30.688943],[-105.036089,30.686658],[-105.031962,30.68099],[-105.028127,30.680004],[-105.027325,30.678881],[-105.025903,30.680959],[-105.021387,30.681452],[-105.020121,30.683593],[-105.016759,30.684875],[-105.015911,30.682841],[-105.012835,30.682754],[-105.012296,30.683832],[-105.007796,30.686221],[-105.006147,30.685476],[-105.005628,30.683076],[-105.004667,30.683126],[-105.002043,30.680878],[-105.002539,30.680087],[-105.00127,30.675199],[-105.001569,30.672758],[-104.999146,30.67095],[-104.997758,30.668994],[-104.993917,30.66857],[-104.992764,30.6648],[-104.991423,30.665132],[-104.990538,30.663465],[-104.98611,30.662767],[-104.986557,30.659547],[-104.984716,30.655636],[-104.985658,30.655268],[-104.985568,30.650764],[-104.983907,30.642926],[-104.984513,30.641342],[-104.98383,30.634805],[-104.982812,30.634054],[-104.981765,30.63004],[-104.979598,30.628922],[-104.979405,30.627112],[-104.980732,30.62564],[-104.979649,30.623982],[-104.980261,30.622171],[-104.978765,30.62107],[-104.977664,30.61813],[-104.974295,30.616406],[-104.975544,30.614502],[-104.971411,30.609846],[-104.967494,30.607949],[-104.964238,30.608459],[-104.959621,30.610583],[-104.956566,30.609259],[-104.954843,30.609243],[-104.953951,30.606675],[-104.950233,30.603953],[-104.94649,30.604603],[-104.945222,30.603013],[-104.941489,30.603957],[-104.941059,30.602818],[-104.938415,30.603633],[-104.933675,30.599572],[-104.929927,30.599202],[-104.9283,30.603035],[-104.926775,30.605004],[-104.924704,30.605112],[-104.922253,30.602954],[-104.921583,30.598221],[-104.919828,30.597412],[-104.918729,30.59503],[-104.920205,30.590486],[-104.921378,30.590032],[-104.918762,30.585542],[-104.917643,30.585093],[-104.912705,30.58605],[-104.909619,30.585211],[-104.907774,30.582307],[-104.90681,30.577088],[-104.905583,30.57674],[-104.90212,30.573498],[-104.901489,30.572203],[-104.899052,30.570769],[-104.898962,30.568513],[-104.896638,30.56463],[-104.895838,30.562272],[-104.896842,30.560072],[-104.897946,30.554548],[-104.896411,30.553073],[-104.893328,30.553118],[-104.892277,30.551858],[-104.894137,30.55131],[-104.889736,30.548766],[-104.890517,30.546573],[-104.887697,30.546727],[-104.887685,30.544089],[-104.890786,30.54101],[-104.8896,30.538203],[-104.889271,30.535378],[-104.886209,30.533499],[-104.882359,30.532255],[-104.880648,30.529821],[-104.881121,30.524368],[-104.88284,30.524298],[-104.883984,30.526157],[-104.88581,30.524784],[-104.88141,30.521873],[-104.881023,30.520976],[-104.884704,30.520258],[-104.885606,30.51813],[-104.88368,30.516961],[-104.87906,30.51757],[-104.879147,30.515358],[-104.876754,30.511096],[-104.873337,30.513579],[-104.871907,30.510629],[-104.873508,30.504343],[-104.872224,30.501946],[-104.872911,30.497758],[-104.873928,30.495572],[-104.87032,30.494088],[-104.866713,30.494659],[-104.866319,30.492652],[-104.867398,30.488123],[-104.867441,30.484722],[-104.869587,30.484539],[-104.871626,30.48076],[-104.869153,30.478738],[-104.869441,30.474404],[-104.866614,30.469624],[-104.865961,30.464668],[-104.868534,30.463481],[-104.868454,30.460282],[-104.869465,30.45997],[-104.86912,30.456422],[-104.868057,30.453623],[-104.86506,30.452112],[-104.864444,30.450549],[-104.86585,30.446495],[-104.865574,30.444756],[-104.867856,30.44263],[-104.867781,30.440974],[-104.864511,30.441276],[-104.86022,30.439913],[-104.858171,30.436844],[-104.858996,30.434689],[-104.858394,30.431409],[-104.860485,30.429337],[-104.861305,30.426121],[-104.859692,30.426067],[-104.856886,30.424475],[-104.856879,30.422226],[-104.85576,30.420967],[-104.852837,30.420312],[-104.851863,30.41861],[-104.850265,30.419094],[-104.849913,30.421121],[-104.848333,30.421012],[-104.848868,30.418251],[-104.847632,30.413979],[-104.851258,30.413829],[-104.852321,30.412043],[-104.855113,30.411183],[-104.856695,30.409839],[-104.856033,30.403319],[-104.854278,30.40094],[-104.856046,30.395695],[-104.859397,30.391125],[-104.858822,30.3897],[-104.853814,30.385321],[-104.848505,30.383579],[-104.845613,30.379209],[-104.84263,30.378096],[-104.838646,30.375854],[-104.837438,30.373847],[-104.831146,30.372879],[-104.827919,30.373049],[-104.825694,30.37391],[-104.820057,30.374642],[-104.817602,30.375746],[-104.816423,30.375187],[-104.816622,30.372955],[-104.819231,30.370657],[-104.819155,30.367769],[-104.815505,30.365785],[-104.812885,30.366905],[-104.811259,30.366519],[-104.810904,30.363171],[-104.811655,30.361283],[-104.813601,30.360269],[-104.814123,30.358399],[-104.814131,30.353691],[-104.818401,30.351865],[-104.822431,30.35147],[-104.822291,30.349663],[-104.819868,30.34686],[-104.818979,30.347556],[-104.815745,30.344042],[-104.813248,30.343536],[-104.809963,30.34144],[-104.810876,30.337853],[-104.811402,30.332702],[-104.809567,30.333371],[-104.805748,30.332763],[-104.802987,30.331086],[-104.797259,30.330348],[-104.794797,30.32696],[-104.791181,30.325119],[-104.791485,30.322286],[-104.788802,30.321843],[-104.789306,30.318979],[-104.786009,30.316284],[-104.782824,30.316051],[-104.779585,30.313275],[-104.776656,30.310019],[-104.776706,30.30767],[-104.779631,30.305731],[-104.779633,30.303756],[-104.776304,30.304487],[-104.773466,30.302786],[-104.768884,30.304446],[-104.76679,30.306011],[-104.767091,30.303713],[-104.764652,30.30333],[-104.761442,30.300816],[-104.759643,30.293746],[-104.759304,30.28897],[-104.758139,30.286412],[-104.758275,30.281158],[-104.760964,30.276632],[-104.76298,30.275287],[-104.762509,30.274278],[-104.759688,30.274011],[-104.760166,30.271666],[-104.758071,30.271427],[-104.756961,30.272854],[-104.754111,30.271807],[-104.753229,30.273555],[-104.750993,30.2738],[-104.751349,30.271718],[-104.747858,30.273159],[-104.74958,30.266972],[-104.751517,30.264649],[-104.749615,30.261313],[-104.740739,30.259718],[-104.737871,30.256245],[-104.736011,30.256602],[-104.737511,30.25842],[-104.737289,30.261539],[-104.733722,30.261399],[-104.72974,30.258497],[-104.728131,30.255198],[-104.724293,30.253161],[-104.724476,30.250284],[-104.721274,30.247671],[-104.719068,30.247176],[-104.718684,30.245274],[-104.716303,30.241892],[-104.713883,30.239803],[-104.713316,30.237805],[-104.706255,30.234812],[-104.7079,30.226231],[-104.711092,30.224338],[-104.710328,30.221292],[-104.707949,30.218801],[-104.70526,30.216933],[-104.702625,30.213078],[-104.704989,30.208681],[-104.704122,30.206806],[-104.700327,30.205303],[-104.699864,30.198949],[-104.697041,30.1978],[-104.696123,30.19496],[-104.697138,30.191568],[-104.695912,30.190159],[-104.693147,30.18926],[-104.692101,30.18566],[-104.690238,30.182768],[-104.687076,30.179342],[-104.687918,30.17619],[-104.686332,30.173281],[-104.686782,30.169618],[-104.688376,30.166822],[-104.687361,30.161323],[-104.687617,30.159192],[-104.689509,30.153877],[-104.68687,30.152467],[-104.687442,30.150878],[-104.690057,30.149723],[-104.688633,30.147996],[-104.689607,30.146571],[-104.68858,30.145319],[-104.68593,30.1457],[-104.685312,30.144733],[-104.686443,30.141359],[-104.688323,30.141788],[-104.689735,30.140715],[-104.689025,30.13784],[-104.690969,30.139069],[-104.692436,30.13822],[-104.693033,30.135451],[-104.694503,30.13428],[-104.696577,30.134871],[-104.69524,30.131836],[-104.695648,30.125434],[-104.693902,30.12159],[-104.695176,30.118691],[-104.693536,30.117098],[-104.693349,30.118327],[-104.690985,30.117888],[-104.689759,30.116134],[-104.691591,30.116297],[-104.692119,30.114634],[-104.691355,30.111134],[-104.689835,30.111473],[-104.685571,30.110454],[-104.685615,30.107942],[-104.686946,30.105914],[-104.690254,30.106308],[-104.690031,30.107874],[-104.691742,30.108725],[-104.692651,30.104717],[-104.694381,30.101888],[-104.692654,30.099928],[-104.692153,30.096084],[-104.688951,30.095259],[-104.686575,30.097946],[-104.686663,30.099289],[-104.684955,30.099496],[-104.685873,30.095161],[-104.685535,30.093209],[-104.687853,30.090407],[-104.689306,30.0903],[-104.68907,30.0853],[-104.6873,30.085913],[-104.686799,30.087458],[-104.685013,30.085453],[-104.686676,30.08395],[-104.685829,30.082063],[-104.690078,30.078929],[-104.69088,30.077248],[-104.689545,30.075649],[-104.687197,30.076729],[-104.687868,30.073931],[-104.69291,30.074143],[-104.693064,30.071435],[-104.691255,30.070315],[-104.693918,30.069344],[-104.695477,30.066676],[-104.697541,30.065243],[-104.703528,30.064408],[-104.702213,30.06019],[-104.704846,30.058136],[-104.703629,30.055055],[-104.705247,30.053781],[-104.707249,30.050134],[-104.705111,30.048623],[-104.699733,30.042532],[-104.697681,30.041242],[-104.695675,30.037664],[-104.700701,30.035821],[-104.700367,30.033906],[-104.702112,30.031028],[-104.7022,30.027967],[-104.703793,30.026044],[-104.703953,30.023748],[-104.702066,30.02123],[-104.697604,30.019443],[-104.693143,30.019028],[-104.692427,30.017447],[-104.689879,30.015507],[-104.690463,30.013497],[-104.689499,30.010721],[-104.693539,30.007931],[-104.693364,30.004294],[-104.694044,30.003014],[-104.693154,30.001067],[-104.691352,30.000877],[-104.692063,30.002183],[-104.690088,30.003398],[-104.688798,30.002229],[-104.689798,30.001083],[-104.687717,29.997598],[-104.687533,29.995673],[-104.68885,29.994022],[-104.692864,29.994],[-104.692787,29.992536],[-104.690314,29.990846],[-104.68558,29.990366],[-104.685736,29.987142],[-104.686608,29.985022],[-104.687919,29.985015],[-104.688751,29.982779],[-104.688353,29.98005],[-104.690406,29.979203],[-104.691528,29.976791],[-104.69308,29.975854],[-104.691737,29.973986],[-104.688237,29.973864],[-104.685334,29.974724],[-104.68265,29.976978],[-104.680663,29.977201],[-104.679554,29.975092],[-104.681715,29.973618],[-104.682387,29.97185],[-104.685503,29.970843],[-104.681853,29.969067],[-104.683115,29.966731],[-104.683724,29.960162],[-104.685203,29.957229],[-104.683543,29.956081],[-104.681519,29.957164],[-104.680666,29.955431],[-104.67446,29.956722],[-104.67318,29.954556],[-104.674715,29.952742],[-104.674288,29.950795],[-104.676167,29.951926],[-104.678226,29.951117],[-104.67889,29.948145],[-104.680543,29.947401],[-104.680783,29.945732],[-104.677971,29.943602],[-104.67779,29.940432],[-104.679189,29.938156],[-104.681181,29.94021],[-104.682345,29.939174],[-104.681275,29.937962],[-104.682681,29.935702],[-104.681746,29.934203],[-104.679863,29.933686],[-104.679467,29.931732],[-104.681233,29.930276],[-104.682929,29.931812],[-104.683272,29.929107],[-104.680535,29.928281],[-104.678501,29.926622],[-104.679741,29.924679],[-104.679921,29.921176],[-104.677455,29.918703],[-104.675954,29.915763],[-104.677167,29.913035],[-104.674872,29.910939],[-104.670796,29.911865],[-104.668902,29.911359],[-104.665606,29.908879],[-104.666197,29.903257],[-104.665589,29.901708],[-104.663751,29.901158],[-104.661686,29.903123],[-104.662299,29.905388],[-104.658959,29.905013],[-104.657157,29.906032],[-104.654857,29.904847],[-104.655157,29.902808],[-104.658966,29.90134],[-104.659002,29.899087],[-104.657906,29.895862],[-104.658257,29.890798],[-104.655717,29.88927],[-104.653427,29.890698],[-104.65321,29.892348],[-104.650611,29.89136],[-104.652324,29.889605],[-104.65074,29.886444],[-104.64645,29.883421],[-104.645643,29.880643],[-104.645875,29.878315],[-104.643212,29.876974],[-104.640422,29.873586],[-104.637333,29.873984],[-104.636951,29.872439],[-104.633929,29.871206],[-104.630167,29.864623],[-104.629948,29.860998],[-104.630539,29.857362],[-104.630138,29.853931],[-104.629084,29.852013],[-104.626597,29.850924],[-104.62476,29.851222],[-104.621628,29.849678],[-104.62176,29.846727],[-104.624498,29.844709],[-104.624632,29.842683],[-104.622246,29.841882],[-104.620162,29.842987],[-104.615943,29.846501],[-104.614221,29.846266],[-104.612427,29.842582],[-104.610975,29.842567],[-104.60953,29.839861],[-104.610373,29.839062],[-104.610499,29.836275],[-104.61451,29.833628],[-104.620099,29.83319],[-104.619637,29.830217],[-104.617283,29.829441],[-104.61427,29.829475],[-104.612842,29.82734],[-104.608392,29.827751],[-104.610364,29.819948],[-104.609642,29.818851],[-104.607046,29.81912],[-104.607009,29.817208],[-104.60524,29.816062],[-104.602416,29.817051],[-104.600436,29.815133],[-104.598854,29.810853],[-104.5965,29.808467],[-104.595093,29.805464],[-104.591886,29.806889],[-104.591599,29.808362],[-104.594114,29.808378],[-104.592163,29.810406],[-104.58927,29.806156],[-104.586184,29.802961],[-104.586249,29.801119],[-104.590652,29.799517],[-104.590915,29.798115],[-104.589352,29.795871],[-104.585394,29.79624],[-104.581383,29.794971],[-104.582463,29.792501],[-104.579281,29.789891],[-104.579926,29.788881],[-104.578245,29.787627],[-104.57895,29.786842],[-104.578726,29.782621],[-104.574463,29.781641],[-104.57033,29.777006],[-104.568065,29.773311],[-104.565929,29.771468],[-104.565762,29.769023],[-104.567841,29.767389],[-104.568207,29.765744],[-104.566158,29.765131],[-104.566246,29.762853],[-104.563883,29.761283],[-104.566803,29.76017],[-104.565687,29.759039],[-104.567635,29.756751],[-104.569226,29.757427],[-104.570182,29.754276],[-104.569113,29.751656],[-104.564714,29.74961],[-104.561785,29.747469],[-104.560036,29.74721],[-104.559343,29.745688],[-104.557345,29.745606],[-104.55525,29.741825],[-104.553877,29.743054],[-104.55226,29.74244],[-104.551345,29.74062],[-104.549796,29.740641],[-104.550058,29.738234],[-104.553997,29.738707],[-104.555218,29.737851],[-104.558934,29.73806],[-104.560435,29.735188],[-104.555736,29.734924],[-104.556573,29.732492],[-104.555415,29.731281],[-104.552447,29.731894],[-104.549659,29.73105],[-104.54892,29.728723],[-104.549549,29.726569],[-104.552221,29.724778],[-104.552155,29.722754],[-104.54912,29.720773],[-104.551573,29.718973],[-104.55167,29.716413],[-104.549552,29.716245],[-104.547479,29.717686],[-104.545599,29.717043],[-104.544815,29.715532],[-104.547507,29.714411],[-104.544559,29.712742],[-104.544023,29.710311],[-104.545761,29.709897],[-104.546109,29.708398],[-104.543432,29.703689],[-104.545948,29.699613],[-104.543607,29.697832],[-104.543832,29.696299],[-104.537053,29.692861],[-104.533399,29.692387],[-104.530624,29.691072],[-104.531025,29.68817],[-104.534299,29.685852],[-104.537724,29.684495],[-104.540393,29.684848],[-104.543116,29.683281],[-104.544198,29.681271],[-104.538158,29.677229],[-104.535471,29.673626],[-104.535184,29.672254],[-104.536417,29.667985],[-104.535575,29.666553],[-104.532573,29.667271],[-104.533386,29.668673],[-104.532027,29.670566],[-104.528614,29.669792],[-104.527989,29.667325],[-104.526579,29.667949],[-104.52498,29.665974],[-104.525215,29.661454],[-104.524112,29.658582],[-104.522833,29.658426],[-104.519072,29.653815],[-104.516997,29.653063],[-104.517187,29.650021],[-104.518412,29.649333],[-104.517597,29.647391],[-104.512706,29.646768],[-104.509798,29.644012],[-104.512796,29.642954],[-104.512587,29.641366],[-104.51532,29.641582],[-104.515589,29.640282],[-104.513982,29.639762],[-104.512756,29.63703],[-104.510223,29.635223],[-104.507659,29.632278],[-104.505591,29.634278],[-104.507094,29.636876],[-104.503623,29.637001],[-104.502044,29.638299],[-104.498003,29.639695],[-104.496231,29.639049],[-104.49675,29.635741],[-104.494934,29.633826],[-104.491696,29.634284],[-104.487179,29.633691],[-104.487201,29.630361],[-104.486141,29.628658],[-104.482875,29.627623],[-104.477326,29.628619],[-104.475991,29.627979],[-104.476558,29.626414],[-104.474752,29.623626],[-104.473698,29.618233],[-104.46905,29.618997],[-104.465654,29.618558],[-104.465371,29.61572],[-104.467406,29.613654],[-104.467582,29.611236],[-104.466752,29.609387],[-104.46353,29.610193],[-104.460726,29.608948],[-104.457436,29.609213],[-104.455964,29.608359],[-104.454848,29.605808],[-104.452782,29.604021],[-104.409424,29.578287],[-104.404747,29.575677],[-104.398921,29.571897],[-104.396928,29.5695],[-104.397269,29.566423],[-104.394082,29.560194],[-104.394881,29.556282],[-104.386143,29.548175],[-104.381051,29.542944],[-104.378932,29.542103],[-104.375044,29.543748],[-104.369949,29.542849],[-104.367401,29.54011],[-104.362498,29.535885],[-104.357532,29.5324],[-104.352684,29.529691],[-104.350243,29.527677],[-104.347405,29.526236],[-104.338201,29.520182],[-104.336221,29.519333],[-104.333995,29.519576],[-104.332533,29.521319],[-104.32988,29.522894],[-104.324095,29.522935],[-104.322106,29.521797],[-104.320673,29.523636],[-104.320989,29.529208],[-104.317925,29.532356],[-104.315476,29.532754],[-104.31358,29.532013],[-104.31135,29.529596],[-104.31059,29.527085],[-104.311696,29.524423],[-104.311067,29.523147],[-104.302801,29.524256],[-104.296789,29.524128],[-104.292895,29.52229],[-104.292436,29.519776],[-104.289996,29.519031],[-104.284827,29.518892],[-104.282072,29.517492],[-104.272244,29.516349],[-104.268284,29.513495],[-104.2657,29.514181],[-104.262175,29.513501],[-104.261243,29.511548],[-104.262278,29.510204],[-104.261441,29.507409],[-104.258305,29.506104],[-104.254295,29.506711],[-104.249505,29.504404],[-104.244623,29.500112],[-104.240042,29.49732],[-104.237456,29.497716],[-104.235005,29.495777],[-104.233214,29.491159],[-104.233904,29.487909],[-104.232977,29.483454],[-104.230698,29.478669],[-104.227521,29.480022],[-104.22524,29.482036],[-104.219669,29.48317],[-104.215771,29.484721],[-104.2129,29.484087],[-104.210044,29.482243],[-104.208923,29.480732],[-104.21047,29.478212],[-104.211072,29.475797],[-104.210745,29.472434],[-104.212914,29.467508],[-104.212433,29.464928],[-104.213583,29.461528],[-104.218262,29.458175],[-104.215641,29.454081],[-104.212899,29.452582],[-104.211166,29.449755],[-104.203656,29.445534],[-104.200965,29.444959],[-104.198167,29.443059],[-104.194639,29.441993],[-104.192823,29.439248],[-104.193603,29.436121],[-104.188881,29.432115],[-104.185992,29.428228],[-104.182306,29.427531],[-104.180792,29.425861],[-104.180901,29.422575],[-104.182423,29.421681],[-104.183889,29.4172],[-104.182306,29.415105],[-104.180407,29.41447],[-104.179724,29.410603],[-104.175938,29.40928],[-104.173757,29.410108],[-104.169406,29.407799],[-104.171133,29.40378],[-104.168508,29.401507],[-104.166089,29.402038],[-104.164512,29.400955],[-104.164691,29.399645],[-104.166697,29.398621],[-104.16838,29.396136],[-104.165004,29.392722],[-104.16232,29.391632],[-104.160741,29.389876],[-104.156866,29.390463],[-104.156633,29.393617],[-104.155583,29.394687],[-104.15138,29.391222],[-104.152045,29.388911],[-104.14935,29.385378],[-104.147513,29.385108],[-104.143626,29.388398],[-104.142424,29.386098],[-104.143202,29.382424],[-104.142158,29.378607],[-104.141158,29.377823],[-104.137507,29.379324],[-104.137449,29.383181],[-104.134919,29.38422],[-104.131383,29.382346],[-104.131422,29.379979],[-104.129447,29.378589],[-104.126923,29.378358],[-104.123215,29.380484],[-104.121741,29.377445],[-104.121318,29.371423],[-104.117893,29.370751],[-104.114066,29.3734],[-104.10956,29.374085],[-104.106874,29.37344],[-104.102991,29.370312],[-104.100925,29.367465],[-104.098201,29.366547],[-104.098118,29.362322],[-104.097561,29.361509],[-104.094475,29.361179],[-104.091208,29.359913],[-104.0895,29.357989],[-104.089512,29.355998],[-104.091008,29.353708],[-104.086172,29.350431],[-104.082256,29.346064],[-104.075779,29.345136],[-104.073532,29.346557],[-104.066746,29.341005],[-104.063717,29.34055],[-104.06219,29.339314],[-104.055668,29.337455],[-104.056693,29.333622],[-104.055538,29.330823],[-104.051147,29.327763],[-104.045958,29.325611],[-104.03919,29.321756],[-104.038307,29.32025],[-104.03434,29.318689],[-104.02873,29.315796],[-104.020218,29.312048],[-104.016238,29.312139],[-104.008177,29.308132],[-104.003356,29.306965],[-104.000678,29.305337],[-103.992867,29.304255],[-103.987869,29.301814],[-103.985491,29.301211],[-103.983654,29.299345],[-103.975808,29.296249],[-103.972059,29.296055],[-103.969694,29.297397],[-103.968056,29.299999],[-103.965695,29.29872],[-103.961152,29.298684],[-103.95456,29.296713],[-103.952194,29.297616],[-103.950033,29.295347],[-103.944694,29.295247],[-103.937736,29.292834],[-103.930071,29.293604],[-103.92572,29.294372],[-103.919187,29.290754],[-103.917699,29.288677],[-103.918887,29.284844],[-103.912078,29.283744],[-103.908867,29.284674],[-103.905639,29.286411],[-103.900473,29.287585],[-103.8986,29.287074],[-103.892067,29.280389],[-103.889395,29.278824],[-103.886732,29.280111],[-103.885387,29.281588],[-103.885607,29.283612],[-103.884487,29.284698],[-103.88012,29.285149],[-103.873362,29.283449],[-103.870076,29.280684],[-103.865763,29.282155],[-103.863335,29.27922],[-103.859373,29.280442],[-103.857412,29.281661],[-103.854307,29.281472],[-103.849315,29.279853],[-103.843887,29.27952],[-103.8423,29.278514],[-103.837556,29.278199],[-103.837343,29.275386],[-103.835491,29.272687],[-103.832317,29.27143],[-103.829628,29.271313],[-103.826207,29.269203],[-103.822634,29.270495],[-103.820753,29.270527],[-103.816142,29.273129],[-103.813373,29.273966],[-103.809396,29.272713],[-103.807509,29.269886],[-103.809173,29.265939],[-103.806782,29.264043],[-103.806369,29.261089],[-103.799364,29.258437],[-103.795863,29.259718],[-103.793487,29.262214],[-103.790909,29.26341],[-103.788613,29.265379],[-103.784409,29.265531],[-103.782798,29.264046],[-103.779969,29.257697],[-103.778732,29.256131],[-103.778477,29.252039],[-103.775072,29.247954],[-103.776733,29.243273],[-103.780556,29.243852],[-103.781724,29.24034],[-103.780591,29.236185],[-103.782029,29.227264],[-103.779874,29.225923],[-103.777534,29.222994],[-103.777147,29.220509],[-103.77198,29.219383],[-103.769589,29.220409],[-103.76753,29.22583],[-103.768393,29.227578],[-103.763104,29.232526],[-103.759067,29.233281],[-103.755117,29.228725],[-103.754261,29.22689],[-103.754784,29.225126],[-103.757657,29.223098],[-103.757365,29.220668],[-103.752874,29.219486],[-103.749531,29.219748],[-103.743259,29.22215],[-103.740924,29.219424],[-103.741102,29.217573],[-103.74312,29.215328],[-103.742185,29.212947],[-103.742545,29.20901],[-103.741098,29.207713],[-103.739187,29.20411],[-103.737055,29.201861],[-103.733041,29.199179],[-103.730779,29.198273],[-103.729457,29.196745],[-103.72961,29.194638],[-103.72841,29.192725],[-103.724947,29.191986],[-103.722843,29.189167],[-103.718561,29.180826],[-103.716618,29.180591],[-103.714438,29.184272],[-103.712958,29.185222],[-103.711134,29.184677],[-103.708965,29.185259],[-103.707558,29.183812],[-103.705809,29.18496],[-103.703735,29.184415],[-103.700649,29.180346],[-103.700317,29.178434],[-103.698164,29.177473],[-103.693611,29.177217],[-103.688252,29.178495],[-103.685582,29.176146],[-103.682553,29.176275],[-103.67774,29.173883],[-103.673492,29.173247],[-103.669307,29.173652],[-103.664632,29.170937],[-103.661164,29.171005],[-103.656712,29.16936],[-103.656141,29.167389],[-103.653633,29.163417],[-103.65062,29.160824],[-103.651821,29.159455],[-103.651676,29.157206],[-103.6499,29.15641],[-103.647564,29.157103],[-103.646435,29.158823],[-103.640745,29.161142],[-103.63759,29.160531],[-103.633657,29.15858],[-103.631024,29.160126],[-103.630583,29.161611],[-103.628384,29.163067],[-103.62218,29.162954],[-103.617877,29.163487],[-103.611243,29.165367],[-103.608704,29.164647],[-103.606663,29.160856],[-103.603182,29.158097],[-103.60059,29.157878],[-103.596281,29.151915],[-103.592241,29.150069],[-103.5911,29.150472],[-103.580009,29.149524],[-103.576078,29.1514],[-103.573684,29.153823],[-103.568228,29.155317],[-103.564484,29.154251],[-103.561401,29.1553],[-103.556868,29.155502],[-103.553692,29.157996],[-103.551315,29.156668],[-103.550026,29.153785],[-103.552055,29.151563],[-103.552965,29.148656],[-103.552121,29.145792],[-103.548048,29.142294],[-103.546375,29.143807],[-103.542237,29.145869],[-103.539564,29.146097],[-103.537942,29.143969],[-103.535085,29.142795],[-103.531553,29.140469],[-103.528781,29.139649],[-103.523206,29.135777],[-103.523772,29.133079],[-103.523297,29.129033],[-103.523855,29.121247],[-103.51987,29.119676],[-103.515261,29.121317],[-103.511035,29.120612],[-103.508321,29.118418],[-103.507822,29.117048],[-103.505224,29.115855],[-103.500934,29.116536],[-103.499889,29.115376],[-103.500224,29.110885],[-103.498633,29.108451],[-103.494247,29.108369],[-103.493079,29.106054],[-103.485391,29.095696],[-103.481674,29.092125],[-103.478551,29.091253],[-103.476635,29.091738],[-103.475257,29.090315],[-103.476202,29.087812],[-103.469936,29.085317],[-103.469816,29.080171],[-103.471289,29.075064],[-103.47393,29.070315],[-103.472618,29.067794],[-103.470107,29.066194],[-103.467094,29.066079],[-103.462596,29.067302],[-103.459876,29.067001],[-103.459466,29.068702],[-103.462228,29.071425],[-103.461926,29.072535],[-103.453519,29.072443],[-103.44993,29.072714],[-103.450557,29.070258],[-103.450019,29.065734],[-103.446978,29.062334],[-103.442269,29.058532],[-103.439546,29.057542],[-103.438396,29.058186],[-103.43461,29.057557],[-103.435111,29.05561],[-103.433707,29.052198],[-103.429895,29.050337],[-103.428764,29.049191],[-103.429353,29.047209],[-103.431251,29.045797],[-103.431317,29.043053],[-103.427113,29.042193],[-103.423191,29.043448],[-103.418999,29.042324],[-103.417396,29.041061],[-103.415414,29.037881],[-103.411883,29.038126],[-103.408814,29.039628],[-103.405079,29.039577],[-103.404323,29.036493],[-103.402448,29.032127],[-103.400767,29.031022],[-103.394982,29.032575],[-103.393013,29.034599],[-103.391569,29.034951],[-103.387745,29.033023],[-103.387035,29.026992],[-103.388046,29.023518],[-103.386505,29.021648],[-103.384022,29.024243],[-103.382069,29.024502],[-103.376705,29.023156],[-103.373893,29.023523],[-103.366763,29.020227],[-103.361057,29.018516],[-103.359603,29.018644],[-103.353901,29.022225],[-103.352135,29.027203],[-103.350528,29.028914],[-103.349144,29.036853],[-103.347802,29.040259],[-103.345868,29.042459],[-103.344901,29.045161],[-103.342294,29.046168],[-103.339281,29.043704],[-103.337271,29.043382],[-103.333447,29.043918],[-103.330613,29.043219],[-103.328063,29.04084],[-103.327186,29.038952],[-103.327696,29.034044],[-103.327248,29.032721],[-103.33011,29.029534],[-103.332749,29.029243],[-103.335816,29.027523],[-103.34201,29.028436],[-103.340523,29.023236],[-103.338751,29.020277],[-103.33508,29.017514],[-103.331223,29.016333],[-103.326359,29.016315],[-103.320921,29.019103],[-103.31859,29.02194],[-103.313792,29.026198],[-103.311237,29.026076],[-103.307657,29.024537],[-103.306677,29.023008],[-103.308029,29.018884],[-103.311219,29.013978],[-103.316318,29.011581],[-103.314955,29.008449],[-103.310993,29.004742],[-103.308274,29.003402],[-103.304545,29.006613],[-103.301622,29.008413],[-103.298981,29.006678],[-103.295888,29.006488],[-103.29056,29.00315],[-103.288116,29.002409],[-103.28616,29.000258],[-103.281918,28.989638],[-103.281553,28.987696],[-103.283009,28.982971],[-103.288305,28.981385],[-103.286986,28.978172],[-103.281773,28.976641],[-103.279338,28.977002],[-103.277031,28.979938],[-103.274447,28.981581],[-103.271386,28.985362],[-103.269844,28.989268],[-103.269053,28.993977],[-103.267493,28.996046],[-103.265735,28.99567],[-103.259512,28.991643],[-103.259317,28.99068],[-103.25408,28.98764],[-103.252179,28.985658],[-103.250416,28.98043],[-103.242459,28.981083],[-103.237635,28.981862],[-103.236191,28.984622],[-103.233501,28.986013],[-103.230252,28.988528],[-103.227888,28.991857],[-103.225548,28.989978],[-103.221864,28.984684],[-103.219848,28.983318],[-103.218981,28.985652],[-103.21422,28.987808],[-103.206289,28.986575],[-103.203834,28.98723],[-103.200557,28.986777],[-103.198143,28.98567],[-103.191639,28.983946],[-103.190822,28.984163],[-103.182245,28.982774],[-103.178373,28.980824],[-103.176755,28.978069],[-103.174459,28.977795],[-103.173035,28.980161],[-103.170824,28.980571],[-103.166788,28.978513],[-103.165628,28.977123],[-103.166084,28.974397],[-103.164088,28.972252],[-103.160482,28.973841],[-103.156231,28.972981],[-103.153896,28.971606],[-103.151429,28.975096],[-103.144408,28.977467],[-103.139313,28.980552],[-103.135989,28.983371],[-103.13137,28.983948],[-103.129135,28.982533],[-103.125379,28.982439],[-103.122429,28.984485],[-103.11851,28.983715],[-103.11536,28.985398],[-103.113814,28.988604],[-103.117478,28.997774],[-103.117332,29.000033],[-103.116039,29.002552],[-103.107869,29.013958],[-103.101952,29.017499],[-103.099501,29.022201],[-103.097848,29.027036],[-103.100651,29.03091],[-103.103465,29.032661],[-103.105029,29.034712],[-103.106506,29.038179],[-103.105868,29.042454],[-103.104235,29.045964],[-103.100931,29.049562],[-103.09992,29.055613],[-103.100599,29.057835],[-103.100134,29.060675],[-103.096891,29.060768],[-103.09548,29.064727],[-103.093817,29.065073],[-103.091602,29.063944],[-103.091908,29.057256],[-103.089689,29.053352],[-103.085639,29.054252],[-103.085657,29.060706],[-103.087269,29.065824],[-103.087234,29.067621],[-103.083562,29.070849],[-103.079154,29.073564],[-103.077019,29.076017],[-103.076516,29.07913],[-103.077203,29.081424],[-103.080183,29.087437],[-103.078679,29.088079],[-103.076252,29.091271],[-103.069989,29.093708],[-103.066028,29.091437],[-103.064254,29.091451],[-103.061632,29.09425],[-103.0593,29.095298],[-103.05568,29.099654],[-103.053887,29.100749],[-103.049319,29.098013],[-103.047329,29.095853],[-103.045427,29.095427],[-103.041217,29.096278],[-103.036301,29.098872],[-103.033879,29.100972],[-103.032304,29.104225],[-103.032185,29.106994],[-103.036117,29.11078],[-103.037014,29.112901],[-103.035656,29.114222],[-103.032121,29.115288],[-103.02861,29.115509],[-103.025905,29.117387],[-103.02403,29.119753],[-103.02317,29.123003],[-103.02181,29.124745],[-103.018586,29.12618],[-103.015803,29.125929],[-103.014259,29.124978],[-103.01177,29.126926],[-103.012171,29.128703],[-103.01479,29.130614],[-103.015711,29.133278],[-103.014859,29.135347],[-103.011734,29.137272],[-103.008991,29.137439],[-103.008615,29.14582],[-103.00804,29.148423],[-103.002506,29.149959],[-102.999195,29.156492],[-102.995914,29.161134],[-102.995785,29.164008],[-102.996993,29.170479],[-102.997951,29.172846],[-102.997902,29.175119],[-102.996759,29.177729],[-102.994941,29.179797],[-102.992276,29.180603],[-102.989985,29.183472],[-102.986044,29.183219],[-102.981607,29.185584],[-102.97874,29.186433],[-102.973566,29.185806],[-102.968038,29.18274],[-102.966405,29.182716],[-102.962518,29.180176],[-102.955349,29.177904],[-102.952786,29.17394],[-102.950413,29.174442],[-102.950888,29.178162],[-102.949205,29.180723],[-102.947641,29.181083],[-102.945711,29.183075],[-102.944869,29.186222],[-102.945431,29.188905],[-102.944008,29.190973],[-102.941465,29.191735],[-102.939835,29.188551],[-102.935891,29.191119],[-102.932975,29.194508],[-102.925329,29.19376],[-102.919747,29.19076],[-102.917823,29.190887],[-102.918936,29.19903],[-102.914195,29.200143],[-102.913662,29.204135],[-102.912734,29.20673],[-102.91574,29.211213],[-102.916081,29.215743],[-102.914944,29.217476],[-102.912324,29.219418],[-102.909326,29.219792],[-102.905631,29.215826],[-102.902629,29.214114],[-102.900692,29.212003],[-102.899491,29.20946],[-102.897139,29.208521],[-102.893924,29.208664],[-102.885596,29.211116],[-102.884277,29.21236],[-102.878821,29.213627],[-102.877723,29.216614],[-102.873736,29.218868],[-102.867474,29.223883],[-102.866762,29.227744],[-102.868529,29.230365],[-102.871716,29.231719],[-102.870614,29.237045],[-102.871032,29.240706],[-102.874388,29.243552],[-102.879724,29.245176],[-102.88028,29.246066],[-102.885029,29.246116],[-102.887529,29.245667],[-102.893425,29.249915],[-102.896626,29.254114],[-102.903066,29.254335],[-102.905981,29.258269],[-102.906382,29.262055],[-102.905478,29.263623],[-102.902249,29.26482],[-102.899287,29.269092],[-102.900182,29.272783],[-102.903065,29.276081],[-102.903328,29.277842],[-102.902352,29.280127],[-102.899606,29.280468],[-102.897769,29.281611],[-102.896514,29.284831],[-102.891219,29.28739],[-102.889736,29.288748],[-102.888178,29.293359],[-102.88845,29.295832],[-102.890227,29.302684],[-102.89276,29.306182],[-102.892971,29.309151],[-102.890195,29.309472],[-102.887282,29.312017],[-102.888207,29.314371],[-102.887433,29.318755],[-102.88432,29.321197],[-102.88493,29.325075],[-102.881158,29.334315],[-102.879875,29.339148],[-102.880749,29.342088],[-102.88388,29.34599],[-102.884365,29.347946],[-102.880711,29.352639],[-102.877726,29.3548],[-102.874043,29.352635],[-102.871694,29.351998],[-102.863399,29.35139],[-102.860582,29.351534],[-102.857113,29.353242],[-102.849183,29.355921],[-102.845303,29.357699],[-102.839375,29.358922],[-102.840078,29.361851],[-102.842943,29.363004],[-102.845317,29.364732],[-102.844898,29.3696],[-102.845194,29.373669],[-102.843723,29.375927],[-102.84069,29.377641],[-102.837029,29.377894],[-102.834023,29.379056],[-102.833199,29.387415],[-102.832784,29.388607],[-102.830157,29.390328],[-102.825612,29.396946],[-102.81963,29.398328],[-102.816347,29.397061],[-102.814501,29.398035],[-102.812381,29.400525],[-102.813676,29.402326],[-102.820069,29.403653],[-102.825855,29.402544],[-102.826414,29.407453],[-102.832582,29.408445],[-102.833261,29.410976],[-102.828539,29.415518],[-102.826925,29.4177],[-102.828572,29.423584],[-102.830613,29.427518],[-102.83248,29.432431],[-102.830943,29.433879],[-102.831767,29.439391],[-102.830827,29.441028],[-102.830679,29.444775],[-102.828525,29.446365],[-102.82505,29.447743],[-102.819528,29.45072],[-102.821086,29.45189],[-102.823689,29.452023],[-102.825469,29.455117],[-102.825637,29.457945],[-102.824289,29.459181],[-102.823105,29.463299],[-102.821442,29.465331],[-102.817774,29.467425],[-102.816414,29.470522],[-102.813923,29.472166],[-102.815527,29.476004],[-102.814385,29.4799],[-102.814251,29.482398],[-102.812565,29.483636],[-102.808352,29.483305],[-102.80421,29.483716],[-102.800932,29.485913],[-102.802044,29.488305],[-102.804874,29.490353],[-102.807213,29.49405],[-102.804744,29.498785],[-102.804337,29.501177],[-102.807474,29.503851],[-102.806546,29.507407],[-102.807223,29.512324],[-102.80648,29.515761],[-102.807869,29.517554],[-102.808862,29.520766],[-102.808195,29.523115],[-102.803907,29.523954],[-102.798443,29.526667],[-102.79718,29.529398],[-102.792567,29.532444],[-102.791589,29.536224],[-102.792941,29.538837],[-102.792443,29.54177],[-102.789883,29.543672],[-102.783849,29.542034],[-102.780266,29.542466],[-102.778382,29.543592],[-102.776809,29.547055],[-102.773468,29.547184],[-102.77111,29.549031],[-102.775437,29.551588],[-102.777339,29.554749],[-102.777766,29.56098],[-102.7751,29.563722],[-102.773565,29.566569],[-102.773866,29.573124],[-102.769877,29.573729],[-102.767627,29.571798],[-102.764779,29.57334],[-102.763792,29.575069],[-102.762192,29.580105],[-102.763504,29.582012],[-102.765929,29.589527],[-102.768012,29.592584],[-102.768641,29.59468],[-102.765374,29.597757],[-102.761886,29.598643],[-102.757077,29.597845],[-102.753667,29.596245],[-102.749695,29.595085],[-102.746004,29.592683],[-102.74434,29.593559],[-102.740154,29.598174],[-102.739721,29.599925],[-102.741451,29.602069],[-102.738791,29.608828],[-102.738619,29.619508],[-102.739053,29.625557],[-102.741957,29.630319],[-102.742289,29.631978],[-102.736848,29.639834],[-102.737021,29.641496],[-102.73451,29.642143],[-102.73031,29.640724],[-102.727209,29.6422],[-102.725443,29.643794],[-102.724066,29.648515],[-102.72574,29.651417],[-102.723772,29.651182],[-102.718293,29.653998],[-102.712179,29.65909],[-102.709167,29.664874],[-102.708646,29.666987],[-102.704083,29.67134],[-102.70051,29.672561],[-102.696723,29.671958],[-102.693539,29.676957],[-102.696894,29.682802],[-102.699443,29.684999],[-102.699252,29.691254],[-102.698551,29.695545],[-102.697027,29.698776],[-102.689035,29.705038],[-102.690166,29.707308],[-102.690378,29.713829],[-102.691373,29.721372],[-102.687737,29.722753],[-102.685424,29.726528],[-102.681534,29.72838],[-102.678987,29.73402],[-102.677219,29.741052],[-102.67487,29.744094],[-102.672285,29.744363],[-102.668713,29.746108],[-102.66728,29.744164],[-102.667634,29.74015],[-102.664048,29.736667],[-102.659452,29.735444],[-102.653927,29.735509],[-102.645758,29.733874],[-102.639968,29.733628],[-102.630233,29.73427],[-102.629695,29.735136],[-102.62611,29.735418],[-102.62279,29.736339],[-102.617042,29.743449],[-102.61496,29.746654],[-102.612098,29.748285],[-102.609942,29.747785],[-102.606745,29.748603],[-102.6036,29.750394],[-102.597618,29.751415],[-102.594654,29.750699],[-102.592869,29.74914],[-102.589207,29.749069],[-102.58538,29.750897],[-102.580887,29.754749],[-102.578982,29.755417],[-102.576011,29.754691],[-102.573796,29.754896],[-102.572095,29.757474],[-102.57385,29.761631],[-102.573301,29.762486],[-102.574451,29.765969],[-102.573789,29.767993],[-102.572085,29.768694],[-102.570105,29.7713],[-102.565697,29.770928],[-102.564937,29.768772],[-102.563135,29.767987],[-102.560429,29.763718],[-102.55877,29.759803],[-102.555184,29.755862],[-102.554452,29.753121],[-102.555127,29.751329],[-102.554669,29.748728],[-102.550704,29.745191],[-102.547978,29.744644],[-102.543417,29.746505],[-102.540005,29.748721],[-102.535744,29.753611],[-102.531376,29.756603],[-102.527363,29.758426],[-102.520514,29.760739],[-102.518036,29.762292],[-102.513,29.766569],[-102.513103,29.769089],[-102.510727,29.771354],[-102.510727,29.773882],[-102.514121,29.775354],[-102.517919,29.778159],[-102.519186,29.780368],[-102.517616,29.78358],[-102.514939,29.784299],[-102.503986,29.782035],[-102.497578,29.781494],[-102.487252,29.786585],[-102.483565,29.784784],[-102.481271,29.781325],[-102.482249,29.778386],[-102.480927,29.776172],[-102.473233,29.776018],[-102.471512,29.776723],[-102.470649,29.779664],[-102.467968,29.782531],[-102.466268,29.783402],[-102.462812,29.781912],[-102.458889,29.775398],[-102.457692,29.774585],[-102.455006,29.77481],[-102.450082,29.777171],[-102.446315,29.777424],[-102.444578,29.776812],[-102.440787,29.773735],[-102.439297,29.773259],[-102.437271,29.774242],[-102.436597,29.775743],[-102.434228,29.776946],[-102.432281,29.775547],[-102.425922,29.7731],[-102.423119,29.770008],[-102.420572,29.769],[-102.417827,29.769535],[-102.414934,29.769281],[-102.411973,29.768168],[-102.410639,29.765373],[-102.404537,29.765181],[-102.398924,29.769522],[-102.394807,29.769163],[-102.391791,29.7661],[-102.390189,29.762446],[-102.387542,29.761305],[-102.386361,29.762412],[-102.387347,29.76474],[-102.385028,29.770502],[-102.385408,29.773398],[-102.387263,29.778473],[-102.389736,29.780908],[-102.389674,29.782601],[-102.383865,29.78622],[-102.380285,29.787347],[-102.3772,29.789889],[-102.37782,29.797168],[-102.377512,29.799997],[-102.373195,29.807878],[-102.372084,29.813605],[-102.369627,29.819703],[-102.369677,29.820522],[-102.366854,29.824018],[-102.362929,29.831489],[-102.362445,29.835655],[-102.363725,29.839589],[-102.364672,29.844445],[-102.363355,29.847085],[-102.35971,29.850043],[-102.354224,29.851427],[-102.350854,29.854849],[-102.350192,29.857401],[-102.350026,29.861905],[-102.349423,29.862875],[-102.343091,29.865237],[-102.34161,29.86905],[-102.333795,29.868273],[-102.332801,29.867072],[-102.332254,29.863044],[-102.327815,29.862661],[-102.324856,29.863081],[-102.322711,29.86566],[-102.324602,29.87098],[-102.32434,29.873712],[-102.321734,29.877873],[-102.320272,29.879301],[-102.31594,29.879993],[-102.313365,29.87871],[-102.312298,29.877119],[-102.304401,29.877815],[-102.299997,29.877369],[-102.29529,29.873341],[-102.287981,29.871604],[-102.285828,29.870053],[-102.283584,29.864691],[-102.281484,29.862977],[-102.277085,29.862781],[-102.274764,29.863788],[-102.268995,29.867765],[-102.265245,29.867679],[-102.261972,29.864422],[-102.264356,29.857121],[-102.26348,29.854227],[-102.261495,29.853241],[-102.256398,29.852714],[-102.253178,29.853068],[-102.251286,29.855997],[-102.251604,29.859912],[-102.249414,29.863814],[-102.246915,29.86431],[-102.245307,29.863191],[-102.243225,29.858413],[-102.245314,29.850396],[-102.244167,29.84831],[-102.24138,29.847686],[-102.234142,29.848579],[-102.230857,29.847868],[-102.227891,29.843634],[-102.224205,29.840787],[-102.221853,29.840365],[-102.218085,29.841707],[-102.215505,29.843642],[-102.209938,29.844359],[-102.207029,29.843473],[-102.204561,29.840993],[-102.199261,29.836683],[-102.195121,29.837115],[-102.193357,29.839356],[-102.193254,29.842783],[-102.192348,29.845534],[-102.188942,29.848809],[-102.186461,29.848437],[-102.182281,29.845889],[-102.178509,29.839454],[-102.178437,29.836665],[-102.181338,29.830827],[-102.180201,29.826793],[-102.177527,29.825551],[-102.169181,29.826143],[-102.166445,29.825385],[-102.165745,29.823046],[-102.161279,29.818683],[-102.159796,29.814685],[-102.15561,29.812042],[-102.150893,29.811592],[-102.149206,29.810122],[-102.143566,29.80332],[-102.140769,29.802264],[-102.136747,29.801943],[-102.129514,29.798624],[-102.127641,29.798797],[-102.12361,29.801884],[-102.119754,29.802479],[-102.117319,29.800641],[-102.118391,29.799034],[-102.116723,29.793038],[-102.114766,29.792466],[-102.112266,29.793557],[-102.108905,29.791849],[-102.107362,29.79282],[-102.100679,29.793418],[-102.096264,29.79147],[-102.093567,29.791497],[-102.0913,29.793229],[-102.089185,29.793382],[-102.084379,29.795064],[-102.082475,29.793425],[-102.07931,29.793105],[-102.077109,29.792051],[-102.075668,29.788392],[-102.073819,29.78679],[-102.071246,29.787012],[-102.057891,29.786436],[-102.055001,29.78703],[-102.051428,29.784953],[-102.049023,29.785672],[-102.048605,29.787722],[-102.046293,29.78994],[-102.041418,29.789656],[-102.038626,29.791619],[-102.038736,29.793625],[-102.04093,29.797565],[-102.041189,29.799058],[-102.039827,29.802047],[-102.035818,29.804063],[-102.033121,29.803986],[-102.030684,29.802538],[-102.027436,29.801883],[-102.024555,29.802922],[-102.020463,29.8017],[-102.018412,29.798517],[-102.014465,29.797643],[-102.011603,29.799571],[-102.006419,29.801336],[-102.000656,29.805198],[-101.996426,29.805973],[-101.994147,29.804516],[-101.99299,29.800964],[-101.991032,29.797723],[-101.988607,29.796666],[-101.985445,29.797959],[-101.984303,29.799262],[-101.981725,29.806807],[-101.98296,29.808766],[-101.982795,29.811869],[-101.981567,29.81502],[-101.976632,29.815992],[-101.972838,29.815658],[-101.9708,29.813537],[-101.967677,29.813347],[-101.964717,29.809314],[-101.965465,29.805995],[-101.964174,29.804008],[-101.963476,29.800423],[-101.960604,29.797382],[-101.95548,29.795333],[-101.949642,29.798745],[-101.94589,29.801755],[-101.94386,29.800667],[-101.938267,29.800714],[-101.935606,29.799561],[-101.933806,29.797033],[-101.932672,29.793243],[-101.932415,29.790334],[-101.934174,29.787993],[-101.933061,29.78448],[-101.929323,29.782576],[-101.924915,29.784031],[-101.92225,29.786026],[-101.921779,29.787983],[-101.913966,29.796885],[-101.910476,29.798293],[-101.902316,29.798034],[-101.898696,29.798201],[-101.890511,29.79738],[-101.887461,29.796041],[-101.885185,29.794099],[-101.882451,29.793627],[-101.880588,29.79576],[-101.875772,29.793796],[-101.870297,29.795895],[-101.866502,29.798014],[-101.861087,29.802638],[-101.859779,29.803249],[-101.856375,29.806799],[-101.85272,29.807791],[-101.849827,29.807279],[-101.847961,29.80568],[-101.847406,29.803243],[-101.842932,29.798972],[-101.837595,29.793364],[-101.828671,29.788532],[-101.823656,29.787398],[-101.821155,29.788411],[-101.818694,29.7915],[-101.820306,29.79631],[-101.823725,29.800142],[-101.82583,29.80552],[-101.825062,29.808255],[-101.823022,29.810039],[-101.819986,29.811394],[-101.816284,29.81135],[-101.812516,29.809786],[-101.809739,29.807198],[-101.805129,29.804828],[-101.803613,29.803446],[-101.806515,29.799296],[-101.812656,29.79514],[-101.813729,29.793884],[-101.813632,29.789204],[-101.812591,29.786084],[-101.81081,29.783627],[-101.808059,29.781594],[-101.805114,29.78035],[-101.799496,29.779218],[-101.788531,29.779272],[-101.785586,29.78416],[-101.785957,29.787409],[-101.782767,29.789321],[-101.777045,29.789251],[-101.7711,29.787512],[-101.762899,29.782125],[-101.760308,29.781702],[-101.755347,29.778984],[-101.753881,29.777327],[-101.748894,29.777549],[-101.744782,29.779087],[-101.741335,29.778278],[-101.739528,29.775461],[-101.739228,29.773535],[-101.737902,29.772531],[-101.733352,29.77118],[-101.728289,29.772685],[-101.724956,29.775897],[-101.72261,29.776247],[-101.71973,29.775738],[-101.717778,29.772535],[-101.714439,29.768456],[-101.712056,29.762777],[-101.708873,29.761642],[-101.701099,29.765086],[-101.698177,29.765672],[-101.693945,29.76893],[-101.690109,29.771051],[-101.687307,29.769587],[-101.685716,29.767831],[-101.684555,29.764381],[-101.68144,29.760784],[-101.680002,29.760198],[-101.676194,29.760665],[-101.675048,29.761572],[-101.674965,29.764158],[-101.673629,29.766458],[-101.66972,29.769244],[-101.662994,29.77106],[-101.661254,29.770572],[-101.659687,29.767411],[-101.654459,29.765121],[-101.653387,29.762967],[-101.65314,29.760398],[-101.650758,29.757093],[-101.646936,29.754565],[-101.642883,29.754548],[-101.640177,29.756918],[-101.635464,29.75836],[-101.632796,29.761638],[-101.632914,29.763718],[-101.62966,29.769173],[-101.628179,29.770406],[-101.625392,29.770982],[-101.620336,29.769814],[-101.615674,29.770412],[-101.606648,29.774113],[-101.603681,29.774399],[-101.59889,29.773827],[-101.595863,29.772207],[-101.588593,29.770746],[-101.586899,29.771124],[-101.57754,29.769074],[-101.575807,29.769319],[-101.572223,29.773319],[-101.572789,29.775757],[-101.57291,29.78338],[-101.574332,29.786482],[-101.573216,29.790334],[-101.567749,29.798727],[-101.565446,29.799911],[-101.554059,29.803422],[-101.550918,29.805714],[-101.547382,29.810716],[-101.544769,29.811868],[-101.541901,29.810781],[-101.536166,29.801284],[-101.53501,29.797679],[-101.535218,29.795404],[-101.536916,29.791649],[-101.538132,29.786158],[-101.538466,29.770038],[-101.539432,29.766421],[-101.539191,29.761774],[-101.537276,29.759411],[-101.533874,29.758728],[-101.530256,29.759584],[-101.525648,29.761583],[-101.522811,29.763338],[-101.51758,29.765005],[-101.508274,29.76422],[-101.503223,29.764582],[-101.500389,29.765868],[-101.487089,29.773868],[-101.484457,29.776885],[-101.482515,29.780095],[-101.478864,29.784085],[-101.476275,29.785518],[-101.469489,29.787894],[-101.464403,29.789286],[-101.460906,29.789663],[-101.455799,29.788049],[-101.45378,29.785911],[-101.452947,29.781947],[-101.455125,29.773936],[-101.454532,29.768506],[-101.453074,29.764719],[-101.451215,29.755792],[-101.450298,29.752846],[-101.448881,29.750699],[-101.446202,29.749933],[-101.442589,29.749722],[-101.438146,29.75092],[-101.43627,29.751921],[-101.428349,29.75831],[-101.417602,29.765897],[-101.410933,29.770152],[-101.407983,29.771343],[-101.404067,29.771766],[-101.402319,29.77119],[-101.399736,29.768961],[-101.398445,29.76463],[-101.400155,29.760083],[-101.403926,29.757587],[-101.411342,29.754269],[-101.414588,29.752418],[-101.415722,29.750206],[-101.415584,29.746534],[-101.413227,29.743599],[-101.407663,29.740357],[-101.400636,29.738079],[-101.398599,29.736432],[-101.397009,29.733963],[-101.396271,29.730465],[-101.396294,29.727055],[-101.398175,29.720485],[-101.398362,29.717],[-101.396948,29.713947],[-101.388481,29.707629],[-101.375386,29.701807],[-101.372773,29.699428],[-101.371782,29.693258],[-101.373108,29.684137],[-101.372696,29.678057],[-101.368718,29.672408],[-101.367105,29.670898],[-101.365551,29.666912],[-101.363218,29.652638],[-101.361312,29.650063],[-101.35714,29.649267],[-101.35545,29.651003],[-101.350327,29.66066],[-101.347863,29.662209],[-101.343743,29.662047],[-101.337483,29.660786],[-101.333486,29.66089],[-101.314135,29.659054],[-101.310372,29.657682],[-101.306944,29.655768],[-101.303558,29.652281],[-101.301444,29.647233],[-101.300027,29.640702],[-101.301427,29.634624],[-101.305863,29.625213],[-101.311706,29.615372],[-101.312896,29.610657],[-101.312617,29.60764],[-101.313373,29.602259],[-101.312423,29.591059],[-101.312363,29.587367],[-101.311636,29.585127],[-101.305533,29.577925],[-101.296162,29.572778],[-101.290962,29.571537],[-101.285336,29.582018],[-101.281138,29.5859],[-101.277878,29.59081],[-101.278008,29.596549],[-101.277689,29.605415],[-101.278097,29.609371],[-101.280494,29.615181],[-101.278759,29.619467],[-101.274145,29.625214],[-101.269102,29.630128],[-101.265202,29.631098],[-101.262233,29.630607],[-101.254036,29.626879],[-101.250383,29.624171],[-101.247333,29.61848],[-101.249636,29.610204],[-101.252297,29.604167],[-101.25166,29.600247],[-101.24103,29.565028],[-101.243022,29.563953],[-101.248524,29.559211],[-101.255275,29.549307],[-101.260482,29.538968],[-101.261176,29.536776],[-101.260838,29.529932],[-101.254895,29.520341],[-101.250382,29.520701],[-101.235273,29.524854],[-101.227417,29.52235],[-101.192716,29.520285],[-101.179646,29.515444],[-101.173824,29.514568],[-101.171664,29.503951],[-101.168178,29.50022],[-101.161948,29.489524],[-101.152741,29.478609],[-101.151877,29.477005],[-101.144337,29.473246],[-101.14075,29.472993],[-101.137503,29.473542],[-101.132634,29.477314],[-101.130038,29.47842],[-101.12728,29.477071],[-101.123794,29.473721],[-101.115254,29.468459],[-101.103699,29.47055],[-101.089037,29.469722],[-101.087149,29.469414],[-101.077184,29.46419],[-101.060151,29.458661],[-101.059727,29.455097],[-101.058149,29.447834],[-101.056844,29.447599],[-101.056957,29.440773],[-101.054422,29.437949],[-101.050505,29.434621],[-101.043364,29.42988],[-101.040637,29.422447],[-101.039461,29.416505],[-101.037642,29.414681],[-101.0386,29.410714],[-101.036604,29.406108],[-101.035146,29.405334],[-101.030464,29.399584],[-101.024016,29.393698],[-101.020256,29.392251],[-101.016726,29.387275],[-101.014473,29.38211],[-101.013273,29.380347],[-101.014297,29.374259],[-101.012627,29.371282],[-101.009976,29.368267],[-101.003953,29.364703],[-101.002948,29.365083],[-100.995607,29.363403],[-100.983246,29.359121],[-100.972917,29.354514],[-100.97254,29.352349],[-100.964326,29.347342],[-100.96079,29.346914],[-100.950727,29.347711],[-100.948974,29.347246],[-100.945383,29.344517],[-100.943198,29.341985],[-100.941691,29.337422],[-100.941265,29.333926],[-100.938882,29.332306],[-100.934451,29.330818],[-100.928505,29.326976],[-100.9236,29.326785],[-100.919499,29.325318],[-100.918284,29.324147],[-100.916628,29.319204],[-100.913131,29.317821],[-100.909457,29.317608],[-100.908394,29.316927],[-100.906419,29.313032],[-100.899178,29.309712],[-100.896646,29.309105],[-100.894931,29.310351],[-100.891072,29.308765],[-100.886842,29.307848],[-100.885785,29.304286],[-100.882293,29.299873],[-100.88058,29.292108],[-100.88024,29.286296],[-100.878126,29.28086],[-100.873343,29.27849],[-100.864659,29.276076],[-100.856386,29.275754],[-100.853396,29.272606],[-100.849908,29.27211],[-100.842782,29.266981],[-100.840829,29.264457],[-100.839016,29.263259],[-100.83404,29.2614],[-100.831214,29.261826],[-100.823533,29.261742],[-100.818773,29.263915],[-100.815062,29.263926],[-100.813321,29.262158],[-100.814316,29.259085],[-100.816251,29.256658],[-100.816723,29.254557],[-100.814943,29.253537],[-100.809279,29.253152],[-100.806653,29.252264],[-100.80006,29.248797],[-100.797619,29.246776],[-100.794722,29.242285],[-100.794748,29.239942],[-100.797046,29.235586],[-100.79686,29.231386],[-100.795681,29.22773],[-100.791372,29.225945],[-100.787131,29.228346],[-100.785521,29.228137],[-100.783779,29.225997],[-100.781196,29.219719],[-100.779697,29.218698],[-100.777088,29.213506],[-100.775042,29.211637],[-100.774484,29.209931],[-100.77702,29.204329],[-100.775582,29.199825],[-100.769341,29.198911],[-100.767059,29.195287],[-100.766121,29.191296],[-100.766004,29.185847],[-100.768493,29.181832],[-100.775189,29.174996],[-100.775905,29.173344],[-100.772604,29.168369],[-100.76896,29.166045],[-100.765448,29.166326],[-100.763605,29.164728],[-100.76335,29.160084],[-100.758072,29.156321],[-100.750365,29.155241],[-100.74614,29.154149],[-100.739681,29.150486],[-100.738023,29.148815],[-100.737468,29.146326],[-100.739116,29.141658],[-100.737795,29.139079],[-100.729049,29.131466],[-100.727462,29.129123],[-100.719862,29.125238],[-100.71287,29.121056],[-100.709966,29.119684],[-100.703748,29.117979],[-100.692978,29.115384],[-100.688505,29.112591],[-100.684472,29.110657],[-100.680526,29.107006],[-100.6752,29.100741],[-100.670597,29.092045],[-100.666848,29.082596],[-100.665873,29.076782],[-100.664021,29.074164],[-100.663187,29.063784],[-100.662508,29.058107],[-100.663059,29.053466],[-100.663212,29.048042],[-100.661885,29.039655],[-100.660351,29.035849],[-100.660208,29.031497],[-100.65611,29.017224],[-100.653758,29.015356],[-100.650946,29.008254],[-100.648664,29.000243],[-100.649164,28.996285],[-100.646903,28.991777],[-100.645894,28.986421],[-100.648104,28.98386],[-100.648654,28.977422],[-100.648113,28.974004],[-100.646554,28.971561],[-100.646636,28.966929],[-100.64943,28.964152],[-100.649932,28.961092],[-100.648285,28.960656],[-100.647143,28.958306],[-100.647268,28.955457],[-100.648911,28.952632],[-100.651542,28.945577],[-100.650894,28.942128],[-100.645841,28.939867],[-100.64375,28.937528],[-100.642552,28.933674],[-100.638857,28.927622],[-100.635672,28.925859],[-100.63072,28.924006],[-100.629581,28.91988],[-100.631061,28.916915],[-100.63917,28.916289],[-100.640672,28.915249],[-100.639242,28.912603],[-100.636619,28.911508],[-100.634691,28.908708],[-100.633277,28.904583],[-100.631611,28.902839],[-100.627729,28.903363],[-100.625407,28.904898],[-100.624899,28.90827],[-100.623482,28.909601],[-100.620942,28.909546],[-100.618216,28.908522],[-100.617016,28.907072],[-100.615792,28.903049],[-100.61218,28.901292],[-100.607763,28.902323],[-100.602595,28.902214],[-100.600749,28.900076],[-100.60232,28.898055],[-100.602294,28.894154],[-100.603841,28.888391],[-100.602172,28.886617],[-100.59987,28.886469],[-100.59729,28.887811],[-100.591517,28.889286],[-100.589499,28.886358],[-100.591041,28.883008],[-100.594848,28.882215],[-100.597941,28.880146],[-100.598877,28.875591],[-100.596804,28.873402],[-100.592033,28.873232],[-100.590768,28.872697],[-100.59104,28.863054],[-100.588192,28.860238],[-100.580502,28.856008],[-100.575154,28.850941],[-100.572992,28.848464],[-100.574397,28.843148],[-100.576294,28.83895],[-100.576866,28.835157],[-100.574728,28.828788],[-100.570475,28.826036],[-100.56583,28.828338],[-100.562777,28.829183],[-100.55313,28.828249],[-100.546576,28.824923],[-100.545479,28.819954],[-100.546216,28.81597],[-100.5452,28.812082],[-100.542173,28.808466],[-100.538815,28.806673],[-100.53583,28.805888],[-100.534246,28.802556],[-100.533402,28.799282],[-100.532431,28.791063],[-100.53345,28.787821],[-100.536944,28.784292],[-100.537772,28.780776],[-100.535023,28.77587],[-100.53194,28.773771],[-100.530046,28.770423],[-100.530281,28.767052],[-100.532211,28.764763],[-100.533551,28.761078],[-100.532862,28.758118],[-100.528475,28.756106],[-100.523862,28.757464],[-100.52157,28.75764],[-100.519226,28.756161],[-100.515472,28.75248],[-100.514399,28.750252],[-100.515565,28.743943],[-100.513516,28.741726],[-100.50915,28.741435],[-100.507613,28.740599],[-100.506791,28.732015],[-100.507706,28.727769],[-100.507877,28.721571],[-100.506701,28.716745],[-100.509126,28.710756],[-100.511419,28.708024],[-100.511998,28.705352],[-100.510922,28.701539],[-100.510534,28.692669],[-100.507691,28.682875],[-100.504703,28.675482],[-100.501798,28.66738],[-100.500354,28.66196],[-100.497275,28.659066],[-100.493609,28.658015],[-100.48926,28.658002],[-100.483946,28.655811],[-100.480416,28.655493],[-100.478878,28.654416],[-100.476171,28.649219],[-100.474494,28.647071],[-100.462069,28.641108],[-100.460287,28.641021],[-100.455719,28.642275],[-100.449519,28.642962],[-100.447091,28.642197],[-100.445749,28.640626],[-100.445526,28.637765],[-100.446944,28.631238],[-100.447557,28.621163],[-100.448612,28.616591],[-100.447598,28.610066],[-100.444975,28.607806],[-100.435334,28.606986],[-100.433623,28.606117],[-100.431871,28.597841],[-100.426603,28.595145],[-100.419389,28.593429],[-100.408968,28.588924],[-100.406214,28.588666],[-100.400266,28.58653],[-100.398462,28.585169],[-100.3968,28.580401],[-100.397301,28.575578],[-100.402866,28.565887],[-100.40425,28.564233],[-100.405171,28.560712],[-100.408888,28.557281],[-100.411388,28.55196],[-100.409887,28.545605],[-100.405058,28.53578],[-100.400209,28.531095],[-100.396177,28.529619],[-100.394086,28.526797],[-100.38886,28.515748],[-100.386963,28.514023],[-100.379079,28.511639],[-100.376959,28.512023],[-100.360356,28.50777],[-100.357982,28.5056],[-100.353142,28.504247],[-100.346748,28.503841],[-100.338518,28.501833],[-100.33474,28.500261],[-100.333682,28.497878],[-100.334864,28.495111],[-100.33714,28.491729],[-100.344181,28.486249],[-100.35508,28.482105],[-100.36189,28.482301],[-100.365982,28.481116],[-100.368197,28.47891],[-100.367765,28.475019],[-100.36206,28.469303],[-100.361046,28.467332],[-100.357498,28.463642],[-100.350786,28.459246],[-100.348425,28.456047],[-100.341534,28.449571],[-100.33944,28.446436],[-100.337433,28.441217],[-100.337616,28.437723],[-100.336187,28.430181],[-100.337063,28.427152],[-100.342685,28.412483],[-100.344952,28.408733],[-100.347333,28.406737],[-100.34945,28.403714],[-100.349306,28.401398],[-100.344402,28.389662],[-100.341871,28.384953],[-100.33128,28.373956],[-100.329009,28.371871],[-100.320392,28.362117],[-100.317245,28.357381],[-100.315712,28.349662],[-100.314199,28.345859],[-100.310732,28.343227],[-100.309123,28.338674],[-100.303849,28.334188],[-100.294838,28.323213],[-100.291637,28.320441],[-100.288639,28.316976],[-100.286111,28.31121],[-100.285986,28.3091],[-100.287553,28.301095],[-100.294296,28.28438],[-100.294291,28.280999],[-100.293474,28.278474],[-100.28939,28.27349],[-100.283177,28.270634],[-100.280519,28.267968],[-100.27763,28.262453],[-100.27263,28.255876],[-100.270129,28.253721],[-100.267603,28.250269],[-100.26091,28.244832],[-100.257789,28.24034],[-100.251636,28.23618],[-100.246205,28.234091],[-100.241397,28.234938],[-100.234966,28.23518],[-100.232228,28.236058],[-100.223629,28.235223],[-100.220288,28.23221],[-100.217565,28.226934],[-100.216532,28.221821],[-100.215464,28.218872],[-100.214248,28.211769],[-100.213452,28.210416],[-100.213609,28.204703],[-100.212723,28.198905],[-100.211313,28.193899],[-100.208058,28.190383],[-100.203807,28.190049],[-100.202447,28.190554],[-100.196499,28.190218],[-100.185694,28.185781],[-100.174412,28.179448],[-100.171322,28.17623],[-100.168437,28.171542],[-100.15919,28.167647],[-100.152708,28.167423],[-100.142252,28.168372],[-100.141099,28.168148],[-100.134383,28.163737],[-100.129148,28.161806],[-100.124318,28.158111],[-100.119627,28.155588],[-100.109091,28.153586],[-100.095665,28.149613],[-100.090289,28.148313],[-100.086898,28.146783],[-100.083393,28.144035],[-100.082553,28.139743],[-100.081301,28.138475],[-100.080629,28.135474],[-100.077784,28.128663],[-100.075474,28.124882],[-100.071769,28.120842],[-100.06842,28.114699],[-100.065885,28.111738],[-100.058808,28.107292],[-100.055834,28.10272],[-100.0557,28.100071],[-100.057048,28.095657],[-100.056982,28.094208],[-100.055063,28.088182],[-100.053122,28.084731],[-100.046107,28.079069],[-100.040905,28.076969],[-100.031775,28.074391],[-100.028724,28.073119],[-100.021859,28.068881],[-100.018951,28.066441],[-100.017143,28.062274],[-100.016068,28.053296],[-100.015,28.04888],[-100.013088,28.04382],[-100.013078,28.038355],[-100.008631,28.023964],[-100.006148,28.018419],[-100.000334,28.011019],[-99.996388,28.001582],[-99.991447,27.99456],[-99.989762,27.992876],[-99.984923,27.990729],[-99.978659,27.989289],[-99.977281,27.989505],[-99.970113,27.985879],[-99.962768,27.983537],[-99.950209,27.983266],[-99.947117,27.98217],[-99.941236,27.982493],[-99.934816,27.98177],[-99.931811,27.980968],[-99.931229,27.979482],[-99.932161,27.96771],[-99.934388,27.96148],[-99.938541,27.954059],[-99.938958,27.949323],[-99.937142,27.940537],[-99.932866,27.93727],[-99.927623,27.936407],[-99.926555,27.935701],[-99.92413,27.931379],[-99.92435,27.929514],[-99.926035,27.927484],[-99.922046,27.922119],[-99.917461,27.917973],[-99.908331,27.914619],[-99.903125,27.913486],[-99.90008,27.912142],[-99.896778,27.907011],[-99.896309,27.905186],[-99.893456,27.899208],[-99.894089,27.892967],[-99.897013,27.88824],[-99.901232,27.884406],[-99.903326,27.880544],[-99.904385,27.875284],[-99.902333,27.866486],[-99.901486,27.864162],[-99.895755,27.85923],[-99.895284,27.857706],[-99.890805,27.85438],[-99.881329,27.849551],[-99.8772,27.84218],[-99.876003,27.837968],[-99.876241,27.83382],[-99.87805,27.827612],[-99.877894,27.825352],[-99.876452,27.819895],[-99.874222,27.816014],[-99.873785,27.813012],[-99.874845,27.808584],[-99.877143,27.804385],[-99.878024,27.800505],[-99.876761,27.797845],[-99.872294,27.795258],[-99.866407,27.794206],[-99.86038,27.793673],[-99.854342,27.794689],[-99.850877,27.793974],[-99.84966,27.79246],[-99.84887,27.787399],[-99.844737,27.778809],[-99.843195,27.773655],[-99.842967,27.768518],[-99.841708,27.766464],[-99.838791,27.764181],[-99.835127,27.762881],[-99.833054,27.76289],[-99.826022,27.764327],[-99.822664,27.766474],[-99.819092,27.776019],[-99.817549,27.776296],[-99.813118,27.773997],[-99.809963,27.769272],[-99.80567,27.758688],[-99.802151,27.744902],[-99.801651,27.741771],[-99.796342,27.735586],[-99.791531,27.731858],[-99.788845,27.730718],[-99.785366,27.730355],[-99.774901,27.73354],[-99.77074,27.732134],[-99.768239,27.72985],[-99.76162,27.722063],[-99.758512,27.717041],[-99.757751,27.712331],[-99.752615,27.706844],[-99.738459,27.693108],[-99.732448,27.685425],[-99.72844,27.67926],[-99.723902,27.673559],[-99.723634,27.669532],[-99.721519,27.666155],[-99.716173,27.661836],[-99.713248,27.660185],[-99.711511,27.658365],[-99.704601,27.654954],[-99.699356,27.655417],[-99.69706,27.662481],[-99.694383,27.666078],[-99.691253,27.668732],[-99.689403,27.66856],[-99.689514,27.665093],[-99.687814,27.662263],[-99.685813,27.661015],[-99.678949,27.658979],[-99.671471,27.660248],[-99.668942,27.659974],[-99.664223,27.657575],[-99.661845,27.655753],[-99.661467,27.654069],[-99.659353,27.652281],[-99.658068,27.648003],[-99.661159,27.643128],[-99.665422,27.640275],[-99.666108,27.636088],[-99.659586,27.632565],[-99.658853,27.631138],[-99.6543,27.629778],[-99.650057,27.630582],[-99.638929,27.626758],[-99.636553,27.626989],[-99.626857,27.629963],[-99.623415,27.633558],[-99.623753,27.635367],[-99.627123,27.638412],[-99.627057,27.640778],[-99.624765,27.643799],[-99.621397,27.643763],[-99.617582,27.638358],[-99.614252,27.63795],[-99.610311,27.640006],[-99.603533,27.641992],[-99.596231,27.639858],[-99.594038,27.638573],[-99.592757,27.634654],[-99.592353,27.628613],[-99.588896,27.625292],[-99.584782,27.622007],[-99.579475,27.62023],[-99.577636,27.618597],[-99.577182,27.6113],[-99.579977,27.607823],[-99.584432,27.606213],[-99.584843,27.603903],[-99.582278,27.602734],[-99.578626,27.602286],[-99.569065,27.605883],[-99.561233,27.607569],[-99.558701,27.609181],[-99.557563,27.612976],[-99.554945,27.614456],[-99.551425,27.611643],[-99.541889,27.606001],[-99.539722,27.603281],[-99.536945,27.596103],[-99.536197,27.591682],[-99.531878,27.582858],[-99.529711,27.579761],[-99.525439,27.57661],[-99.521731,27.574611],[-99.516405,27.572467],[-99.512132,27.568288],[-99.511049,27.564507],[-99.512367,27.562627],[-99.514016,27.556842],[-99.518819,27.553194],[-99.521919,27.544094],[-99.52222,27.534794],[-99.524835,27.523795],[-99.52542,27.518495],[-99.52532,27.510395],[-99.52742,27.503395],[-99.528392,27.49855],[-99.526137,27.496589],[-99.51985,27.496763],[-99.513576,27.499412],[-99.510319,27.499096],[-99.502519,27.500396],[-99.499002,27.499154],[-99.496826,27.500106],[-99.491911,27.497304],[-99.485806,27.493188],[-99.481288,27.488468],[-99.480219,27.485796],[-99.479251,27.478635],[-99.482282,27.476315],[-99.483119,27.469396],[-99.485239,27.465696],[-99.485404,27.464067],[-99.488959,27.459012],[-99.492175,27.455818],[-99.493495,27.453098],[-99.495104,27.451518],[-99.494646,27.44931],[-99.495272,27.446792],[-99.495882,27.440147],[-99.49483,27.4355],[-99.491427,27.425675],[-99.489931,27.418663],[-99.487765,27.413399],[-99.487704,27.409924],[-99.488451,27.407383],[-99.489611,27.399041],[-99.492327,27.393175],[-99.492831,27.390802],[-99.492709,27.386049],[-99.491778,27.384282],[-99.492144,27.380517],[-99.495928,27.375299],[-99.499076,27.37314],[-99.503727,27.36462],[-99.505895,27.357818],[-99.507984,27.353013],[-99.507831,27.348637],[-99.504397,27.339896],[-99.506145,27.336511],[-99.509016,27.333859],[-99.518912,27.326305],[-99.521639,27.324581],[-99.525589,27.323857],[-99.531376,27.323809],[-99.533631,27.321069],[-99.538035,27.31709],[-99.536715,27.31303],[-99.533319,27.310218],[-99.529654,27.306051],[-99.525431,27.305183],[-99.521912,27.303832],[-99.511531,27.304077],[-99.507435,27.305466],[-99.502036,27.306121],[-99.497419,27.305279],[-99.495021,27.303937],[-99.491821,27.300408],[-99.490784,27.298334],[-99.487937,27.294941],[-99.487796,27.288697],[-99.489139,27.28576],[-99.494678,27.277595],[-99.496504,27.273389],[-99.495658,27.269053],[-99.492407,27.264118],[-99.48791,27.260721],[-99.486011,27.259854],[-99.482708,27.259604],[-99.48039,27.260144],[-99.476401,27.26236],[-99.473678,27.263175],[-99.472068,27.26469],[-99.465825,27.26797],[-99.463309,27.268437],[-99.460509,27.267838],[-99.458418,27.266236],[-99.456234,27.266322],[-99.452391,27.264046],[-99.449888,27.2604],[-99.44711,27.257959],[-99.441545,27.249915],[-99.441042,27.241898],[-99.441407,27.236758],[-99.442934,27.231223],[-99.445228,27.225479],[-99.445238,27.223341],[-99.443286,27.21941],[-99.436856,27.213788],[-99.434307,27.212131],[-99.432589,27.209698],[-99.43316,27.204552],[-99.432775,27.201841],[-99.43105,27.196981],[-99.430395,27.193551],[-99.428212,27.185923],[-99.426418,27.178287],[-99.426439,27.175213],[-99.427806,27.167273],[-99.429533,27.160133],[-99.432598,27.15682],[-99.43704,27.154831],[-99.439844,27.151581],[-99.439973,27.148773],[-99.438508,27.14518],[-99.434279,27.140141],[-99.431355,27.13758],[-99.430685,27.131543],[-99.430672,27.125307],[-99.43337,27.119218],[-99.435746,27.116081],[-99.441109,27.110042],[-99.442043,27.105967],[-99.438428,27.10129],[-99.434613,27.09784],[-99.430275,27.094872],[-99.429209,27.090982],[-99.433302,27.080733],[-99.43447,27.078517],[-99.440569,27.074287],[-99.444748,27.072003],[-99.451035,27.066765],[-99.452316,27.060957],[-99.449948,27.053068],[-99.447128,27.047495],[-99.444276,27.038395],[-99.444062,27.031253],[-99.445668,27.026009],[-99.446123,27.023048],[-99.444556,27.019791],[-99.435547,27.012164],[-99.433046,27.010959],[-99.430182,27.010544],[-99.424892,27.013483],[-99.422232,27.015715],[-99.418357,27.017107],[-99.415476,27.01724],[-99.411175,27.011597],[-99.408507,27.00952],[-99.407073,27.006995],[-99.405922,27.002798],[-99.403694,26.997356],[-99.392178,26.987492],[-99.387367,26.982399],[-99.384808,26.981069],[-99.378435,26.980034],[-99.376593,26.977717],[-99.377312,26.973819],[-99.381102,26.970816],[-99.390189,26.966348],[-99.392954,26.963803],[-99.393748,26.96073],[-99.393033,26.95706],[-99.390502,26.951029],[-99.388253,26.944217],[-99.385159,26.940455],[-99.379149,26.93449],[-99.373374,26.931256],[-99.367054,26.929034],[-99.361144,26.928921],[-99.35165,26.92514],[-99.347147,26.925004],[-99.337297,26.922759],[-99.329852,26.919343],[-99.324684,26.915973],[-99.32297,26.912464],[-99.321819,26.906846],[-99.326216,26.890403],[-99.326574,26.884784],[-99.3289,26.88022],[-99.328619,26.878592],[-99.325882,26.877376],[-99.323837,26.873902],[-99.316753,26.865831],[-99.310232,26.864983],[-99.295146,26.86544],[-99.280471,26.858053],[-99.268613,26.843213],[-99.262208,26.815668],[-99.242444,26.788262],[-99.240023,26.745851],[-99.208907,26.724761],[-99.209948,26.693938],[-99.20489,26.67362],[-99.200242,26.655824],[-99.183422,26.628855],[-99.178064,26.620547],[-99.175463,26.605365],[-99.171181,26.581238],[-99.16932,26.57149],[-99.167359,26.559267],[-99.168255,26.555918],[-99.169665,26.553928],[-99.17138,26.549249],[-99.171835,26.545542],[-99.17123,26.541965],[-99.16917,26.538332],[-99.166742,26.536079],[-99.16279,26.535211],[-99.155517,26.531956],[-99.142802,26.527768],[-99.137325,26.52744],[-99.135664,26.526259],[-99.128379,26.525501],[-99.12115,26.518295],[-99.119127,26.517118],[-99.113065,26.509473],[-99.112292,26.507703],[-99.104851,26.500383],[-99.103437,26.496896],[-99.101799,26.494521],[-99.096638,26.484415],[-99.095479,26.481678],[-99.091956,26.477912],[-99.091518,26.476353],[-99.091976,26.472376],[-99.094233,26.46733],[-99.098127,26.463347],[-99.100357,26.458748],[-99.099966,26.454375],[-99.100822,26.450212],[-99.102359,26.447981],[-99.102376,26.442726],[-99.104037,26.440186],[-99.107253,26.437597],[-99.112694,26.435457],[-99.113546,26.43253],[-99.110854,26.426282],[-99.105723,26.423216],[-99.104198,26.421162],[-99.099574,26.417248],[-99.096011,26.411828],[-99.089413,26.4081],[-99.086997,26.403534],[-99.085126,26.398782],[-99.082006,26.396667],[-99.078575,26.397255],[-99.07379,26.396976],[-99.069041,26.397639],[-99.062111,26.397385],[-99.054614,26.401262],[-99.047575,26.406922],[-99.045466,26.409816],[-99.042161,26.411796],[-99.037058,26.413603],[-99.032011,26.412821],[-99.021935,26.407902],[-99.015646,26.399521],[-99.013931,26.395177],[-99.012429,26.393016],[-99.01064,26.392135],[-99.003128,26.39339],[-99.000307,26.392345],[-98.997099,26.392375],[-98.990505,26.39156],[-98.987204,26.392197],[-98.983619,26.395097],[-98.979153,26.399924],[-98.974164,26.401148],[-98.970083,26.399193],[-98.961886,26.398373],[-98.957318,26.396308],[-98.954503,26.394367],[-98.952973,26.390926],[-98.953077,26.386343],[-98.953765,26.383265],[-98.955984,26.379466],[-98.955846,26.376982],[-98.948963,26.371253],[-98.946694,26.370003],[-98.939165,26.369929],[-98.936164,26.371533],[-98.934586,26.374375],[-98.934307,26.377464],[-98.935808,26.382745],[-98.935636,26.385047],[-98.933348,26.38886],[-98.929283,26.393361],[-98.925879,26.394357],[-98.923777,26.392048],[-98.923967,26.383281],[-98.922194,26.37908],[-98.920316,26.377827],[-98.917377,26.374471],[-98.913276,26.3723],[-98.911058,26.371767],[-98.903899,26.37213],[-98.901677,26.371229],[-98.899551,26.366588],[-98.900993,26.361385],[-98.900893,26.359404],[-98.898647,26.35505],[-98.895694,26.353491],[-98.890895,26.356362],[-98.878494,26.360694],[-98.870285,26.362365],[-98.866097,26.364713],[-98.86191,26.36599],[-98.856076,26.365776],[-98.851022,26.36381],[-98.84893,26.36072],[-98.845703,26.35893],[-98.841562,26.358943],[-98.836587,26.361197],[-98.830652,26.365262],[-98.826857,26.369624],[-98.824565,26.370833],[-98.820452,26.371002],[-98.818125,26.36953],[-98.81507,26.366478],[-98.812928,26.366309],[-98.807348,26.369421],[-98.803946,26.367223],[-98.798211,26.360166],[-98.797257,26.352061],[-98.796252,26.349104],[-98.793073,26.343515],[-98.788313,26.338337],[-98.788018,26.336114],[-98.789673,26.332059],[-98.788955,26.330433],[-98.780245,26.326724],[-98.777028,26.325729],[-98.771321,26.325081],[-98.765413,26.325958],[-98.761874,26.327403],[-98.756522,26.33073],[-98.753776,26.331666],[-98.751127,26.331584],[-98.749469,26.329988],[-98.749379,26.324831],[-98.748049,26.320294],[-98.745069,26.315929],[-98.743477,26.314897],[-98.739927,26.31446],[-98.736652,26.31141],[-98.736528,26.306406],[-98.738469,26.3037],[-98.740419,26.302777],[-98.743685,26.303009],[-98.750353,26.307657],[-98.752708,26.308237],[-98.755209,26.307037],[-98.756123,26.304249],[-98.755067,26.301926],[-98.753012,26.300213],[-98.750973,26.296321],[-98.749407,26.295323],[-98.744008,26.294251],[-98.74,26.294944],[-98.736559,26.297517],[-98.73225,26.299108],[-98.727765,26.29877],[-98.724135,26.297054],[-98.721989,26.295046],[-98.718218,26.287253],[-98.714802,26.286077],[-98.709353,26.289189],[-98.705869,26.288535],[-98.702536,26.286956],[-98.700329,26.283549],[-98.699862,26.280512],[-98.701685,26.277536],[-98.705587,26.277423],[-98.708975,26.278629],[-98.712846,26.278995],[-98.717289,26.278049],[-98.720229,26.275189],[-98.719875,26.272594],[-98.718203,26.271335],[-98.711793,26.268752],[-98.707016,26.26787],[-98.701021,26.265938],[-98.693429,26.264889],[-98.688457,26.265282],[-98.683479,26.264245],[-98.680657,26.262555],[-98.677972,26.257945],[-98.677926,26.253718],[-98.679515,26.248729],[-98.678794,26.245083],[-98.675561,26.240395],[-98.670059,26.236699],[-98.667022,26.235619],[-98.660952,26.235332],[-98.655916,26.235761],[-98.652029,26.236949],[-98.648001,26.239961],[-98.644928,26.241189],[-98.640837,26.241981],[-98.635912,26.241943],[-98.633006,26.244102],[-98.633022,26.250314],[-98.631356,26.253124],[-98.626792,26.256574],[-98.624363,26.259614],[-98.622322,26.259802],[-98.619359,26.254369],[-98.618376,26.248092],[-98.61665,26.246431],[-98.614562,26.247264],[-98.613287,26.251535],[-98.611644,26.253349],[-98.606535,26.253683],[-98.604876,26.255024],[-98.599904,26.257477],[-98.596385,26.258096],[-98.585022,26.257523],[-98.582407,26.256264],[-98.579831,26.253801],[-98.579219,26.251109],[-98.581233,26.248298],[-98.584251,26.246483],[-98.584781,26.243524],[-98.581894,26.239922],[-98.58,26.23523],[-98.578005,26.233662],[-98.576499,26.233939],[-98.574163,26.238486],[-98.569264,26.24167],[-98.565688,26.241292],[-98.563977,26.235496],[-98.564766,26.228805],[-98.56448,26.226526],[-98.562771,26.224449],[-98.560444,26.224243],[-98.558816,26.226013],[-98.55696,26.230893],[-98.554879,26.232489],[-98.54951,26.233604],[-98.546444,26.235424],[-98.545555,26.238255],[-98.546049,26.240712],[-98.548274,26.242216],[-98.553319,26.241698],[-98.557594,26.243803],[-98.558731,26.245078],[-98.55812,26.24707],[-98.555856,26.248131],[-98.550913,26.246127],[-98.545757,26.244989],[-98.543102,26.24259],[-98.542831,26.24082],[-98.539493,26.234703],[-98.536567,26.226923],[-98.534033,26.22531],[-98.53022,26.227054],[-98.528592,26.228437],[-98.526646,26.232578],[-98.52474,26.234986],[-98.52312,26.235796],[-98.521579,26.235094],[-98.521697,26.232156],[-98.525319,26.229362],[-98.527082,26.226746],[-98.52701,26.224833],[-98.523816,26.220714],[-98.52175,26.220407],[-98.520223,26.22365],[-98.515429,26.226798],[-98.511696,26.227105],[-98.50936,26.226187],[-98.506599,26.223979],[-98.501548,26.222704],[-98.500659,26.221527],[-98.503352,26.218616],[-98.507269,26.211789],[-98.507322,26.209657],[-98.504476,26.208505],[-98.502151,26.208931],[-98.493101,26.212562],[-98.49029,26.213213],[-98.48614,26.212912],[-98.48378,26.211954],[-98.482149,26.209589],[-98.481755,26.204779],[-98.483657,26.202156],[-98.482866,26.201092],[-98.47923,26.201267],[-98.477682,26.202832],[-98.478539,26.208609],[-98.479759,26.210909],[-98.482593,26.213982],[-98.483269,26.216549],[-98.481269,26.219879],[-98.471577,26.220604],[-98.467086,26.222462],[-98.463864,26.224959],[-98.461247,26.226242],[-98.457826,26.225239],[-98.456383,26.222616],[-98.45542,26.217044],[-98.453546,26.2173],[-98.452948,26.219973],[-98.451469,26.221863],[-98.447442,26.224197],[-98.444561,26.224396],[-98.443027,26.223667],[-98.439679,26.218039],[-98.438675,26.213031],[-98.439211,26.209882],[-98.443453,26.20584],[-98.444725,26.201783],[-98.442367,26.198896],[-98.437463,26.196866],[-98.430275,26.194502],[-98.423526,26.190154],[-98.419865,26.185983],[-98.415905,26.183451],[-98.411048,26.183473],[-98.405678,26.182931],[-98.402627,26.181389],[-98.401532,26.17971],[-98.402854,26.174344],[-98.402664,26.172674],[-98.400631,26.169906],[-98.397322,26.170379],[-98.393444,26.167784],[-98.390847,26.164753],[-98.388464,26.159874],[-98.38649,26.157656],[-98.383876,26.156771],[-98.381171,26.156725],[-98.374992,26.15754],[-98.368671,26.157412],[-98.365093,26.158485],[-98.364197,26.162044],[-98.364847,26.164256],[-98.367067,26.166762],[-98.367227,26.168611],[-98.362117,26.171924],[-98.360035,26.172565],[-98.358507,26.171554],[-98.357374,26.168249],[-98.358531,26.161892],[-98.357788,26.157665],[-98.354196,26.152565],[-98.352529,26.151087],[-98.349677,26.152071],[-98.34859,26.154183],[-98.348541,26.161611],[-98.34741,26.164515],[-98.344133,26.167084],[-98.338518,26.166696],[-98.336113,26.166087],[-98.33372,26.163737],[-98.333151,26.160019],[-98.334913,26.155942],[-98.338126,26.153128],[-98.338681,26.151593],[-98.337979,26.14944],[-98.335707,26.146474],[-98.332772,26.145267],[-98.327679,26.144449],[-98.327011,26.142316],[-98.334891,26.141034],[-98.335643,26.138619],[-98.331783,26.132491],[-98.32688,26.126788],[-98.324754,26.122642],[-98.322256,26.119245],[-98.317526,26.116226],[-98.313539,26.115917],[-98.310887,26.115024],[-98.309556,26.113711],[-98.307467,26.105716],[-98.304467,26.102354],[-98.298633,26.102261],[-98.297403,26.105066],[-98.302186,26.106813],[-98.303603,26.109994],[-98.301187,26.113664],[-98.299727,26.117874],[-98.297911,26.119572],[-98.293263,26.120947],[-98.289918,26.120514],[-98.2869,26.119226],[-98.277087,26.116105],[-98.273457,26.115964],[-98.271647,26.116944],[-98.269537,26.120114],[-98.266039,26.120757],[-98.265463,26.117785],[-98.266861,26.116186],[-98.269517,26.115738],[-98.271837,26.113761],[-98.271358,26.109309],[-98.270075,26.107302],[-98.272014,26.106107],[-98.275264,26.106467],[-98.27858,26.10756],[-98.283076,26.107677],[-98.287019,26.106693],[-98.288539,26.104947],[-98.285132,26.101542],[-98.283144,26.100378],[-98.277147,26.099011],[-98.272834,26.095813],[-98.267357,26.092295],[-98.265927,26.090084],[-98.265406,26.086337],[-98.262554,26.083923],[-98.254497,26.080564],[-98.251253,26.078175],[-98.251248,26.074211],[-98.249349,26.072142],[-98.24566,26.072279],[-98.243237,26.073922],[-98.23977,26.075181],[-98.231595,26.076897],[-98.227191,26.077318],[-98.223384,26.076989],[-98.218957,26.075738],[-98.216344,26.073762],[-98.21458,26.070654],[-98.211717,26.068427],[-98.206827,26.067617],[-98.203376,26.064593],[-98.200124,26.057573],[-98.198557,26.055313],[-98.195957,26.053731],[-98.192257,26.053186],[-98.190131,26.057288],[-98.189151,26.062612],[-98.186145,26.064516],[-98.183424,26.063805],[-98.179573,26.060274],[-98.1772,26.060501],[-98.176947,26.063234],[-98.179557,26.064534],[-98.180627,26.066258],[-98.180176,26.071619],[-98.17927,26.074148],[-98.175711,26.07488],[-98.172225,26.071444],[-98.170507,26.068468],[-98.169012,26.064249],[-98.167932,26.062981],[-98.165387,26.062824],[-98.162852,26.064115],[-98.159717,26.06449],[-98.15757,26.06206],[-98.159085,26.059342],[-98.16212,26.05665],[-98.162455,26.055183],[-98.161178,26.053472],[-98.158397,26.053704],[-98.152862,26.058252],[-98.150337,26.057554],[-98.149437,26.055904],[-98.149563,26.051855],[-98.148366,26.049977],[-98.146457,26.049044],[-98.143858,26.050181],[-98.1425,26.053091],[-98.140017,26.056044],[-98.137318,26.0614],[-98.136636,26.063966],[-98.137117,26.067984],[-98.136628,26.070748],[-98.13371,26.073475],[-98.131023,26.074411],[-98.128909,26.073856],[-98.128213,26.072589],[-98.129007,26.069864],[-98.130661,26.067831],[-98.131225,26.065074],[-98.130345,26.063316],[-98.125413,26.061801],[-98.121903,26.063796],[-98.117137,26.064994],[-98.110489,26.065948],[-98.106315,26.067555],[-98.104707,26.067604],[-98.100678,26.064105],[-98.098626,26.060874],[-98.096892,26.059606],[-98.093528,26.05859],[-98.088363,26.060182],[-98.08352,26.062804],[-98.080997,26.064934],[-98.082389,26.067388],[-98.085913,26.069176],[-98.083991,26.071158],[-98.080352,26.071098],[-98.078021,26.069843],[-98.076252,26.067234],[-98.075597,26.064944],[-98.075689,26.061603],[-98.074641,26.058657],[-98.071895,26.055926],[-98.069997,26.050484],[-98.071092,26.045486],[-98.074184,26.042859],[-98.080127,26.041734],[-98.078425,26.037917],[-98.0771,26.036368],[-98.073244,26.036442],[-98.070517,26.037334],[-98.065502,26.044562],[-98.061083,26.0464],[-98.054614,26.04465],[-98.047595,26.044578],[-98.043757,26.043622],[-98.04014,26.041537],[-98.03847,26.041642],[-98.037353,26.045931],[-98.034509,26.050741],[-98.034001,26.058809],[-98.032873,26.062276],[-98.030089,26.065848],[-98.027558,26.067005],[-98.025047,26.065654],[-98.022684,26.060243],[-98.020246,26.058743],[-98.015915,26.061626],[-98.01439,26.066052],[-98.011365,26.065361],[-98.010769,26.061998],[-98.012868,26.057325],[-98.01171,26.056137],[-98.009894,26.05787],[-98.007854,26.062117],[-98.003928,26.064488],[-98.000546,26.06533],[-97.997565,26.064919],[-97.994721,26.062182],[-97.992548,26.058449],[-97.991045,26.058469],[-97.988804,26.060765],[-97.988753,26.064521],[-97.986623,26.06646],[-97.980084,26.067294],[-97.979471,26.060301],[-97.977936,26.058318],[-97.973881,26.057843],[-97.971012,26.054291],[-97.968325,26.052239],[-97.964354,26.051859],[-97.962039,26.053383],[-97.961127,26.055847],[-97.95847,26.057824],[-97.955944,26.060856],[-97.951235,26.062189],[-97.948589,26.061946],[-97.945338,26.060477],[-97.940985,26.057309],[-97.937007,26.052932],[-97.935108,26.052556],[-97.932485,26.053519],[-97.93143,26.054963],[-97.931872,26.058338],[-97.936915,26.061449],[-97.936478,26.06386],[-97.932735,26.065639],[-97.930501,26.064342],[-97.928803,26.057605],[-97.926967,26.054868],[-97.921148,26.05768],[-97.918583,26.058191],[-97.913924,26.05647],[-97.91075,26.056457],[-97.90842,26.057413],[-97.90486,26.059896],[-97.899302,26.06136],[-97.893588,26.060185],[-97.889175,26.061219],[-97.888162,26.062507],[-97.888263,26.065803],[-97.887443,26.066643],[-97.877421,26.064928],[-97.873185,26.061619],[-97.870942,26.057985],[-97.868673,26.056947],[-97.864035,26.068359],[-97.861386,26.070144],[-97.860095,26.069169],[-97.859531,26.064954],[-97.862027,26.061792],[-97.862228,26.059095],[-97.861107,26.05328],[-97.860024,26.052738],[-97.857168,26.053461],[-97.851762,26.052148],[-97.849595,26.052079],[-97.843114,26.053671],[-97.83796,26.052773],[-97.836541,26.051555],[-97.835215,26.04623],[-97.832995,26.045899],[-97.832424,26.047458],[-97.829066,26.050094],[-97.826762,26.055004],[-97.825652,26.056179],[-97.817765,26.056479],[-97.814888,26.053925],[-97.814731,26.051803],[-97.816705,26.046589],[-97.815325,26.044349],[-97.812503,26.044234],[-97.811147,26.046787],[-97.812505,26.0494],[-97.812159,26.053354],[-97.811195,26.055439],[-97.808363,26.058011],[-97.801933,26.06037],[-97.800107,26.05915],[-97.799781,26.054335],[-97.797095,26.052298],[-97.793031,26.053442],[-97.789595,26.051039],[-97.788675,26.048619],[-97.791186,26.047194],[-97.795463,26.047093],[-97.797712,26.043057],[-97.797411,26.039544],[-97.79362,26.03511],[-97.789745,26.033297],[-97.783427,26.03423],[-97.780445,26.032719],[-97.778181,26.029328],[-97.776235,26.029669],[-97.775994,26.031678],[-97.774335,26.033709],[-97.76942,26.035446],[-97.769815,26.036969],[-97.775958,26.039971],[-97.777028,26.042568],[-97.775941,26.045322],[-97.769121,26.047586],[-97.767934,26.047472],[-97.763445,26.043219],[-97.762481,26.040302],[-97.763011,26.035111],[-97.764175,26.029329],[-97.763898,26.02749],[-97.76179,26.025803],[-97.758606,26.026425],[-97.754007,26.030834],[-97.750245,26.031419],[-97.748545,26.029823],[-97.749336,26.027392],[-97.747495,26.026349],[-97.744735,26.029059],[-97.742899,26.029893],[-97.737358,26.028851],[-97.736401,26.026161],[-97.738232,26.022882],[-97.736187,26.021501],[-97.7308,26.023408],[-97.72647,26.022656],[-97.725276,26.02488],[-97.725551,26.026551],[-97.727702,26.027985],[-97.7326,26.027313],[-97.735071,26.028355],[-97.735178,26.031977],[-97.728638,26.031103],[-97.72,26.031208],[-97.7183,26.028343],[-97.72072,26.025403],[-97.721393,26.023412],[-97.719765,26.023357],[-97.714694,26.025475],[-97.70934,26.026381],[-97.709547,26.032894],[-97.708838,26.035971],[-97.707245,26.037839],[-97.704365,26.035779],[-97.703323,26.032356],[-97.701965,26.030799],[-97.697889,26.031221],[-97.697133,26.029144],[-97.697905,26.026229],[-97.697668,26.024029],[-97.694799,26.021821],[-97.692985,26.01925],[-97.690751,26.019198],[-97.689958,26.021919],[-97.693494,26.02652],[-97.694014,26.030941],[-97.69215,26.03237],[-97.688612,26.028098],[-97.684502,26.026466],[-97.680102,26.025905],[-97.674495,26.026207],[-97.673282,26.027861],[-97.67557,26.029334],[-97.676106,26.031052],[-97.674743,26.03296],[-97.670954,26.034036],[-97.669381,26.030128],[-97.667537,26.028831],[-97.664907,26.030696],[-97.664001,26.033478],[-97.664067,26.036928],[-97.662231,26.037698],[-97.660411,26.033758],[-97.660491,26.031478],[-97.66253,26.028172],[-97.666021,26.025968],[-97.6677,26.023592],[-97.667727,26.01912],[-97.664041,26.019278],[-97.65949,26.020263],[-97.65619,26.019426],[-97.652601,26.016308],[-97.650711,26.016473],[-97.650011,26.018388],[-97.650981,26.020958],[-97.650101,26.024138],[-97.645913,26.027642],[-97.641452,26.025405],[-97.637541,26.021038],[-97.636578,26.017056],[-97.637561,26.014008],[-97.639401,26.012237],[-97.642844,26.01179],[-97.647344,26.012768],[-97.649471,26.011138],[-97.647351,26.008058],[-97.640275,26.004553],[-97.637791,26.001878],[-97.635008,25.99999],[-97.632042,26.001328],[-97.631871,26.003328],[-97.629681,26.005827],[-97.626759,26.00601],[-97.626462,26.002244],[-97.628394,25.997635],[-97.627837,25.996787],[-97.62434,25.996685],[-97.622149,25.998265],[-97.620175,26.002392],[-97.619058,26.003028],[-97.617601,25.999778],[-97.618431,25.995068],[-97.619981,25.992648],[-97.622764,25.991477],[-97.626051,25.995318],[-97.629826,25.996478],[-97.632391,25.995808],[-97.634062,25.992968],[-97.634295,25.989687],[-97.632689,25.988365],[-97.629431,25.988023],[-97.623141,25.989628],[-97.620057,25.988134],[-97.620242,25.98499],[-97.618554,25.981238],[-97.616161,25.978818],[-97.612841,25.977878],[-97.60989,25.977733],[-97.607451,25.975808],[-97.608521,25.969728],[-97.610491,25.966978],[-97.610278,25.965607],[-97.607684,25.963215],[-97.604491,25.961258],[-97.601891,25.957178],[-97.598111,25.956928],[-97.595542,25.960663],[-97.591928,25.961959],[-97.587921,25.961348],[-97.582101,25.962428],[-97.581637,25.960339],[-97.583119,25.954868],[-97.580621,25.949308],[-97.579571,25.943588],[-97.577997,25.942096],[-97.575083,25.943085],[-97.572671,25.947148],[-97.574381,25.952478],[-97.574111,25.954098],[-97.568581,25.952968],[-97.565881,25.948198],[-97.566084,25.945162],[-97.568782,25.943707],[-97.571939,25.943449],[-97.574861,25.942328],[-97.583015,25.937715],[-97.583998,25.935553],[-97.583368,25.933423],[-97.580032,25.932772],[-97.57545,25.934984],[-97.56768,25.933927],[-97.565848,25.931683],[-97.567629,25.929439],[-97.567559,25.927249],[-97.564368,25.925823],[-97.559776,25.926148],[-97.55921,25.927206],[-97.559225,25.932002],[-97.558144,25.934493],[-97.556127,25.937014],[-97.55215,25.93708],[-97.547484,25.93523],[-97.545505,25.932692],[-97.545023,25.92408],[-97.542428,25.923876],[-97.538011,25.930799],[-97.536935,25.930342],[-97.537546,25.926775],[-97.542775,25.921802],[-97.543033,25.919979],[-97.541469,25.919186],[-97.532345,25.920609],[-97.53012,25.91997],[-97.529975,25.916802],[-97.533885,25.911612],[-97.532698,25.907473],[-97.529618,25.907418],[-97.528355,25.906422],[-97.52731,25.902775],[-97.524085,25.899542],[-97.522825,25.895346],[-97.523485,25.890832],[-97.522265,25.886952],[-97.520225,25.886002],[-97.510435,25.887712],[-97.505435,25.891092],[-97.502092,25.894569],[-97.498938,25.898759],[-97.497455,25.898552],[-97.496515,25.896692],[-97.496466,25.89413],[-97.497664,25.887205],[-97.497556,25.880636],[-97.496795,25.879685],[-97.494425,25.879922],[-97.492125,25.881312],[-97.489265,25.884572],[-97.4869,25.885121],[-97.486236,25.883507],[-97.487886,25.879405],[-97.485511,25.878393],[-97.481297,25.880137],[-97.477129,25.882843],[-97.47066,25.888568],[-97.468824,25.888836],[-97.467866,25.88722],[-97.468708,25.883412],[-97.470735,25.881722],[-97.474755,25.879757],[-97.473995,25.876372],[-97.469769,25.875491],[-97.465575,25.880772],[-97.463989,25.882033],[-97.458543,25.884099],[-97.455365,25.883992],[-97.454755,25.882052],[-97.454971,25.877736],[-97.456865,25.868782],[-97.454005,25.867162],[-97.451796,25.869234],[-97.449915,25.872132],[-97.447237,25.87169],[-97.444768,25.868181],[-97.445565,25.864867],[-97.447575,25.863551],[-97.448115,25.859692],[-97.451415,25.859072],[-97.453745,25.856542],[-97.453635,25.853784],[-97.451645,25.854002],[-97.447126,25.856453],[-97.445229,25.856382],[-97.444027,25.854542],[-97.445823,25.85194],[-97.44407,25.848538],[-97.442252,25.848013],[-97.437795,25.849622],[-97.435464,25.849611],[-97.432753,25.846657],[-97.426472,25.841014],[-97.422975,25.840146],[-97.416594,25.841245],[-97.412651,25.840975],[-97.412157,25.842677],[-97.413395,25.843357],[-97.414721,25.847916],[-97.413749,25.852298],[-97.414092,25.855962],[-97.413523,25.858128],[-97.411376,25.861364],[-97.409983,25.862178],[-97.407863,25.861518],[-97.409376,25.857608],[-97.408215,25.854108],[-97.410323,25.851068],[-97.410571,25.849532],[-97.408285,25.845535],[-97.405585,25.845286],[-97.404863,25.848998],[-97.403113,25.851532],[-97.400742,25.852389],[-97.398809,25.850816],[-97.400896,25.845534],[-97.400093,25.842728],[-97.401503,25.840618],[-97.406473,25.840328],[-97.406745,25.838348],[-97.403937,25.8377],[-97.401869,25.838725],[-97.398572,25.83892],[-97.3939,25.8371],[-97.390699,25.838449],[-97.388609,25.840149],[-97.387873,25.843278],[-97.386575,25.843828],[-97.382983,25.840178],[-97.381127,25.839464],[-97.376418,25.840357],[-97.373056,25.839831],[-97.371625,25.842264],[-97.372106,25.847642],[-97.370828,25.849778],[-97.367754,25.850847],[-97.364073,25.849794],[-97.364308,25.851487],[-97.366157,25.853478],[-97.370357,25.854521],[-97.375903,25.854038],[-97.375568,25.856509],[-97.371367,25.857258],[-97.368936,25.858404],[-97.366253,25.863688],[-97.36149,25.86943],[-97.359712,25.869671],[-97.358704,25.868327],[-97.359168,25.865986],[-97.356843,25.866898],[-97.356833,25.868068],[-97.358993,25.871268],[-97.359463,25.873693],[-97.358573,25.877308],[-97.359333,25.879778],[-97.361223,25.879648],[-97.363783,25.877728],[-97.368253,25.878396],[-97.373912,25.878426],[-97.373833,25.880748],[-97.371318,25.882776],[-97.365443,25.885548],[-97.358173,25.886228],[-97.356393,25.888038],[-97.358203,25.889728],[-97.363493,25.889598],[-97.366374,25.890608],[-97.367163,25.891858],[-97.367343,25.895109],[-97.365816,25.900859],[-97.366052,25.902679],[-97.37341,25.905337],[-97.375183,25.907748],[-97.372283,25.909698],[-97.369333,25.909028],[-97.368141,25.910079],[-97.369431,25.912901],[-97.368273,25.915567],[-97.365481,25.916047],[-97.362087,25.915608],[-97.354336,25.919992],[-97.351113,25.923658],[-97.349951,25.925719],[-97.348854,25.930646],[-97.347393,25.931218],[-97.34464,25.929435],[-97.341892,25.928709],[-97.337453,25.929788],[-97.336293,25.928428],[-97.338313,25.921694],[-97.337683,25.920168],[-97.334392,25.919995],[-97.334257,25.924931],[-97.332344,25.925221],[-97.331443,25.918848],[-97.330275,25.917653],[-97.326102,25.917557],[-97.324516,25.918873],[-97.325113,25.923608],[-97.324176,25.925641],[-97.320509,25.92961],[-97.317253,25.931608],[-97.315257,25.931618],[-97.312183,25.929838],[-97.311183,25.927218],[-97.309346,25.926234],[-97.305883,25.927258],[-97.304016,25.93004],[-97.304601,25.933897],[-97.304184,25.93614],[-97.300861,25.937487],[-97.298708,25.936506],[-97.297806,25.933854],[-97.295615,25.933269],[-97.293003,25.935958],[-97.291524,25.936489],[-97.286809,25.936357],[-97.278193,25.934958],[-97.276273,25.936148],[-97.276713,25.938488],[-97.278281,25.941458],[-97.280417,25.943273],[-97.280862,25.945149],[-97.278331,25.946712],[-97.278552,25.947727],[-97.28418,25.949133],[-97.289224,25.953685],[-97.289565,25.955465],[-97.285013,25.959078],[-97.282507,25.959301],[-97.280038,25.955019],[-97.276434,25.952122],[-97.263531,25.95132],[-97.259311,25.95071],[-97.254713,25.948778],[-97.251816,25.948159],[-97.247193,25.948158],[-97.244699,25.949662],[-97.244614,25.951553],[-97.241518,25.954429],[-97.23863,25.95574],[-97.233548,25.956592],[-97.227963,25.959044],[-97.225086,25.959285],[-97.220713,25.957138],[-97.215883,25.959048],[-97.208738,25.96395],[-97.206323,25.963018],[-97.205903,25.958918],[-97.203743,25.957708],[-97.199363,25.958408],[-97.196913,25.957948],[-97.192957,25.955064],[-97.189878,25.954032],[-97.187605,25.954178],[-97.186813,25.955348],[-97.187153,25.958018],[-97.185583,25.959428],[-97.178965,25.961166],[-97.177343,25.962578],[-97.176713,25.965438],[-97.175395,25.96598],[-97.172873,25.964548],[-97.169955,25.961247],[-97.166723,25.960328],[-97.163803,25.960505],[-97.159993,25.962108],[-97.158167,25.961684],[-97.158613,25.956788],[-97.160433,25.950818],[-97.159765,25.949352],[-97.157285,25.948858],[-97.150818,25.95163]]}},{"type":"Feature","id":"national-50","properties":{"fips":"50"},"geometry":{"type":"MultiLineString","coordinates":[[[-73.226316,45.012754],[-73.272377,45.012061],[-73.334848,45.010844],[-73.343178,45.010713]],[[-71.50108,45.013443],[-71.572517,45.012498],[-71.61266,45.012715],[-71.634589,45.012347],[-71.644537,45.012263],[-71.666744,45.011698],[-71.69682,45.0113],[-71.723829,45.011417],[-71.754112,45.011335],[-71.780252,45.010937],[-71.804962,45.010454],[-71.829034,45.00974],[-71.904856,45.007783],[-71.913971,45.007611],[-71.929314,45.008057],[-71.945731,45.008283],[-72.007057,45.007161],[-72.024919,45.006756],[-72.054284,45.006217],[-72.110554,45.005633],[-72.126989,45.005724],[-72.151068,45.006015],[-72.173029,45.005839],[-72.210963,45.005284],[-72.255663,45.004423],[-72.270214,45.0042],[-72.293367,45.004353],[-72.311947,45.003787],[-72.334013,45.005068],[-72.368627,45.006219],[-72.379039,45.006378],[-72.388006,45.006262],[-72.450435,45.008564],[-72.478974,45.008829],[-72.530851,45.00777],[-72.555384,45.008023],[-72.58474,45.011569],[-72.604298,45.013113],[-72.63466,45.014691],[-72.702639,45.01562],[-72.733897,45.01583],[-72.748169,45.01562],[-72.821305,45.016279],[-72.846985,45.016658],[-72.869072,45.016191],[-72.908672,45.015589],[-72.966867,45.014142],[-72.996666,45.014784],[-73.020961,45.015233],[-73.06535,45.015956],[-73.090815,45.015332]]]}},{"type":"Feature","id":"national-53","properties":{"fips":"53"},"geometry":{"type":"MultiLineString","coordinates":[[[-123.036242,49.002081],[-123.094497,49.002061]],[[-117.032345,48.999201],[-117.134897,48.998804],[-117.211519,48.999382],[-117.35153,49.000314],[-117.368772,49.00031],[-117.433781,49.000477],[-117.54445,49.000663],[-117.637488,49.000736],[-117.697465,49.000665],[-117.773432,49.000527],[-117.831657,49.00049],[-117.978826,49.000323],[-118.039003,49.000228],[-118.173218,49.000067],[-118.286823,49.000054],[-118.336262,49.000074],[-118.389708,49.000043],[-118.452873,49.000093],[-118.549565,49.000069],[-118.721801,49.000081],[-118.88002,49.000078],[-118.95715,49.000092],[-119.047112,49.000075],[-119.157536,49.000084],[-119.183197,49.000139],[-119.196037,49.000081],[-119.382238,49.000093],[-119.505497,49.000088],[-119.523477,49.000106],[-119.635807,49.000099],[-119.731081,49.000109],[-119.789261,49.000032],[-119.8438,48.999925],[-119.945325,48.99967],[-120.002506,48.999486],[-120.037287,48.999447],[-120.142884,48.999861],[-120.208848,49.000072],[-120.299731,49.000304],[-120.383827,49.000453],[-120.473024,49.000544],[-120.559481,49.000568],[-120.669568,49.000101],[-120.80212,49.000267],[-120.884014,49.000313],[-120.949701,49.00031],[-121.062624,49.000217],[-121.094951,49.000219],[-121.251205,49.000778],[-121.29759,49.0009],[-121.334846,49.000916],[-121.405109,48.999951],[-121.415764,48.999945],[-121.526992,48.999512],[-121.612977,48.99898],[-121.630151,48.998776],[-121.741054,48.997304],[-121.759572,48.997299],[-121.829612,48.998447],[-121.949461,49.000304],[-122.009162,49.001172],[-122.09805,49.002418],[-122.215746,49.002439],[-122.392175,49.002321],[-122.426569,49.002313],[-122.609397,49.002164],[-122.7305,49.002094],[-122.759706,49.002092]]]}}]}