{"type":"FeatureCollection","source":"U.S. Census Bureau GENZ2023, cb_2023_us_state_500k.zip; public domain; source sha256 4a9b4f5cf993cd23738ac49b58fbb556f1f097fcf5e404a9dc10348dd41f7432","source_url":"https://www2.census.gov/geo/tiger/GENZ2023/shp/cb_2023_us_state_500k.zip","display_simplification":"EPSG:5070 topology-preserving simplification, 6000 metre tolerance, transformed to EPSG:4326; map context only, not analysis coverage","features":[{"type":"Feature","id":"01","properties":{"name":"Alabama","abbreviation":"AL","label_lon":-86.67701,"label_lat":32.6001},"geometry":{"type":"MultiPolygon","coordinates":[[[[-88.04504,30.50119],[-88.02917,30.51965],[-88.02433,30.49077],[-88.04504,30.50119]]],[[[-88.22542,30.31989],[-88.22073,30.32211],[-88.21958,30.32141],[-88.22542,30.31989]]],[[[-88.25621,30.32511],[-88.2577,30.34086],[-88.25947,30.36678],[-88.25621,30.32511]]],[[[-88.3273,30.22988],[-88.11774,30.27912],[-88.07485,30.24912],[-88.1998,30.24779],[-88.3273,30.22988]]],[[[-88.47323,31.89386],[-88.09789,34.8922],[-88.20296,35.00803],[-85.60516,34.98468],[-85.1844,32.86132],[-84.96303,32.42424],[-85.0071,32.32836],[-84.88908,32.26091],[-85.06114,32.13406],[-85.14073,31.85746],[-85.0413,31.54099],[-85.10752,31.18645],[-85.0025,31.00068],[-87.59893,30.99746],[-87.63494,30.86589],[-87.40696,30.67516],[-87.4477,30.51046],[-87.36819,30.43341],[-87.45238,30.3002],[-87.80056,30.22937],[-88.02768,30.22364],[-87.74717,30.28777],[-87.90634,30.40938],[-87.98556,30.67751],[-88.13827,30.31326],[-88.33802,30.40475],[-88.39502,30.36942],[-88.47323,31.89386]]]]}},{"type":"Feature","id":"04","properties":{"name":"Arizona","abbreviation":"AZ","label_lon":-111.78887,"label_lat":34.15552},"geometry":{"type":"Polygon","coordinates":[[[-114.81629,32.50804],[-114.70192,32.74555],[-114.53922,32.74981],[-114.46897,32.84515],[-114.51134,33.02346],[-114.70649,33.08816],[-114.73122,33.30243],[-114.72528,33.40505],[-114.5246,33.55223],[-114.53548,33.93465],[-114.13121,34.26273],[-114.3867,34.45791],[-114.63518,34.875],[-114.56924,35.18348],[-114.7548,36.0847],[-114.40914,36.147],[-114.14591,36.02723],[-114.04394,36.19335],[-114.0506,37.0004],[-109.04522,36.99908],[-109.05004,31.3325],[-111.07483,31.33224],[-114.81629,32.50804]]]}},{"type":"Feature","id":"05","properties":{"name":"Arkansas","abbreviation":"AR","label_lon":-92.50986,"label_lat":34.7878},"geometry":{"type":"Polygon","coordinates":[[[-94.61792,36.49941],[-90.15248,36.49795],[-90.06398,36.30304],[-90.37789,35.99568],[-89.73306,36.00081],[-89.64359,35.88974],[-89.74313,35.91118],[-89.6965,35.82058],[-89.95834,35.72656],[-89.85086,35.65021],[-89.95659,35.59062],[-89.90893,35.51424],[-90.03811,35.54973],[-90.00332,35.42963],[-90.16888,35.42188],[-90.07861,35.38062],[-90.16879,35.27909],[-90.06518,35.1394],[-90.29697,35.03817],[-90.30738,34.84619],[-90.48126,34.88107],[-90.58623,34.40917],[-90.66934,34.31302],[-90.76439,34.36368],[-90.84715,34.20613],[-90.93555,34.23785],[-90.80756,34.16182],[-90.95864,34.13548],[-90.87108,34.08118],[-90.96617,33.96466],[-91.0862,34.00642],[-90.98847,33.78453],[-91.14881,33.73136],[-91.03099,33.67941],[-91.23063,33.67715],[-91.12868,33.60847],[-91.23339,33.56275],[-91.23518,33.43897],[-91.11779,33.45808],[-91.20811,33.40201],[-91.05808,33.44654],[-91.16609,33.00429],[-94.04296,33.01922],[-94.04345,33.55225],[-94.38167,33.54404],[-94.48587,33.63787],[-94.43066,35.39248],[-94.61792,36.49941]]]}},{"type":"Feature","id":"06","properties":{"name":"California","abbreviation":"CA","label_lon":-119.97851,"label_lat":37.29311},"geometry":{"type":"MultiPolygon","coordinates":[[[[-118.60442,33.47855],[-118.37032,33.40928],[-118.30508,33.31032],[-118.46537,33.32606],[-118.60442,33.47855]]],[[[-118.50621,32.85299],[-118.5739,33.03055],[-118.35419,32.82092],[-118.50621,32.85299]]],[[[-119.04294,33.47055],[-119.0285,33.48743],[-119.03365,33.46575],[-119.04294,33.47055]]],[[[-119.37233,34.01209],[-119.36257,34.01715],[-119.35766,34.01599],[-119.37233,34.01209]]],[[[-119.39082,34.00286],[-119.39625,34.00592],[-119.37927,34.00957],[-119.39082,34.00286]]],[[[-119.54621,33.23256],[-119.52878,33.28542],[-119.4344,33.22702],[-119.54621,33.23256]]],[[[-119.92989,34.05973],[-119.75943,34.05883],[-119.63774,34.01318],[-119.52064,34.03426],[-119.81825,33.95986],[-119.92989,34.05973]]],[[[-120.24954,34.00248],[-120.04326,34.03581],[-119.96864,33.94288],[-120.11588,33.89436],[-120.24954,34.00248]]],[[[-120.45006,34.03419],[-120.36828,34.07646],[-120.30722,34.02237],[-120.35793,34.01503],[-120.45006,34.03419]]],[[[-122.37284,37.81107],[-122.36291,37.8227],[-122.36229,37.80702],[-122.37284,37.81107]]],[[[-122.42277,37.82526],[-122.42025,37.82651],[-122.42072,37.82525],[-122.42277,37.82526]]],[[[-122.44083,37.8554],[-122.42474,37.87044],[-122.41875,37.85282],[-122.44083,37.8554]]],[[[-123.00279,37.69274],[-123.00351,37.7044],[-122.99875,37.69744],[-123.00279,37.69274]]],[[[-124.215,41.94973],[-124.21618,41.95221],[-124.21302,41.95102],[-124.215,41.94973]]],[[[-124.4086,40.4432],[-124.11176,41.02688],[-124.06606,41.47026],[-124.25495,41.77817],[-124.20844,41.88819],[-124.21161,41.99846],[-119.99923,41.99494],[-120.00101,38.99957],[-114.63349,35.00186],[-114.3867,34.45791],[-114.13121,34.26273],[-114.43418,34.08738],[-114.53548,33.93465],[-114.5246,33.55223],[-114.72528,33.40505],[-114.70649,33.08816],[-114.46904,32.97229],[-114.52686,32.75709],[-117.12367,32.53443],[-117.46979,33.29642],[-118.1327,33.75322],[-118.41046,33.74104],[-118.52436,34.03068],[-118.80655,34.00045],[-119.12925,34.10084],[-119.56399,34.41532],[-120.45281,34.44244],[-120.63672,34.56097],[-120.64615,35.14394],[-120.87352,35.22288],[-120.88476,35.4302],[-121.28653,35.66552],[-121.50083,35.9981],[-121.90273,36.30638],[-121.97676,36.57944],[-121.8137,36.68236],[-121.86227,36.93155],[-122.13516,36.96777],[-122.40507,37.19579],[-122.51953,37.5373],[-122.47678,37.80944],[-122.38767,37.78881],[-122.37854,37.60559],[-122.0386,37.45462],[-122.43009,37.96312],[-122.28282,38.08289],[-122.49752,38.11513],[-122.50001,37.82091],[-122.88211,38.02527],[-123.02407,37.99488],[-122.96814,38.25365],[-123.72798,38.91943],[-123.8496,39.82767],[-124.3606,40.25721],[-124.4086,40.4432]]]]}},{"type":"Feature","id":"08","properties":{"name":"Colorado","abbreviation":"CO","label_lon":-105.56689,"label_lat":39.01951},"geometry":{"type":"Polygon","coordinates":[[[-109.04522,36.99908],[-109.05008,41.00066],[-102.05161,41.00238],[-102.04209,36.99302],[-109.04522,36.99908]]]}},{"type":"Feature","id":"09","properties":{"name":"Connecticut","abbreviation":"CT","label_lon":-72.67448,"label_lat":41.49771},"geometry":{"type":"MultiPolygon","coordinates":[[[[-72.2239,41.29346],[-72.22523,41.29526],[-72.22376,41.29486],[-72.2239,41.29346]]],[[[-72.74106,41.25269],[-72.75886,41.25384],[-72.7403,41.25645],[-72.74106,41.25269]]],[[[-72.76311,41.25804],[-72.76234,41.26036],[-72.76119,41.259],[-72.76311,41.25804]]],[[[-73.21763,41.14235],[-73.21499,41.14447],[-73.21669,41.14197],[-73.21763,41.14235]]],[[[-73.36978,41.0888],[-73.35375,41.08751],[-73.35509,41.08348],[-73.36978,41.0888]]],[[[-73.39524,41.06443],[-73.38189,41.0722],[-73.38618,41.05839],[-73.39524,41.06443]]],[[[-73.42217,41.04756],[-73.40477,41.06213],[-73.39982,41.06242],[-73.42217,41.04756]]],[[[-73.61253,40.98747],[-73.60973,40.99079],[-73.60757,40.9904],[-73.61253,40.98747]]],[[[-73.62186,40.98247],[-73.62948,40.98365],[-73.62272,40.98456],[-73.62186,40.98247]]],[[[-73.64082,40.98924],[-73.63844,40.99409],[-73.63915,40.98954],[-73.64082,40.98924]]],[[[-73.72777,41.1007],[-73.48271,41.21276],[-73.48731,42.04964],[-71.80065,42.02357],[-71.85746,41.32079],[-72.3505,41.31175],[-72.70614,41.24385],[-72.76206,41.26769],[-72.89458,41.24251],[-72.91309,41.29674],[-73.10302,41.15141],[-73.17777,41.1667],[-73.65676,40.98767],[-73.72777,41.1007]]]]}},{"type":"Feature","id":"10","properties":{"name":"Delaware","abbreviation":"DE","label_lon":-75.57695,"label_lat":39.14025},"geometry":{"type":"MultiPolygon","coordinates":[[[[-75.56545,39.50941],[-75.56477,39.51595],[-75.56132,39.51947],[-75.56545,39.50941]]],[[[-75.562,39.60575],[-75.55945,39.62981],[-75.55617,39.60639],[-75.562,39.60575]]],[[[-75.57543,39.58812],[-75.56582,39.59061],[-75.56769,39.58573],[-75.57543,39.58812]]],[[[-75.78866,39.65957],[-75.66282,39.82115],[-75.42342,39.80662],[-75.61315,39.62096],[-75.59233,39.46758],[-75.409,39.26413],[-75.30408,38.91316],[-75.09201,38.8039],[-75.04894,38.45126],[-75.69367,38.46008],[-75.78866,39.65957]]]]}},{"type":"Feature","id":"11","properties":{"name":"District of Columbia","abbreviation":"DC","label_lon":-76.9986,"label_lat":38.88688},"geometry":{"type":"Polygon","coordinates":[[[-77.11976,38.93434],[-77.041,38.99511],[-76.9094,38.89281],[-77.03901,38.79164],[-77.11976,38.93434]]]}},{"type":"Feature","id":"12","properties":{"name":"Florida","abbreviation":"FL","label_lon":-81.58339,"label_lat":27.92163},"geometry":{"type":"MultiPolygon","coordinates":[[[[-80.17706,25.5217],[-80.17395,25.52537],[-80.17268,25.52209],[-80.17706,25.5217]]],[[[-80.2586,25.35961],[-80.20922,25.41437],[-80.17724,25.51842],[-80.20383,25.4145],[-80.2586,25.35961]]],[[[-80.29678,25.32554],[-80.29367,25.32682],[-80.29371,25.32461],[-80.29678,25.32554]]],[[[-80.295,25.37671],[-80.29818,25.38216],[-80.29368,25.38545],[-80.295,25.37671]]],[[[-80.30196,25.403],[-80.30024,25.40665],[-80.29974,25.40538],[-80.30196,25.403]]],[[[-80.45578,25.04835],[-80.44864,25.05367],[-80.44631,25.05281],[-80.45578,25.04835]]],[[[-80.48231,25.11236],[-80.47692,25.11432],[-80.47594,25.10832],[-80.48231,25.11236]]],[[[-80.46883,25.09203],[-80.47394,25.09364],[-80.47774,25.10354],[-80.46883,25.09203]]],[[[-80.4945,25.09784],[-80.49079,25.10354],[-80.48618,25.1086],[-80.4945,25.09784]]],[[[-80.49846,25.07591],[-80.49905,25.08087],[-80.49285,25.08],[-80.49846,25.07591]]],[[[-80.50916,25.13139],[-80.50536,25.13782],[-80.50774,25.13096],[-80.50916,25.13139]]],[[[-80.50664,25.14734],[-80.50934,25.15519],[-80.50543,25.14874],[-80.50664,25.14734]]],[[[-80.51783,25.083],[-80.51114,25.08318],[-80.51059,25.08191],[-80.51783,25.083]]],[[[-80.53129,25.1856],[-80.53578,25.187],[-80.53564,25.1951],[-80.53129,25.1856]]],[[[-80.55322,25.16141],[-80.55006,25.16185],[-80.55587,25.15818],[-80.55322,25.16141]]],[[[-80.55266,25.06294],[-80.55814,25.06596],[-80.55584,25.07221],[-80.55266,25.06294]]],[[[-80.56773,25.12571],[-80.56495,25.12787],[-80.56797,25.12248],[-80.56773,25.12571]]],[[[-80.56194,25.13957],[-80.56502,25.14968],[-80.55723,25.14038],[-80.56194,25.13957]]],[[[-80.56074,25.1074],[-80.56716,25.10826],[-80.56763,25.11912],[-80.56074,25.1074]]],[[[-80.57643,25.15022],[-80.57293,25.15674],[-80.57512,25.14839],[-80.57643,25.15022]]],[[[-80.58825,25.05648],[-80.58269,25.06117],[-80.58328,25.05695],[-80.58825,25.05648]]],[[[-80.59985,25.16373],[-80.58663,25.17144],[-80.5868,25.16264],[-80.59985,25.16373]]],[[[-80.61338,25.06871],[-80.60553,25.07036],[-80.60946,25.05595],[-80.61338,25.06871]]],[[[-80.61415,25.00322],[-80.61553,25.00778],[-80.61275,25.00666],[-80.61415,25.00322]]],[[[-80.61445,25.17578],[-80.62147,25.18367],[-80.60985,25.18241],[-80.61445,25.17578]]],[[[-80.62389,24.99878],[-80.626,25.00262],[-80.62278,25.0],[-80.62389,24.99878]]],[[[-80.6232,24.95862],[-80.62515,24.96137],[-80.62388,24.96367],[-80.6232,24.95862]]],[[[-80.63423,25.0243],[-80.63415,25.02812],[-80.63163,25.02546],[-80.63423,25.0243]]],[[[-80.64424,25.04694],[-80.64478,25.05281],[-80.64114,25.04979],[-80.64424,25.04694]]],[[[-80.64853,25.03236],[-80.64586,25.03627],[-80.64634,25.03316],[-80.64853,25.03236]]],[[[-80.65269,24.98081],[-80.65023,24.9895],[-80.64658,24.98737],[-80.65269,24.98081]]],[[[-80.64064,25.07337],[-80.64348,25.11208],[-80.64744,25.13866],[-80.63748,25.13728],[-80.64064,25.07337]]],[[[-80.65759,24.98778],[-80.66183,24.99527],[-80.65427,24.99492],[-80.65759,24.98778]]],[[[-80.66841,25.03353],[-80.66464,25.03715],[-80.66403,25.03364],[-80.66841,25.03353]]],[[[-80.66639,24.91852],[-80.66515,24.92816],[-80.66083,24.92403],[-80.66639,24.91852]]],[[[-80.66732,24.9864],[-80.67009,24.99017],[-80.66675,24.98724],[-80.66732,24.9864]]],[[[-80.68042,25.09928],[-80.6745,25.10411],[-80.66693,25.09596],[-80.68042,25.09928]]],[[[-80.67624,25.03099],[-80.67806,25.03526],[-80.67373,25.03292],[-80.67624,25.03099]]],[[[-80.6759,25.11451],[-80.68407,25.12295],[-80.67948,25.12318],[-80.6759,25.11451]]],[[[-80.68707,25.0272],[-80.68205,25.03072],[-80.68211,25.02531],[-80.68707,25.0272]]],[[[-80.69448,25.05007],[-80.69563,25.06208],[-80.69264,25.06009],[-80.69448,25.05007]]],[[[-80.69722,25.09833],[-80.70016,25.10145],[-80.70089,25.10807],[-80.69722,25.09833]]],[[[-80.7009,25.11582],[-80.69454,25.12225],[-80.69441,25.11994],[-80.7009,25.11582]]],[[[-80.70259,24.89704],[-80.69806,24.90887],[-80.6934,24.89953],[-80.70259,24.89704]]],[[[-80.70602,25.1289],[-80.71113,25.14305],[-80.69965,25.12572],[-80.70602,25.1289]]],[[[-80.71464,25.14656],[-80.71095,25.14581],[-80.71131,25.14441],[-80.71464,25.14656]]],[[[-80.72464,25.09382],[-80.7252,25.09915],[-80.72323,25.09813],[-80.72464,25.09382]]],[[[-80.72625,24.99623],[-80.73009,25.00245],[-80.72369,25.00505],[-80.72625,24.99623]]],[[[-80.72799,25.06262],[-80.73432,25.07216],[-80.7282,25.07089],[-80.72799,25.06262]]],[[[-80.74011,25.00828],[-80.73553,25.00545],[-80.73692,25.00247],[-80.74011,25.00828]]],[[[-80.73517,24.84882],[-80.73297,24.86431],[-80.69065,24.88422],[-80.73517,24.84882]]],[[[-80.75829,25.0293],[-80.75451,25.03908],[-80.7496,25.02706],[-80.75829,25.0293]]],[[[-80.76089,25.14353],[-80.76051,25.14634],[-80.75884,25.14527],[-80.76089,25.14353]]],[[[-80.78689,24.93754],[-80.78389,24.94084],[-80.78369,24.93719],[-80.78689,24.93754]]],[[[-80.78923,25.02318],[-80.7863,25.02656],[-80.78523,25.02476],[-80.78923,25.02318]]],[[[-80.7867,25.12442],[-80.78927,25.13204],[-80.78118,25.12203],[-80.7867,25.12442]]],[[[-80.79112,25.09147],[-80.78567,25.09248],[-80.78767,25.08912],[-80.79112,25.09147]]],[[[-80.7923,25.06792],[-80.78867,25.07103],[-80.78752,25.06868],[-80.7923,25.06792]]],[[[-80.82976,24.98768],[-80.82989,24.99445],[-80.82791,24.98793],[-80.82976,24.98768]]],[[[-80.83086,25.11524],[-80.8323,25.1217],[-80.82866,25.11496],[-80.83086,25.11524]]],[[[-80.79453,24.81205],[-80.83049,24.81239],[-80.79048,24.84295],[-80.79453,24.81205]]],[[[-80.85147,25.10774],[-80.85037,25.11072],[-80.84976,25.10847],[-80.85147,25.10774]]],[[[-80.86534,25.02995],[-80.8626,25.03396],[-80.86089,25.03106],[-80.86534,25.02995]]],[[[-80.87608,25.11088],[-80.88135,25.1184],[-80.87929,25.11892],[-80.87608,25.11088]]],[[[-80.88536,25.0581],[-80.88481,25.0612],[-80.88358,25.05988],[-80.88536,25.0581]]],[[[-80.90405,25.04966],[-80.90178,25.05221],[-80.90227,25.04931],[-80.90405,25.04966]]],[[[-80.90541,25.13256],[-80.90423,25.13743],[-80.90021,25.13741],[-80.90541,25.13256]]],[[[-80.91107,25.10195],[-80.91202,25.11033],[-80.90781,25.1029],[-80.91107,25.10195]]],[[[-80.90762,24.76862],[-80.91531,24.7779],[-80.90876,24.7776],[-80.90762,24.76862]]],[[[-80.93153,24.7634],[-80.92601,24.76894],[-80.92636,24.76592],[-80.93153,24.7634]]],[[[-80.92988,25.07847],[-80.92953,25.08089],[-80.92517,25.08055],[-80.92988,25.07847]]],[[[-80.94164,25.10617],[-80.93532,25.11109],[-80.93248,25.10923],[-80.94164,25.10617]]],[[[-81.0773,24.68997],[-81.01692,24.73468],[-80.93142,24.77434],[-81.0773,24.68997]]],[[[-81.23005,24.77686],[-81.22798,24.78178],[-81.22613,24.77572],[-81.23005,24.77686]]],[[[-81.24476,24.6692],[-81.26001,24.67485],[-81.24323,24.674],[-81.24476,24.6692]]],[[[-81.29395,24.77257],[-81.28776,24.77635],[-81.28573,24.76824],[-81.29395,24.77257]]],[[[-81.31426,24.75082],[-81.3061,24.75708],[-81.29896,24.74364],[-81.31426,24.75082]]],[[[-81.324,24.75956],[-81.32422,24.76706],[-81.31735,24.75675],[-81.324,24.75956]]],[[[-81.30325,24.71403],[-81.3284,24.75027],[-81.2974,24.71673],[-81.30325,24.71403]]],[[[-81.33767,24.73722],[-81.33363,24.74423],[-81.33291,24.7316],[-81.33767,24.73722]]],[[[-81.35562,25.69252],[-81.34124,25.71258],[-81.33824,25.69289],[-81.35562,25.69252]]],[[[-81.44431,24.63292],[-81.44172,24.63603],[-81.44087,24.63297],[-81.44431,24.63292]]],[[[-81.47147,24.60985],[-81.46904,24.61315],[-81.46766,24.60997],[-81.47147,24.60985]]],[[[-81.81081,24.566],[-81.81095,24.56954],[-81.80959,24.56951],[-81.81081,24.566]]],[[[-81.81205,24.5488],[-81.44351,24.81336],[-81.2969,24.65538],[-81.50594,24.65451],[-81.81205,24.5488]]],[[[-81.81459,24.56042],[-81.8128,24.56359],[-81.81226,24.56077],[-81.81459,24.56042]]],[[[-81.88823,24.55777],[-81.88588,24.56297],[-81.88374,24.56033],[-81.88823,24.55777]]],[[[-81.92108,24.60129],[-81.92308,24.60662],[-81.91947,24.60548],[-81.92108,24.60129]]],[[[-81.92489,24.53996],[-81.92133,24.54848],[-81.91698,24.54676],[-81.92489,24.53996]]],[[[-81.926,24.52651],[-81.92558,24.53286],[-81.91773,24.53052],[-81.926,24.52651]]],[[[-81.96427,24.5213],[-81.96309,24.52497],[-81.96307,24.52131],[-81.96427,24.5213]]],[[[-81.97854,24.52325],[-81.97086,24.52696],[-81.96818,24.52349],[-81.97854,24.52325]]],[[[-82.00645,24.52744],[-82.00748,24.5379],[-81.99831,24.53086],[-82.00645,24.52744]]],[[[-82.11609,24.54954],[-82.12483,24.59706],[-82.10163,24.58504],[-82.11609,24.54954]]],[[[-82.14602,24.54894],[-82.14518,24.55251],[-82.14411,24.55132],[-82.14602,24.54894]]],[[[-82.15643,24.54911],[-82.16452,24.56339],[-82.15766,24.56689],[-82.15643,24.54911]]],[[[-82.17292,26.46766],[-82.21434,26.60294],[-82.17783,26.49222],[-82.01391,26.45206],[-82.17292,26.46766]]],[[[-82.26248,26.6776],[-82.24609,26.70606],[-82.22113,26.61345],[-82.26248,26.6776]]],[[[-82.41988,27.84363],[-82.40605,27.84995],[-82.40522,27.84901],[-82.41988,27.84363]]],[[[-82.42428,27.86822],[-82.43545,27.8842],[-82.42462,27.8842],[-82.42428,27.86822]]],[[[-82.44169,27.82353],[-82.43122,27.83861],[-82.43222,27.82229],[-82.44169,27.82353]]],[[[-82.57361,27.63127],[-82.5727,27.63694],[-82.56918,27.63053],[-82.57361,27.63127]]],[[[-82.69506,27.66158],[-82.69391,27.66874],[-82.68555,27.66474],[-82.69506,27.66158]]],[[[-82.74925,28.7976],[-82.72382,28.79045],[-82.73671,28.77371],[-82.74925,28.7976]]],[[[-82.76332,27.58215],[-82.76149,27.60308],[-82.7561,27.57609],[-82.76332,27.58215]]],[[[-82.80012,28.17323],[-82.79832,28.17491],[-82.79843,28.17389],[-82.80012,28.17323]]],[[[-82.80428,28.17641],[-82.80352,28.17791],[-82.80163,28.17655],[-82.80428,28.17641]]],[[[-82.80607,28.17305],[-82.80416,28.1741],[-82.8041,28.17309],[-82.80607,28.17305]]],[[[-82.84274,28.11123],[-82.83224,28.12906],[-82.8324,28.10672],[-82.84274,28.11123]]],[[[-82.84987,28.17979],[-82.84045,28.212],[-82.84265,28.16385],[-82.84987,28.17979]]],[[[-82.87366,24.62647],[-82.8633,24.62888],[-82.86289,24.6257],[-82.87366,24.62647]]],[[[-82.92611,24.62805],[-82.9218,24.63342],[-82.91672,24.63625],[-82.92611,24.62805]]],[[[-83.03447,29.12181],[-83.02781,29.127],[-83.02401,29.11932],[-83.03447,29.12181]]],[[[-83.03405,29.09555],[-83.03067,29.09897],[-83.02591,29.09627],[-83.03405,29.09555]]],[[[-83.06537,29.09565],[-83.0618,29.1025],[-83.05993,29.09966],[-83.06537,29.09565]]],[[[-83.09025,29.11872],[-83.0826,29.12892],[-83.08565,29.12019],[-83.09025,29.11872]]],[[[-83.83082,29.97106],[-83.82701,29.97106],[-83.82903,29.96983],[-83.83082,29.97106]]],[[[-84.62374,29.7885],[-84.62453,29.7901],[-84.57248,29.82846],[-84.62374,29.7885]]],[[[-85.09717,29.62624],[-84.9815,29.60864],[-84.69341,29.76886],[-84.95645,29.614],[-85.04507,29.58699],[-85.09717,29.62624]]],[[[-85.22248,29.67934],[-85.11427,29.68866],[-85.07431,29.67398],[-85.12045,29.63001],[-85.22248,29.67934]]],[[[-87.63484,30.86611],[-87.59893,30.99746],[-85.0019,31.00068],[-84.86469,30.71154],[-82.21484,30.56859],[-82.16176,30.35785],[-82.03682,30.37788],[-82.04479,30.72848],[-81.9495,30.82787],[-81.42585,30.70045],[-81.45593,30.51338],[-81.24037,29.73947],[-80.96618,29.14796],[-80.57424,28.58534],[-80.572,28.11159],[-80.03136,26.79634],[-80.13084,25.76436],[-80.15633,25.66615],[-80.20263,25.74821],[-80.30668,25.61279],[-80.30542,25.38774],[-80.39812,25.27679],[-80.41666,25.19874],[-80.25302,25.33835],[-80.40006,25.10603],[-80.42664,25.10236],[-80.56578,24.9571],[-80.6577,24.89735],[-80.4333,25.10785],[-80.4655,25.21175],[-81.08793,25.11617],[-81.29033,25.68751],[-81.72949,25.90941],[-81.88251,26.40265],[-81.99812,26.53272],[-82.10567,26.48393],[-82.18381,26.6878],[-82.08209,26.6536],[-82.0538,26.9398],[-82.1831,26.93577],[-82.14626,26.78289],[-82.26194,26.71709],[-82.74575,27.53883],[-82.64135,27.52551],[-82.38585,27.81965],[-82.40261,27.8826],[-82.46189,27.9386],[-82.53389,27.83292],[-82.54421,27.95617],[-82.68674,28.0302],[-82.72586,27.93622],[-82.58763,27.81901],[-82.73465,27.61185],[-82.84913,27.8632],[-82.64427,28.58418],[-82.69601,28.93082],[-82.8139,29.1625],[-83.05654,29.12991],[-83.07726,29.25533],[-83.40025,29.51724],[-83.40858,29.66726],[-83.68079,29.92157],[-84.20559,30.11432],[-84.34175,29.97026],[-84.4376,29.98813],[-84.34907,29.89681],[-84.52181,29.91408],[-84.88803,29.72241],[-84.87766,29.79814],[-85.35151,29.66667],[-85.3753,29.69185],[-85.40429,29.76195],[-85.4175,29.82993],[-85.40713,29.86599],[-85.36078,29.67866],[-85.30084,29.79897],[-85.40505,29.93849],[-86.18874,30.33419],[-86.71306,30.39479],[-87.51832,30.28043],[-87.36659,30.43665],[-87.4477,30.51046],[-87.39618,30.65045],[-87.63484,30.86611]]]]}},{"type":"Feature","id":"13","properties":{"name":"Georgia","abbreviation":"GA","label_lon":-83.21321,"label_lat":32.75314},"geometry":{"type":"MultiPolygon","coordinates":[[[[-81.27188,31.3041],[-81.27716,31.31121],[-81.27066,31.31052],[-81.27188,31.3041]]],[[[-85.60516,34.98468],[-83.10287,34.99726],[-83.34137,34.68136],[-82.85884,34.45522],[-82.55684,33.94535],[-81.92634,33.46294],[-81.93974,33.34494],[-81.75414,33.15055],[-81.49225,33.00934],[-81.41812,32.62835],[-81.18695,32.46357],[-81.11537,32.1147],[-80.84346,32.02365],[-81.20357,31.71945],[-81.13114,31.69577],[-81.16036,31.57044],[-81.29826,31.5335],[-81.17873,31.5182],[-81.49365,30.97753],[-81.40341,30.95791],[-81.44412,30.70971],[-81.9495,30.82787],[-82.04479,30.72848],[-82.03682,30.37788],[-82.16176,30.35785],[-82.21484,30.56859],[-84.91352,30.75229],[-85.10752,31.18645],[-85.0413,31.54099],[-85.14183,31.83926],[-85.06114,32.13406],[-84.88908,32.26091],[-85.0071,32.32836],[-84.96303,32.42424],[-85.1844,32.86132],[-85.60516,34.98468]]]]}},{"type":"Feature","id":"16","properties":{"name":"Idaho","abbreviation":"ID","label_lon":-115.3114,"label_lat":45.31961},"geometry":{"type":"Polygon","coordinates":[[[-117.24268,44.39655],[-116.46364,45.60278],[-116.54664,45.75097],[-116.8598,45.90726],[-117.06263,46.35252],[-117.03235,48.99919],[-116.04942,49.00091],[-116.04911,47.97684],[-115.72279,47.69472],[-115.75566,47.5483],[-115.62997,47.47963],[-115.7593,47.42386],[-115.32015,47.2567],[-114.76727,46.69719],[-114.32112,46.64751],[-114.5271,46.14622],[-114.3873,45.88775],[-114.56646,45.77331],[-114.56497,45.55781],[-114.32958,45.45997],[-113.93526,45.69434],[-113.45204,45.05917],[-113.45507,44.86542],[-113.13183,44.77304],[-113.00506,44.45372],[-112.85509,44.35997],[-112.77984,44.48461],[-112.38734,44.4476],[-112.28604,44.56861],[-111.46827,44.53898],[-111.51617,44.64406],[-111.38511,44.7549],[-111.04897,44.47407],[-111.04671,42.0017],[-117.0262,41.99989],[-117.03288,43.83002],[-116.89408,44.16019],[-117.19815,44.27383],[-117.24268,44.39655]]]}},{"type":"Feature","id":"17","properties":{"name":"Illinois","abbreviation":"IL","label_lon":-89.48714,"label_lat":39.78769},"geometry":{"type":"Polygon","coordinates":[[[-91.51297,40.18106],[-91.37292,40.39911],[-91.40524,40.55464],[-91.12393,40.66915],[-90.96292,40.92496],[-90.94663,41.09663],[-91.11365,41.2414],[-91.04589,41.41408],[-90.46143,41.52353],[-90.18095,41.80935],[-90.1629,42.11672],[-90.64284,42.50848],[-87.80209,42.49258],[-87.82857,42.26992],[-87.52462,41.72352],[-87.53165,39.34806],[-87.65874,39.136],[-87.49608,38.74211],[-87.83898,38.28233],[-87.98762,38.25738],[-87.91143,38.16174],[-88.16019,37.65759],[-88.06412,37.49201],[-88.47022,37.39625],[-88.46059,37.0743],[-88.97471,37.22971],[-89.16809,37.07422],[-89.13268,36.9822],[-89.25493,37.07201],[-89.27863,36.98867],[-89.38164,37.04301],[-89.51834,37.2855],[-89.42105,37.38767],[-89.51426,37.68992],[-89.84265,37.9052],[-89.95059,37.88153],[-89.92508,37.96002],[-90.35956,38.22452],[-90.10941,38.84355],[-90.44008,38.96736],[-90.62848,38.89162],[-90.72996,39.25589],[-91.36775,39.72903],[-91.51297,40.18106]]]}},{"type":"Feature","id":"18","properties":{"name":"Indiana","abbreviation":"IN","label_lon":-86.17193,"label_lat":39.75626},"geometry":{"type":"Polygon","coordinates":[[[-88.09776,37.90403],[-88.01515,37.89079],[-88.04213,38.04635],[-87.91143,38.16174],[-87.98762,38.25738],[-87.83898,38.28233],[-87.49608,38.74211],[-87.65874,39.136],[-87.53165,39.34806],[-87.52416,41.70831],[-87.29902,41.61909],[-86.82483,41.76024],[-84.80588,41.76022],[-84.82016,39.10548],[-84.89691,39.05747],[-84.81288,38.78609],[-85.17305,38.68802],[-85.4363,38.72848],[-85.42244,38.53293],[-85.68356,38.29547],[-85.82922,38.27651],[-86.04231,37.95817],[-86.35772,38.19881],[-86.32385,38.13841],[-86.46325,38.11928],[-86.63827,37.84272],[-86.82007,37.99939],[-87.11101,37.78235],[-87.59002,37.97547],[-87.6154,37.83197],[-87.89806,37.92751],[-87.95259,37.77174],[-88.09776,37.90403]]]}},{"type":"Feature","id":"19","properties":{"name":"Iowa","abbreviation":"IA","label_lon":-93.19112,"label_lat":41.99032},"geometry":{"type":"Polygon","coordinates":[[[-96.63836,42.7355],[-96.43659,43.12084],[-96.58522,43.26888],[-96.59893,43.50046],[-91.21771,43.50055],[-91.20662,43.35252],[-91.05792,43.25537],[-91.17946,43.06743],[-91.06468,42.75091],[-90.7063,42.63417],[-90.39111,42.22547],[-90.16753,42.12248],[-90.18095,41.80935],[-90.46143,41.52353],[-91.04589,41.41408],[-91.11365,41.2414],[-90.94663,41.09663],[-90.95223,40.95405],[-91.12393,40.66915],[-91.40148,40.55946],[-91.41942,40.37826],[-91.72911,40.61364],[-95.76565,40.58521],[-95.88891,40.73186],[-95.84129,41.175],[-95.92599,41.1957],[-95.92253,41.45577],[-96.09659,41.5454],[-96.12951,41.97167],[-96.27143,42.04499],[-96.38601,42.47449],[-96.63836,42.7355]]]}},{"type":"Feature","id":"20","properties":{"name":"Kansas","abbreviation":"KS","label_lon":-98.33218,"label_lat":38.5568},"geometry":{"type":"Polygon","coordinates":[[[-102.05174,40.00308],[-95.30829,40.0],[-95.09016,39.86314],[-94.94387,39.89813],[-94.86294,39.74299],[-94.96532,39.73906],[-95.1093,39.54228],[-94.88503,39.3898],[-94.82379,39.20987],[-94.58841,39.14987],[-94.61796,36.9989],[-98.2195,36.99782],[-102.04209,36.99302],[-102.05174,40.00308]]]}},{"type":"Feature","id":"21","properties":{"name":"Kentucky","abbreviation":"KY","label_lon":-84.61309,"label_lat":37.63689},"geometry":{"type":"MultiPolygon","coordinates":[[[[-89.40565,36.52817],[-89.36555,36.62506],[-89.23654,36.56682],[-89.15908,36.66635],[-89.09901,36.96139],[-89.18137,37.0463],[-89.02998,37.21114],[-88.46059,37.0743],[-88.47659,37.38687],[-88.06784,37.48587],[-88.15937,37.66185],[-87.90681,37.80762],[-87.90479,37.92489],[-87.67913,37.90295],[-87.64586,37.8259],[-87.59617,37.97486],[-87.41333,37.94471],[-87.11101,37.78235],[-86.82007,37.99939],[-86.63827,37.84272],[-86.46325,38.11928],[-86.32385,38.13841],[-86.35772,38.19881],[-86.2672,38.0568],[-86.03819,37.95959],[-85.82922,38.27651],[-85.68356,38.29547],[-85.42244,38.53293],[-85.4363,38.72848],[-85.17305,38.68802],[-84.81288,38.78609],[-84.89691,39.05747],[-84.75075,39.14736],[-84.62011,39.07346],[-84.44979,39.11775],[-84.2129,38.80571],[-83.87317,38.76242],[-83.67144,38.62738],[-83.52095,38.70305],[-83.29419,38.59659],[-82.87949,38.75148],[-82.84431,38.59086],[-82.60409,38.45984],[-82.64474,38.16549],[-82.5022,37.93305],[-82.30395,37.67576],[-81.96497,37.54303],[-82.7221,37.12017],[-82.87857,36.88958],[-83.07259,36.85459],[-83.13639,36.74309],[-83.69071,36.58258],[-88.07053,36.67812],[-88.05321,36.49713],[-89.40565,36.52817]]],[[[-89.53923,36.49793],[-89.48089,36.56977],[-89.48543,36.49749],[-89.53923,36.49793]]]]}},{"type":"Feature","id":"22","properties":{"name":"Louisiana","abbreviation":"LA","label_lon":-92.56587,"label_lat":31.06827},"geometry":{"type":"MultiPolygon","coordinates":[[[[-88.86514,29.84847],[-88.86271,29.85678],[-88.86233,29.8462],[-88.86514,29.84847]]],[[[-88.87607,29.87502],[-88.87831,29.87702],[-88.87531,29.88195],[-88.87607,29.87502]]],[[[-88.87048,30.04921],[-88.83373,29.99882],[-88.81702,29.93425],[-88.83271,29.82406],[-88.87509,29.75982],[-88.82825,29.92072],[-88.87048,30.04921]]],[[[-89.2489,29.82316],[-89.2495,29.82865],[-89.2455,29.8266],[-89.2489,29.82316]]],[[[-89.29335,29.99474],[-89.28777,29.99958],[-89.28991,29.99516],[-89.29335,29.99474]]],[[[-89.29697,29.38251],[-89.29996,29.38518],[-89.29832,29.38543],[-89.29697,29.38251]]],[[[-89.32663,29.94698],[-89.32223,29.95418],[-89.31938,29.94893],[-89.32663,29.94698]]],[[[-89.334,29.95913],[-89.33566,29.96283],[-89.33221,29.96242],[-89.334,29.95913]]],[[[-89.33673,29.98795],[-89.33958,29.99402],[-89.33673,29.99423],[-89.33673,29.98795]]],[[[-89.20158,30.00143],[-89.31875,30.06514],[-89.18572,30.157],[-89.20158,30.00143]]],[[[-89.34041,29.97622],[-89.34576,29.97694],[-89.3435,29.98126],[-89.34041,29.97622]]],[[[-89.36252,29.92267],[-89.35776,29.934],[-89.35622,29.91989],[-89.36252,29.92267]]],[[[-89.35337,29.9618],[-89.36204,29.96232],[-89.36442,29.98002],[-89.35337,29.9618]]],[[[-89.37844,30.00421],[-89.37975,30.01461],[-89.36477,30.00905],[-89.37844,30.00421]]],[[[-89.42903,30.12856],[-89.44209,30.14437],[-89.41769,30.14368],[-89.42903,30.12856]]],[[[-89.57602,29.57407],[-89.56913,29.57521],[-89.5702,29.57345],[-89.57602,29.57407]]],[[[-89.59967,29.50759],[-89.57519,29.54989],[-89.56462,29.54379],[-89.59967,29.50759]]],[[[-89.64329,29.55371],[-89.64103,29.55909],[-89.64139,29.55412],[-89.64329,29.55371]]],[[[-89.64364,29.56405],[-89.63711,29.56922],[-89.63033,29.5687],[-89.64364,29.56405]]],[[[-89.66611,29.5504],[-89.66337,29.55609],[-89.6579,29.54709],[-89.66611,29.5504]]],[[[-89.88346,29.3071],[-89.89024,29.32389],[-89.86124,29.31166],[-89.88346,29.3071]]],[[[-89.94422,29.27172],[-89.94302,29.27653],[-89.90659,29.29664],[-89.94422,29.27172]]],[[[-89.95793,29.30247],[-89.95976,29.30678],[-89.95698,29.30366],[-89.95793,29.30247]]],[[[-89.97948,29.27756],[-89.96689,29.28264],[-89.96713,29.27145],[-89.97948,29.27756]]],[[[-89.98159,29.3088],[-89.97034,29.31691],[-89.97316,29.30102],[-89.98159,29.3088]]],[[[-90.02144,29.23972],[-90.01454,29.25092],[-90.00801,29.23951],[-90.02144,29.23972]]],[[[-90.0269,29.26004],[-90.02262,29.2672],[-90.01989,29.26492],[-90.0269,29.26004]]],[[[-90.04266,29.20266],[-89.98816,29.26015],[-89.94968,29.26488],[-89.95564,29.25277],[-90.04266,29.20266]]],[[[-90.32856,29.06525],[-90.3216,29.07086],[-90.31931,29.06989],[-90.32856,29.06525]]],[[[-90.34765,29.17769],[-90.3448,29.18789],[-90.33803,29.18942],[-90.34765,29.17769]]],[[[-90.35603,29.10193],[-90.35181,29.10752],[-90.34314,29.10618],[-90.35603,29.10193]]],[[[-90.3467,29.11708],[-90.35145,29.13109],[-90.33958,29.12672],[-90.3467,29.11708]]],[[[-90.41087,29.20269],[-90.41075,29.21068],[-90.40778,29.20394],[-90.41087,29.20269]]],[[[-90.44142,29.25206],[-90.4394,29.25683],[-90.43512,29.25341],[-90.44142,29.25206]]],[[[-90.55032,29.09214],[-90.47006,29.06688],[-90.42366,29.06086],[-90.47332,29.05949],[-90.55032,29.09214]]],[[[-90.61872,29.19533],[-90.61433,29.19626],[-90.61338,29.19315],[-90.61872,29.19533]]],[[[-90.7409,29.04679],[-90.71178,29.06233],[-90.66167,29.06261],[-90.7409,29.04679]]],[[[-90.83433,29.04492],[-90.84391,29.05005],[-90.80616,29.05379],[-90.83433,29.04492]]],[[[-90.92649,29.04912],[-90.92637,29.05153],[-90.91553,29.04987],[-90.92649,29.04912]]],[[[-91.04013,29.18869],[-91.03633,29.19025],[-91.03633,29.18765],[-91.04013,29.18869]]],[[[-92.03185,29.57763],[-91.90315,29.63735],[-91.70813,29.56884],[-91.82158,29.47393],[-92.03185,29.57763]]],[[[-94.04183,31.9924],[-94.04296,33.01922],[-91.16609,33.00429],[-91.17024,32.89939],[-91.09693,32.98641],[-91.16533,32.7513],[-91.05475,32.71923],[-91.15132,32.61592],[-91.01429,32.64048],[-91.0804,32.55644],[-90.9872,32.49566],[-91.09374,32.54913],[-91.11601,32.48314],[-90.96959,32.43949],[-90.99362,32.35405],[-90.87563,32.37243],[-90.99516,32.19212],[-91.16417,32.19689],[-91.16282,32.13269],[-91.00411,32.14615],[-91.16031,32.07035],[-91.07591,32.01683],[-91.25561,31.81266],[-91.34571,31.84286],[-91.36553,31.76163],[-91.26341,31.75447],[-91.3718,31.74295],[-91.40102,31.62037],[-91.51546,31.63037],[-91.40542,31.57647],[-91.52254,31.52208],[-91.47887,31.36496],[-91.57627,31.4105],[-91.51561,31.27821],[-91.65403,31.25575],[-91.55991,31.05412],[-91.63694,30.99942],[-89.72962,31.00393],[-89.85189,30.6612],[-89.52809,30.18898],[-89.85456,29.98279],[-89.65003,29.86214],[-89.48442,30.07883],[-89.37268,30.04984],[-89.45777,29.99819],[-89.37006,29.89213],[-89.22788,29.97048],[-89.34197,29.88314],[-89.24119,29.88511],[-89.27092,29.85209],[-89.3857,29.83549],[-89.28574,29.76339],[-89.3947,29.79015],[-89.44565,29.65188],[-89.52489,29.72657],[-89.50049,29.63415],[-89.66165,29.64645],[-89.60127,29.58361],[-89.68449,29.6248],[-89.68345,29.54927],[-89.52278,29.45618],[-89.56129,29.39521],[-89.18783,29.34203],[-89.122,29.20208],[-89.02597,29.21515],[-89.14287,28.99162],[-89.25173,29.08317],[-89.41987,28.92971],[-89.29503,29.19887],[-89.39965,29.12368],[-89.63966,29.29053],[-89.84264,29.31882],[-89.59545,29.35602],[-89.85197,29.47573],[-89.99178,29.45063],[-89.97889,29.34699],[-90.10807,29.26502],[-90.04785,29.18958],[-90.22287,29.08707],[-90.44023,29.34937],[-90.83611,29.06606],[-90.95243,29.18329],[-91.28832,29.25574],[-91.33977,29.30982],[-91.26545,29.36098],[-91.16777,29.23443],[-91.12629,29.33342],[-91.2664,29.47609],[-91.54138,29.52633],[-91.6279,29.74108],[-91.88075,29.71084],[-91.83081,29.82927],[-92.20331,29.7534],[-92.10575,29.61181],[-92.03457,29.63154],[-92.0089,29.61294],[-92.32347,29.5315],[-93.21344,29.77562],[-93.83797,29.69062],[-93.92799,29.80964],[-93.6994,30.05925],[-93.74025,30.53957],[-93.50829,31.03235],[-93.71158,31.51279],[-93.83492,31.58621],[-93.82344,31.7751],[-94.04183,31.9924]]]]}},{"type":"Feature","id":"23","properties":{"name":"Maine","abbreviation":"ME","label_lon":-68.87153,"label_lat":45.07638},"geometry":{"type":"MultiPolygon","coordinates":[[[[-67.30803,44.59716],[-67.3014,44.62361],[-67.26099,44.60866],[-67.30803,44.59716]]],[[[-67.33441,44.64852],[-67.32724,44.65127],[-67.33015,44.64767],[-67.33441,44.64852]]],[[[-67.33393,44.67794],[-67.33298,44.68284],[-67.33013,44.68385],[-67.33393,44.67794]]],[[[-67.3539,44.64108],[-67.35437,44.64463],[-67.35223,44.6448],[-67.3539,44.64108]]],[[[-67.35528,44.57618],[-67.35556,44.58372],[-67.35058,44.58416],[-67.35528,44.57618]]],[[[-67.35675,44.64683],[-67.36103,44.65207],[-67.35675,44.65393],[-67.35675,44.64683]]],[[[-67.3672,44.56742],[-67.36245,44.5739],[-67.36142,44.57306],[-67.3672,44.56742]]],[[[-67.35604,44.66357],[-67.36412,44.66762],[-67.35033,44.66932],[-67.35604,44.66357]]],[[[-67.36666,44.59966],[-67.37267,44.59862],[-67.36856,44.60193],[-67.36666,44.59966]]],[[[-67.39026,44.59574],[-67.38836,44.60319],[-67.38556,44.6039],[-67.39026,44.59574]]],[[[-67.39588,44.57245],[-67.3943,44.57644],[-67.39216,44.57441],[-67.39588,44.57245]]],[[[-67.3974,44.58485],[-67.39335,44.58965],[-67.39605,44.58321],[-67.3974,44.58485]]],[[[-67.40804,44.56901],[-67.40356,44.57512],[-67.40619,44.56798],[-67.40804,44.56901]]],[[[-67.4294,44.5965],[-67.42686,44.59879],[-67.4278,44.59526],[-67.4294,44.5965]]],[[[-67.43518,44.55561],[-67.43343,44.55892],[-67.43162,44.55731],[-67.43518,44.55561]]],[[[-67.46056,44.56965],[-67.45768,44.57546],[-67.45372,44.57238],[-67.46056,44.56965]]],[[[-67.47424,44.56665],[-67.47138,44.56909],[-67.46965,44.56798],[-67.47424,44.56665]]],[[[-67.48156,44.56007],[-67.48105,44.56505],[-67.47844,44.5651],[-67.48156,44.56007]]],[[[-67.49151,44.60166],[-67.49032,44.60437],[-67.48652,44.60015],[-67.49151,44.60166]]],[[[-67.50387,44.61706],[-67.50435,44.62281],[-67.49769,44.62146],[-67.50387,44.61706]]],[[[-67.53382,44.52916],[-67.53297,44.53288],[-67.5292,44.53199],[-67.53382,44.52916]]],[[[-67.51841,44.55424],[-67.49034,44.58659],[-67.49175,44.55612],[-67.51841,44.55424]]],[[[-67.54523,44.49563],[-67.51603,44.50665],[-67.53537,44.47235],[-67.54523,44.49563]]],[[[-67.59995,44.44175],[-67.6018,44.44475],[-67.59562,44.44408],[-67.59995,44.44175]]],[[[-67.61422,44.44884],[-67.6056,44.44593],[-67.60869,44.44356],[-67.61422,44.44884]]],[[[-67.5892,44.44729],[-67.57731,44.52173],[-67.57421,44.45173],[-67.5892,44.44729]]],[[[-67.61843,44.46018],[-67.61653,44.46341],[-67.61582,44.46137],[-67.61843,44.46018]]],[[[-67.63151,44.48766],[-67.63293,44.49919],[-67.6296,44.49868],[-67.63151,44.48766]]],[[[-67.64173,44.50461],[-67.64482,44.51749],[-67.62556,44.51326],[-67.64173,44.50461]]],[[[-67.66098,44.51156],[-67.65932,44.51597],[-67.6586,44.51309],[-67.66098,44.51156]]],[[[-67.66524,44.52166],[-67.665,44.53149],[-67.65858,44.53082],[-67.66524,44.52166]]],[[[-67.67189,44.48776],[-67.66429,44.49505],[-67.66286,44.49438],[-67.67189,44.48776]]],[[[-67.67522,44.46606],[-67.67265,44.47329],[-67.67379,44.46555],[-67.67522,44.46606]]],[[[-67.66952,44.46063],[-67.66986,44.46352],[-67.66857,44.46266],[-67.66952,44.46063]]],[[[-67.67317,44.47588],[-67.67379,44.48166],[-67.6639,44.48479],[-67.67317,44.47588]]],[[[-67.69858,44.48505],[-67.69305,44.48641],[-67.69265,44.48365],[-67.69858,44.48505]]],[[[-67.70864,44.46073],[-67.70435,44.4606],[-67.70683,44.45689],[-67.70864,44.46073]]],[[[-67.74084,44.46641],[-67.73226,44.46741],[-67.73773,44.463],[-67.74084,44.46641]]],[[[-67.74746,44.46377],[-67.74296,44.46521],[-67.7451,44.46232],[-67.74746,44.46377]]],[[[-67.75155,44.49485],[-67.75672,44.49775],[-67.753,44.50509],[-67.75155,44.49485]]],[[[-67.76221,44.52929],[-67.7596,44.53302],[-67.75888,44.53132],[-67.76221,44.52929]]],[[[-67.76744,44.53437],[-67.76126,44.53742],[-67.76387,44.53437],[-67.76744,44.53437]]],[[[-67.79596,44.47618],[-67.7798,44.47708],[-67.78408,44.47284],[-67.79596,44.47618]]],[[[-67.80428,44.51387],[-67.80404,44.51912],[-67.8024,44.51295],[-67.80428,44.51387]]],[[[-67.80618,44.4859],[-67.79121,44.49387],[-67.79667,44.48285],[-67.80618,44.4859]]],[[[-67.82173,44.44219],[-67.82409,44.44564],[-67.82232,44.44628],[-67.82173,44.44219]]],[[[-67.8328,44.51997],[-67.82567,44.54081],[-67.82425,44.5176],[-67.8328,44.51997]]],[[[-67.83209,44.47962],[-67.82615,44.49065],[-67.82258,44.48725],[-67.83209,44.47962]]],[[[-67.82591,44.54505],[-67.83613,44.55216],[-67.82591,44.54945],[-67.82591,44.54505]]],[[[-67.83848,44.45095],[-67.83063,44.45665],[-67.83641,44.45097],[-67.83848,44.45095]]],[[[-67.85396,44.44807],[-67.84991,44.45299],[-67.84611,44.44756],[-67.85396,44.44807]]],[[[-67.86598,44.36627],[-67.87133,44.37466],[-67.86439,44.36679],[-67.86598,44.36627]]],[[[-67.86893,44.42041],[-67.86655,44.45689],[-67.85514,44.41871],[-67.86893,44.42041]]],[[[-68.03436,44.32782],[-68.02913,44.33598],[-68.0315,44.3251],[-68.03436,44.32782]]],[[[-68.10328,44.35824],[-68.0971,44.36198],[-68.09472,44.35145],[-68.10328,44.35824]]],[[[-68.13822,44.41735],[-68.12063,44.41447],[-68.12111,44.40649],[-68.13822,44.41735]]],[[[-68.14012,44.4255],[-68.13465,44.45011],[-68.1299,44.44926],[-68.14012,44.4255]]],[[[-68.13394,44.37931],[-68.14777,44.39244],[-68.12943,44.40479],[-68.13394,44.37931]]],[[[-68.15177,44.45825],[-68.15414,44.46504],[-68.14559,44.4574],[-68.15177,44.45825]]],[[[-68.16579,44.40037],[-68.15937,44.41209],[-68.15462,44.41345],[-68.16579,44.40037]]],[[[-68.17649,44.40258],[-68.17839,44.40734],[-68.17577,44.40564],[-68.17649,44.40258]]],[[[-68.18195,44.38526],[-68.17873,44.38839],[-68.17791,44.38645],[-68.18195,44.38526]]],[[[-68.1917,44.46741],[-68.17387,44.46724],[-68.16627,44.463],[-68.1917,44.46741]]],[[[-68.1917,44.39885],[-68.19479,44.40156],[-68.19086,44.40123],[-68.1917,44.39885]]],[[[-68.19898,44.2367],[-68.1977,44.24635],[-68.19307,44.23901],[-68.19898,44.2367]]],[[[-68.20643,44.49302],[-68.20097,44.49404],[-68.20121,44.49065],[-68.20643,44.49302]]],[[[-68.20976,44.47386],[-68.20453,44.47742],[-68.20382,44.47505],[-68.20976,44.47386]]],[[[-68.21095,44.39681],[-68.20263,44.40037],[-68.20218,44.39744],[-68.21095,44.39681]]],[[[-68.23138,44.2561],[-68.23526,44.2663],[-68.21137,44.25685],[-68.23138,44.2561]]],[[[-68.24548,44.17023],[-68.24202,44.17666],[-68.23923,44.1746],[-68.24548,44.17023]]],[[[-68.2498,44.14395],[-68.24232,44.15738],[-68.24643,44.14121],[-68.2498,44.14395]]],[[[-68.26324,44.27032],[-68.24827,44.27696],[-68.24565,44.27424],[-68.26324,44.27032]]],[[[-68.27061,44.28325],[-68.26562,44.28496],[-68.26609,44.28274],[-68.27061,44.28325]]],[[[-68.27443,44.2371],[-68.25064,44.25756],[-68.24891,44.23544],[-68.27443,44.2371]]],[[[-68.30293,44.27696],[-68.29342,44.27866],[-68.29105,44.27594],[-68.30293,44.27696]]],[[[-68.33644,44.19028],[-68.33336,44.20868],[-68.31434,44.1976],[-68.33644,44.19028]]],[[[-68.34167,44.42856],[-68.33716,44.43568],[-68.33454,44.43263],[-68.34167,44.42856]]],[[[-68.3488,44.16744],[-68.33882,44.18465],[-68.33977,44.17033],[-68.3488,44.16744]]],[[[-68.3642,44.12421],[-68.36339,44.12748],[-68.36151,44.12742],[-68.3642,44.12421]]],[[[-68.37257,44.14322],[-68.36972,44.14544],[-68.37186,44.13793],[-68.37257,44.14322]]],[[[-68.36674,44.09739],[-68.35038,44.12843],[-68.33047,44.10923],[-68.36674,44.09739]]],[[[-68.37043,44.18022],[-68.36034,44.19882],[-68.34976,44.19539],[-68.37043,44.18022]]],[[[-68.38339,44.14176],[-68.37709,44.14476],[-68.38089,44.13913],[-68.38339,44.14176]]],[[[-68.39064,44.40326],[-68.38921,44.41328],[-68.38422,44.40632],[-68.39064,44.40326]]],[[[-68.40371,44.10773],[-68.40456,44.11142],[-68.40133,44.11132],[-68.40371,44.10773]]],[[[-68.43659,44.29195],[-68.43009,44.28819],[-68.43205,44.2859],[-68.43659,44.29195]]],[[[-68.45576,44.29976],[-68.44815,44.312],[-68.44887,44.29755],[-68.45576,44.29976]]],[[[-68.43176,44.32425],[-68.45009,44.35732],[-68.42082,44.37524],[-68.43176,44.32425]]],[[[-68.45838,44.25415],[-68.45505,44.25892],[-68.45338,44.25619],[-68.45838,44.25415]]],[[[-68.46978,44.21311],[-68.46788,44.21618],[-68.46503,44.20987],[-68.46978,44.21311]]],[[[-68.45918,44.19768],[-68.46479,44.20698],[-68.45384,44.20168],[-68.45918,44.19768]]],[[[-68.47301,44.0982],[-68.47273,44.10296],[-68.46978,44.10142],[-68.47301,44.0982]]],[[[-68.47953,44.21975],[-68.47596,44.23116],[-68.46883,44.22248],[-68.47953,44.21975]]],[[[-68.4724,44.20306],[-68.48612,44.21343],[-68.47668,44.21498],[-68.4724,44.20306]]],[[[-68.48657,44.2691],[-68.46931,44.27049],[-68.46883,44.26351],[-68.48657,44.2691]]],[[[-68.50377,44.14561],[-68.49783,44.14305],[-68.50095,44.14156],[-68.50377,44.14561]]],[[[-68.43852,44.11618],[-68.45148,44.19164],[-68.38327,44.15584],[-68.43852,44.11618]]],[[[-68.50361,44.09657],[-68.50698,44.12724],[-68.49093,44.12344],[-68.50361,44.09657]]],[[[-68.47879,44.31956],[-68.51857,44.38102],[-68.50766,44.38522],[-68.47879,44.31956]]],[[[-68.54489,44.22026],[-68.54988,44.22844],[-68.52828,44.2252],[-68.54489,44.22026]]],[[[-68.55919,44.04062],[-68.55504,44.04923],[-68.55596,44.03947],[-68.55919,44.04062]]],[[[-68.56462,44.21192],[-68.56795,44.21771],[-68.55963,44.21311],[-68.56462,44.21192]]],[[[-68.5765,44.09519],[-68.57574,44.10152],[-68.57127,44.09997],[-68.5765,44.09519]]],[[[-68.58506,44.14245],[-68.58245,44.14954],[-68.57866,44.14819],[-68.58506,44.14245]]],[[[-68.5872,44.2264],[-68.58149,44.23236],[-68.57603,44.22929],[-68.5872,44.2264]]],[[[-68.59314,44.06343],[-68.5841,44.07159],[-68.59055,44.05866],[-68.59314,44.06343]]],[[[-68.59884,44.14467],[-68.59338,44.14518],[-68.59504,44.14228],[-68.59884,44.14467]]],[[[-68.60693,44.17605],[-68.59671,44.17758],[-68.59682,44.17556],[-68.60693,44.17605]]],[[[-68.60859,44.13717],[-68.60241,44.14211],[-68.6055,44.13546],[-68.60859,44.13717]]],[[[-68.60956,44.1482],[-68.61738,44.15644],[-68.61334,44.15763],[-68.60956,44.1482]]],[[[-68.62356,44.14058],[-68.61762,44.14228],[-68.61714,44.13665],[-68.62356,44.14058]]],[[[-68.61898,44.11955],[-68.61881,44.13034],[-68.60811,44.12864],[-68.61898,44.11955]]],[[[-68.6345,44.13614],[-68.62689,44.13529],[-68.62689,44.13375],[-68.6345,44.13614]]],[[[-68.63378,44.14501],[-68.63093,44.15286],[-68.6238,44.14791],[-68.63378,44.14501]]],[[[-68.63983,44.1236],[-68.63378,44.13],[-68.62974,44.12881],[-68.63983,44.1236]]],[[[-68.64448,44.13102],[-68.64472,44.13597],[-68.64115,44.13546],[-68.64448,44.13102]]],[[[-68.644,44.14859],[-68.64781,44.152],[-68.64068,44.15269],[-68.644,44.14859]]],[[[-68.65256,44.14109],[-68.64852,44.14552],[-68.64899,44.14297],[-68.65256,44.14109]]],[[[-68.65161,44.12642],[-68.65137,44.12966],[-68.65042,44.12812],[-68.65161,44.12642]]],[[[-68.65127,44.10142],[-68.64123,44.10858],[-68.63717,44.09941],[-68.65127,44.10142]]],[[[-68.65703,44.00382],[-68.60859,44.09434],[-68.6017,44.01251],[-68.65703,44.00382]]],[[[-68.686,44.28588],[-68.68341,44.28774],[-68.68341,44.28581],[-68.686,44.28588]]],[[[-68.68633,44.27213],[-68.68567,44.27705],[-68.6845,44.27242],[-68.68633,44.27213]]],[[[-68.66624,44.13495],[-68.67062,44.27985],[-68.56414,44.19164],[-68.60241,44.21038],[-68.66624,44.13495]]],[[[-68.71102,44.27412],[-68.69478,44.29161],[-68.6899,44.27626],[-68.71102,44.27412]]],[[[-68.74848,44.29897],[-68.74754,44.30067],[-68.74771,44.29907],[-68.74848,44.29897]]],[[[-68.74184,43.88301],[-68.74369,43.88563],[-68.73173,43.89349],[-68.74184,43.88301]]],[[[-68.75396,44.26259],[-68.73931,44.26896],[-68.73052,44.26266],[-68.75396,44.26259]]],[[[-68.7607,44.23985],[-68.75999,44.24768],[-68.74977,44.24291],[-68.7607,44.23985]]],[[[-68.77996,44.20101],[-68.77442,44.2194],[-68.76837,44.21844],[-68.77996,44.20101]]],[[[-68.79222,44.13683],[-68.78637,44.14412],[-68.78114,44.14493],[-68.79222,44.13683]]],[[[-68.79523,44.28049],[-68.79374,44.287],[-68.78518,44.28411],[-68.79523,44.28049]]],[[[-68.79706,44.22382],[-68.78796,44.23482],[-68.78119,44.22626],[-68.79706,44.22382]]],[[[-68.80254,44.13742],[-68.80087,44.14407],[-68.79136,44.14697],[-68.80254,44.13742]]],[[[-68.81347,44.29465],[-68.8044,44.29355],[-68.8004,44.2887],[-68.81347,44.29465]]],[[[-68.81917,44.2904],[-68.82283,44.29311],[-68.81751,44.29329],[-68.81917,44.2904]]],[[[-68.808,44.13725],[-68.82393,44.13964],[-68.80563,44.14288],[-68.808,44.13725]]],[[[-68.80967,43.85693],[-68.81584,43.86156],[-68.81116,43.86021],[-68.80967,43.85693]]],[[[-68.8239,44.25713],[-68.82438,44.26217],[-68.81632,44.25841],[-68.8239,44.25713]]],[[[-68.82226,44.21822],[-68.82602,44.22019],[-68.82488,44.22606],[-68.82226,44.21822]]],[[[-68.8187,44.2264],[-68.82762,44.24035],[-68.81822,44.24326],[-68.8187,44.2264]]],[[[-68.85129,44.2331],[-68.85068,44.23671],[-68.85233,44.22866],[-68.85129,44.2331]]],[[[-68.86305,44.25778],[-68.85887,44.26062],[-68.86209,44.25521],[-68.86305,44.25778]]],[[[-68.89143,44.02986],[-68.88905,44.03943],[-68.88431,44.03078],[-68.89143,44.02986]]],[[[-68.88672,43.8222],[-68.89109,43.83552],[-68.87764,43.83842],[-68.88672,43.8222]]],[[[-68.87883,43.8583],[-68.90238,43.86917],[-68.89007,43.8755],[-68.87883,43.8583]]],[[[-68.90854,44.05805],[-68.89428,44.06488],[-68.89523,44.04934],[-68.90854,44.05805]]],[[[-68.86284,44.02504],[-68.83961,44.13196],[-68.77449,44.06437],[-68.86284,44.02504]]],[[[-68.91211,44.04148],[-68.91044,44.0531],[-68.90633,44.04487],[-68.91211,44.04148]]],[[[-68.92161,44.27228],[-68.9026,44.3245],[-68.88008,44.39309],[-68.93024,44.23096],[-68.92161,44.27228]]],[[[-68.80468,44.148],[-68.91591,44.14902],[-68.82471,44.18613],[-68.80468,44.148]]],[[[-68.93968,44.22648],[-68.94039,44.24487],[-68.93183,44.24862],[-68.93968,44.22648]]],[[[-68.96154,44.18951],[-68.9644,44.20076],[-68.95346,44.20825],[-68.96154,44.18951]]],[[[-68.94586,44.24828],[-68.9481,44.27768],[-68.93635,44.27568],[-68.94586,44.24828]]],[[[-68.9841,44.1721],[-68.97961,44.17553],[-68.98243,44.17143],[-68.9841,44.1721]]],[[[-69.01288,43.90096],[-69.0078,43.90728],[-69.0048,43.9013],[-69.01288,43.90096]]],[[[-69.03546,43.9114],[-69.03166,43.91688],[-69.02976,43.91534],[-69.03546,43.9114]]],[[[-69.03618,44.07436],[-69.04378,44.08204],[-69.03809,44.08584],[-69.03618,44.07436]]],[[[-69.05159,44.06301],[-69.04283,44.06821],[-69.04806,44.06036],[-69.05159,44.06301]]],[[[-69.05471,43.99285],[-69.04904,44.01113],[-69.04259,44.00704],[-69.05471,43.99285]]],[[[-69.07159,44.00482],[-69.06265,44.01493],[-69.05614,44.01217],[-69.07159,44.00482]]],[[[-69.07228,44.03662],[-69.07135,44.04293],[-69.06683,44.04054],[-69.07228,44.03662]]],[[[-69.08313,43.98152],[-69.0728,43.98121],[-69.07848,43.97301],[-69.08313,43.98152]]],[[[-69.06964,43.98591],[-69.08086,43.98892],[-69.0666,43.99696],[-69.06964,43.98591]]],[[[-69.12055,43.87167],[-69.12792,43.89496],[-69.11894,43.89826],[-69.12055,43.87167]]],[[[-69.2202,43.91494],[-69.22252,43.92544],[-69.21294,43.9214],[-69.2202,43.91494]]],[[[-69.29536,43.86259],[-69.28348,43.87372],[-69.2825,43.86458],[-69.29536,43.86259]]],[[[-69.29934,43.93291],[-69.29299,43.94239],[-69.28586,43.93143],[-69.29934,43.93291]]],[[[-69.31552,43.91361],[-69.3074,43.91811],[-69.30986,43.90627],[-69.31552,43.91361]]],[[[-69.31367,43.8912],[-69.3141,43.90227],[-69.30796,43.89102],[-69.31367,43.8912]]],[[[-69.31083,43.85949],[-69.31857,43.87971],[-69.31525,43.88283],[-69.31083,43.85949]]],[[[-69.31433,43.75671],[-69.31363,43.77276],[-69.30299,43.77459],[-69.31433,43.75671]]],[[[-69.34646,43.92253],[-69.34314,43.93486],[-69.34058,43.93385],[-69.34646,43.92253]]],[[[-69.38307,43.90113],[-69.37166,43.91449],[-69.38354,43.89565],[-69.38307,43.90113]]],[[[-69.39329,43.95642],[-69.39483,43.96487],[-69.38735,43.9672],[-69.39329,43.95642]]],[[[-69.42894,43.91654],[-69.42205,43.92305],[-69.42728,43.91226],[-69.42894,43.91654]]],[[[-69.42015,43.93588],[-69.4394,43.93914],[-69.43298,43.95214],[-69.42015,43.93588]]],[[[-69.58153,43.77186],[-69.58624,43.77987],[-69.58292,43.7791],[-69.58153,43.77186]]],[[[-69.60303,43.7903],[-69.5996,43.80326],[-69.59389,43.80412],[-69.60303,43.7903]]],[[[-69.61396,43.75108],[-69.61077,43.7789],[-69.6053,43.78027],[-69.61396,43.75108]]],[[[-69.62673,43.80516],[-69.633,43.81258],[-69.62879,43.81372],[-69.62673,43.80516]]],[[[-69.76003,43.70558],[-69.75432,43.71004],[-69.75718,43.70334],[-69.76003,43.70558]]],[[[-69.93901,43.72383],[-69.93734,43.73083],[-69.93116,43.72413],[-69.93901,43.72383]]],[[[-69.99034,43.8319],[-69.99034,43.84253],[-69.98654,43.84356],[-69.99034,43.8319]]],[[[-70.00413,43.81493],[-70.01435,43.82316],[-69.99985,43.8295],[-70.00413,43.81493]]],[[[-70.03122,43.71468],[-70.02884,43.72636],[-70.021,43.72465],[-70.03122,43.71468]]],[[[-70.04239,43.7825],[-70.03692,43.80137],[-70.02981,43.81112],[-70.04239,43.7825]]],[[[-70.04667,43.72018],[-70.04287,43.72825],[-70.04001,43.72877],[-70.04667,43.72018]]],[[[-70.06132,43.7421],[-70.05,43.76105],[-70.04477,43.76482],[-70.06132,43.7421]]],[[[-70.05333,43.76517],[-70.06022,43.76723],[-70.05499,43.77066],[-70.05333,43.76517]]],[[[-70.07448,43.77993],[-70.07163,43.78748],[-70.06355,43.78902],[-70.07448,43.77993]]],[[[-70.06996,43.79674],[-70.07091,43.80326],[-70.06664,43.80429],[-70.06996,43.79674]]],[[[-70.07928,43.70699],[-70.07876,43.7152],[-70.0721,43.71896],[-70.07928,43.70699]]],[[[-70.08422,43.71417],[-70.08375,43.72052],[-70.07971,43.72087],[-70.08422,43.71417]]],[[[-70.09587,43.72155],[-70.0904,43.73134],[-70.08636,43.73237],[-70.09587,43.72155]]],[[[-70.09604,43.67228],[-70.09285,43.68784],[-70.08726,43.69103],[-70.09604,43.67228]]],[[[-70.10202,43.77681],[-70.09604,43.78838],[-70.08965,43.78519],[-70.10202,43.77681]]],[[[-70.0937,43.6918],[-70.10068,43.70596],[-70.09311,43.71052],[-70.0937,43.6918]]],[[[-70.12225,43.70008],[-70.11584,43.7097],[-70.11179,43.71004],[-70.12225,43.70008]]],[[[-70.12492,43.79077],[-70.12343,43.79391],[-70.12221,43.79378],[-70.12492,43.79077]]],[[[-70.12716,43.70829],[-70.12582,43.74545],[-70.09783,43.7585],[-70.10733,43.72541],[-70.12716,43.70829]]],[[[-70.1467,43.70889],[-70.14898,43.71455],[-70.14446,43.71352],[-70.1467,43.70889]]],[[[-70.11821,43.76208],[-70.14554,43.77581],[-70.12653,43.77958],[-70.11821,43.76208]]],[[[-70.15172,43.68169],[-70.14055,43.70764],[-70.13366,43.70231],[-70.15172,43.68169]]],[[[-70.17977,43.73924],[-70.18429,43.74251],[-70.17668,43.74543],[-70.17977,43.73924]]],[[[-70.19712,43.71125],[-70.19047,43.72224],[-70.18666,43.72327],[-70.19712,43.71125]]],[[[-70.17959,43.65538],[-70.20069,43.66295],[-70.1831,43.67516],[-70.17959,43.65538]]],[[[-70.20593,43.63363],[-70.20343,43.64719],[-70.1907,43.64558],[-70.20593,43.63363]]],[[[-70.19308,43.67344],[-70.20189,43.68548],[-70.18215,43.69492],[-70.19308,43.67344]]],[[[-70.2455,43.53963],[-70.2244,43.5472],[-70.22784,43.53826],[-70.2455,43.53963]]],[[[-70.60783,42.97776],[-70.61243,42.99181],[-70.60135,42.98108],[-70.60783,42.97776]]],[[[-71.08,45.30699],[-70.95238,45.3391],[-70.85704,45.22916],[-70.79803,45.42671],[-70.63466,45.38361],[-70.72285,45.51277],[-70.25912,45.89075],[-70.29274,46.1916],[-70.05695,46.41515],[-69.99709,46.69523],[-69.22442,47.45969],[-69.0427,47.42665],[-69.05025,47.25588],[-68.90009,47.17772],[-68.2346,47.35504],[-67.79051,47.06792],[-67.81789,45.69371],[-67.42972,45.58377],[-67.48933,45.28128],[-67.34559,45.12639],[-67.15792,45.161],[-66.95057,44.81454],[-67.24637,44.62638],[-67.30854,44.70745],[-67.39644,44.69331],[-67.40549,44.59424],[-67.42734,44.64108],[-67.54337,44.62655],[-67.56472,44.53207],[-67.68806,44.53725],[-67.71308,44.49355],[-67.75484,44.54691],[-67.84778,44.563],[-67.89862,44.3956],[-68.02746,44.48251],[-67.95877,44.39885],[-68.04933,44.33073],[-68.12135,44.47894],[-68.20168,44.51997],[-68.35498,44.45808],[-68.34738,44.42228],[-68.24744,44.43328],[-68.1745,44.34518],[-68.31719,44.29431],[-68.33383,44.22129],[-68.43095,44.29862],[-68.35427,44.40054],[-68.42534,44.49828],[-68.46215,44.3794],[-68.47977,44.45418],[-68.56516,44.39907],[-68.52279,44.2281],[-68.62425,44.30211],[-68.8272,44.31216],[-68.77782,44.48497],[-68.80586,44.52429],[-68.99838,44.42559],[-69.1235,43.97901],[-69.27395,43.91421],[-69.26752,43.94367],[-69.32533,43.97094],[-69.37523,43.92459],[-69.36239,43.99388],[-69.43773,43.97575],[-69.50329,43.83767],[-69.63881,43.84785],[-69.65561,43.78104],[-69.67708,43.92698],[-69.8368,43.69973],[-69.8734,43.77838],[-70.04501,43.73667],[-69.94721,43.86447],[-70.1869,43.77341],[-70.25296,43.67501],[-70.19691,43.56515],[-70.36121,43.52919],[-70.33284,43.44643],[-70.55385,43.32189],[-70.70382,43.05983],[-70.98765,43.38952],[-71.08,45.30699]]]]}},{"type":"Feature","id":"24","properties":{"name":"Maryland","abbreviation":"MD","label_lon":-76.89982,"label_lat":38.98761},"geometry":{"type":"MultiPolygon","coordinates":[[[[-75.9939,37.95349],[-76.041,38.03196],[-75.9863,38.02195],[-75.9939,37.95349]]],[[[-76.01273,38.0721],[-76.03352,38.091],[-76.01472,38.1316],[-76.01273,38.0721]]],[[[-76.06448,38.12548],[-76.06461,38.13011],[-76.0611,38.12688],[-76.06448,38.12548]]],[[[-76.03226,38.14826],[-76.0638,38.20505],[-76.02318,38.1775],[-76.03226,38.14826]]],[[[-76.09023,38.14477],[-76.08441,38.14535],[-76.08565,38.13858],[-76.09023,38.14477]]],[[[-76.08983,38.11512],[-76.08926,38.12233],[-76.08653,38.12436],[-76.08983,38.11512]]],[[[-76.09031,39.53383],[-76.09007,39.5366],[-76.08822,39.53603],[-76.09031,39.53383]]],[[[-76.24576,38.90508],[-76.24909,38.91335],[-76.24309,38.91209],[-76.24576,38.90508]]],[[[-76.25767,38.32485],[-76.25456,38.34067],[-76.25449,38.32493],[-76.25767,38.32485]]],[[[-76.25799,39.28779],[-76.26641,39.29054],[-76.26036,39.29245],[-76.25799,39.28779]]],[[[-76.32407,39.31263],[-76.32452,39.3138],[-76.32143,39.31285],[-76.32407,39.31263]]],[[[-76.37148,39.23795],[-76.35685,39.26095],[-76.34383,39.25726],[-76.37148,39.23795]]],[[[-76.38363,38.74547],[-76.37524,38.78258],[-76.36326,38.74661],[-76.38363,38.74547]]],[[[-76.39343,39.23186],[-76.39442,39.23397],[-76.39033,39.23474],[-76.39343,39.23186]]],[[[-76.74754,38.21215],[-76.74234,38.20905],[-76.74503,38.20724],[-76.74754,38.21215]]],[[[-76.79312,38.23518],[-76.79407,38.23919],[-76.78979,38.23844],[-76.79312,38.23518]]],[[[-76.80999,38.25039],[-76.81087,38.25293],[-76.80892,38.25086],[-76.80999,38.25039]]],[[[-79.47321,39.20211],[-79.47666,39.72108],[-75.7886,39.7222],[-75.69367,38.46008],[-75.04894,38.45126],[-75.07248,38.35528],[-75.24247,38.02703],[-75.88503,37.91172],[-75.77374,38.07706],[-75.87882,38.07608],[-75.78848,38.14579],[-75.95962,38.13714],[-75.80131,38.25365],[-75.92033,38.26438],[-75.85027,38.36639],[-75.97026,38.23381],[-75.95735,38.34757],[-76.01142,38.37683],[-76.03204,38.21668],[-76.22533,38.39509],[-76.12997,38.23461],[-76.22964,38.31438],[-76.33355,38.48209],[-76.22022,38.53187],[-76.2861,38.62566],[-76.02651,38.56682],[-76.22462,38.76039],[-76.33971,38.67064],[-76.33462,38.77291],[-76.25502,38.86227],[-76.21642,38.7867],[-76.17518,38.75436],[-76.15533,38.77234],[-76.21,38.94631],[-76.3682,38.83612],[-76.36173,38.93918],[-76.30531,39.03887],[-76.25659,38.97542],[-76.16399,38.99954],[-76.13434,39.10433],[-76.21596,39.00997],[-76.27464,39.16549],[-76.17042,39.33209],[-75.98611,39.37947],[-75.94492,39.59297],[-76.09607,39.53691],[-76.06046,39.44834],[-76.22698,39.34991],[-76.24149,39.46127],[-76.28175,39.29966],[-76.30709,39.38545],[-76.35712,39.39408],[-76.44248,39.19541],[-76.58648,39.26134],[-76.3945,39.01268],[-76.56001,38.76263],[-76.38148,38.38525],[-76.47632,38.31354],[-76.37502,38.29942],[-76.32216,38.0379],[-76.43889,38.16083],[-76.47327,38.10303],[-76.59433,38.21581],[-76.77863,38.22847],[-76.82711,38.34738],[-76.84214,38.25449],[-76.92394,38.28972],[-77.01637,38.44557],[-77.25017,38.38278],[-77.23772,38.55187],[-76.9094,38.89281],[-77.041,38.99511],[-77.11976,38.93434],[-77.46145,39.07515],[-77.46021,39.22836],[-77.75961,39.33733],[-77.83801,39.60612],[-78.17663,39.69597],[-78.56593,39.51944],[-78.76584,39.64849],[-78.95675,39.44026],[-79.10319,39.476],[-79.47321,39.20211]]]]}},{"type":"Feature","id":"25","properties":{"name":"Massachusetts","abbreviation":"MA","label_lon":-71.99068,"label_lat":42.38262},"geometry":{"type":"MultiPolygon","coordinates":[[[[-70.23405,41.28565],[-70.06257,41.30873],[-70.04905,41.3917],[-69.96018,41.26455],[-70.23405,41.28565]]],[[[-70.26862,41.30177],[-70.24655,41.30619],[-70.24274,41.28919],[-70.26862,41.30177]]],[[[-70.307,41.33239],[-70.29203,41.33779],[-70.28933,41.33502],[-70.307,41.33239]]],[[[-70.57565,42.63445],[-70.57509,42.63978],[-70.57338,42.63951],[-70.57565,42.63445]]],[[[-70.59161,42.6275],[-70.58825,42.6306],[-70.58804,42.62641],[-70.59161,42.6275]]],[[[-70.59,42.65898],[-70.58925,42.66274],[-70.58757,42.66191],[-70.59,42.65898]]],[[[-70.72166,42.56609],[-70.72122,42.56993],[-70.72064,42.56966],[-70.72166,42.56609]]],[[[-70.7823,42.55183],[-70.78069,42.55364],[-70.78099,42.55241],[-70.7823,42.55183]]],[[[-70.78771,42.53058],[-70.78703,42.53729],[-70.78225,42.53372],[-70.78771,42.53058]]],[[[-70.80209,42.54719],[-70.79503,42.55068],[-70.7944,42.54804],[-70.80209,42.54719]]],[[[-70.7904,41.44653],[-70.71022,41.51891],[-70.67685,41.5168],[-70.7904,41.44653]]],[[[-70.81407,42.5104],[-70.81206,42.51199],[-70.81215,42.51033],[-70.81407,42.5104]]],[[[-70.82551,41.25228],[-70.81197,41.26484],[-70.80332,41.25022],[-70.82551,41.25228]]],[[[-70.83536,42.48226],[-70.8337,42.48527],[-70.83347,42.48199],[-70.83536,42.48226]]],[[[-70.83513,41.59088],[-70.82404,41.59955],[-70.82314,41.58286],[-70.83513,41.59088]]],[[[-70.83878,41.34721],[-70.60356,41.48238],[-70.45043,41.4207],[-70.46329,41.34748],[-70.83878,41.34721]]],[[[-70.83687,41.44197],[-70.82059,41.45851],[-70.80805,41.44504],[-70.83687,41.44197]]],[[[-70.87605,42.34123],[-70.88021,42.34231],[-70.87395,42.34363],[-70.87605,42.34123]]],[[[-70.88753,42.3382],[-70.88625,42.33995],[-70.88478,42.33933],[-70.88753,42.3382]]],[[[-70.89195,42.32723],[-70.88895,42.3289],[-70.88877,42.32846],[-70.89195,42.32723]]],[[[-70.89516,42.33888],[-70.89721,42.34332],[-70.8956,42.34389],[-70.89516,42.33888]]],[[[-70.89608,42.33035],[-70.89706,42.33395],[-70.89406,42.33498],[-70.89608,42.33035]]],[[[-70.88441,41.4215],[-70.8571,41.45025],[-70.84856,41.43284],[-70.88441,41.4215]]],[[[-70.92119,41.44539],[-70.92067,41.45455],[-70.91517,41.45103],[-70.92119,41.44539]]],[[[-70.93076,42.31903],[-70.92597,42.32191],[-70.92531,42.31722],[-70.93076,42.31903]]],[[[-70.93141,42.32827],[-70.92972,42.33397],[-70.92372,42.32536],[-70.93141,42.32827]]],[[[-70.93985,42.32424],[-70.94075,42.32814],[-70.93495,42.32681],[-70.93985,42.32424]]],[[[-70.949,41.40955],[-70.92748,41.43181],[-70.90859,41.42242],[-70.949,41.40955]]],[[[-70.93733,42.28492],[-70.93527,42.3021],[-70.92638,42.30141],[-70.93733,42.28492]]],[[[-70.95434,42.30859],[-70.95149,42.31356],[-70.94852,42.31194],[-70.95434,42.30859]]],[[[-70.96573,42.31347],[-70.95727,42.33166],[-70.9528,42.33063],[-70.96573,42.31347]]],[[[-70.99162,42.32629],[-70.98308,42.32716],[-70.98567,42.31873],[-70.99162,42.32629]]],[[[-71.01149,42.3093],[-71.00636,42.32091],[-71.0003,42.32128],[-71.01149,42.3093]]],[[[-73.50814,42.08626],[-73.26496,42.74594],[-71.29421,42.69699],[-70.90277,42.88653],[-70.77608,42.69126],[-70.59147,42.63982],[-70.8752,42.54434],[-70.83599,42.4905],[-70.98299,42.424],[-70.95302,42.34397],[-71.0506,42.37287],[-71.03931,42.28549],[-70.76634,42.25474],[-70.59789,42.00455],[-70.65087,42.04625],[-70.71003,41.99954],[-70.53919,41.92677],[-70.49405,41.77388],[-70.42831,41.74767],[-70.29556,41.73441],[-70.27388,41.72431],[-70.39424,41.73],[-70.35731,41.70253],[-70.25119,41.70734],[-70.00846,41.80079],[-70.0956,42.03283],[-70.24538,42.06373],[-70.08262,42.05466],[-69.93042,41.69194],[-70.00386,41.54055],[-70.01421,41.67197],[-70.65663,41.51478],[-70.61757,41.70114],[-70.71874,41.73574],[-71.03836,41.4811],[-71.3407,41.7983],[-71.3814,42.0188],[-72.81674,41.99759],[-73.50814,42.08626]]]]}},{"type":"Feature","id":"26","properties":{"name":"Michigan","abbreviation":"MI","label_lon":-87.0193,"label_lat":46.23993},"geometry":{"type":"MultiPolygon","coordinates":[[[[-83.191,42.03343],[-83.18993,42.03599],[-83.18921,42.03334],[-83.191,42.03343]]],[[[-83.20495,45.04075],[-83.20202,45.04611],[-83.19345,45.03417],[-83.20495,45.04075]]],[[[-83.22698,45.04048],[-83.21808,45.04953],[-83.21832,45.04153],[-83.22698,45.04048]]],[[[-83.23385,45.05498],[-83.23246,45.05683],[-83.22871,45.05636],[-83.23385,45.05498]]],[[[-83.29055,45.0606],[-83.29367,45.06749],[-83.2903,45.07302],[-83.29055,45.0606]]],[[[-83.32488,45.18708],[-83.32989,45.19774],[-83.31986,45.18946],[-83.32488,45.18708]]],[[[-83.41512,44.98594],[-83.41759,44.99193],[-83.41179,44.98727],[-83.41512,44.98594]]],[[[-83.42555,43.87709],[-83.42389,43.88168],[-83.41515,43.87529],[-83.42555,43.87709]]],[[[-83.41844,43.82801],[-83.42552,43.84063],[-83.41573,43.83418],[-83.41844,43.82801]]],[[[-83.44146,44.02781],[-83.42742,44.03085],[-83.43598,44.02319],[-83.44146,44.02781]]],[[[-83.44858,43.81478],[-83.44527,43.82391],[-83.43307,43.82044],[-83.44858,43.81478]]],[[[-83.44562,43.84497],[-83.43452,43.86073],[-83.43809,43.83949],[-83.44562,43.84497]]],[[[-83.45157,43.81238],[-83.45378,43.83243],[-83.4446,43.83437],[-83.45157,43.81238]]],[[[-83.47027,44.00151],[-83.46641,44.0037],[-83.46327,44.00137],[-83.47027,44.00151]]],[[[-83.47137,43.75619],[-83.47705,43.76154],[-83.46596,43.76],[-83.47137,43.75619]]],[[[-83.69154,46.05559],[-83.69391,46.06194],[-83.69082,46.06128],[-83.69154,46.05559]]],[[[-83.70199,46.06128],[-83.70413,46.06672],[-83.70069,46.06837],[-83.70199,46.06128]]],[[[-83.709,46.04924],[-83.70176,46.05311],[-83.7014,46.04891],[-83.709,46.04924]]],[[[-83.72041,46.04404],[-83.72267,46.05081],[-83.72041,46.05081],[-83.72041,46.04404]]],[[[-83.72838,46.03802],[-83.72552,46.04058],[-83.72517,46.03744],[-83.72838,46.03802]]],[[[-83.73349,46.03588],[-83.73349,46.0381],[-83.73265,46.03827],[-83.73349,46.03588]]],[[[-83.76937,45.93489],[-83.76807,45.93778],[-83.76855,45.93175],[-83.76937,45.93489]]],[[[-83.76652,46.08626],[-83.7651,46.09219],[-83.76247,46.08632],[-83.76652,46.08626]]],[[[-83.74723,46.03478],[-83.75476,46.06615],[-83.73432,46.05072],[-83.74723,46.03478]]],[[[-83.77235,46.06425],[-83.7708,46.06911],[-83.77009,46.0687],[-83.77235,46.06425]]],[[[-83.78257,46.08033],[-83.78245,46.08453],[-83.78126,46.08502],[-83.78257,46.08033]]],[[[-83.79196,46.00724],[-83.79041,46.00922],[-83.7897,46.00724],[-83.79196,46.00724]]],[[[-83.7916,46.03439],[-83.79279,46.03753],[-83.79077,46.03843],[-83.7916,46.03439]]],[[[-83.79184,46.0626],[-83.79279,46.06375],[-83.79231,46.06392],[-83.79184,46.0626]]],[[[-83.79825,46.05608],[-83.79766,46.06103],[-83.79623,46.0565],[-83.79825,46.05608]]],[[[-83.81061,46.07406],[-83.81049,46.0781],[-83.80942,46.07802],[-83.81061,46.07406]]],[[[-83.82547,46.02853],[-83.82285,46.03084],[-83.82392,46.0268],[-83.82547,46.02853]]],[[[-83.82737,46.0551],[-83.82654,46.05839],[-83.82582,46.05823],[-83.82737,46.0551]]],[[[-83.82036,46.09203],[-83.7935,46.10736],[-83.77651,46.09203],[-83.82036,46.09203]]],[[[-83.82903,46.03753],[-83.82773,46.03967],[-83.82761,46.03546],[-83.82903,46.03753]]],[[[-83.81859,43.66545],[-83.82707,43.67438],[-83.81789,43.67379],[-83.81859,43.66545]]],[[[-83.83723,46.04396],[-83.83581,46.04561],[-83.83652,46.04297],[-83.83723,46.04396]]],[[[-83.84234,46.06417],[-83.85019,46.07159],[-83.84757,46.07373],[-83.84234,46.06417]]],[[[-83.85423,46.07999],[-83.85102,46.08173],[-83.85019,46.07868],[-83.85423,46.07999]]],[[[-83.85506,46.05353],[-83.85256,46.05889],[-83.84781,46.05221],[-83.85506,46.05353]]],[[[-83.85934,46.06936],[-83.86255,46.08041],[-83.85328,46.07274],[-83.85934,46.06936]]],[[[-83.87918,46.05419],[-83.88049,46.05707],[-83.87871,46.05798],[-83.87918,46.05419]]],[[[-83.88287,45.97545],[-83.68607,46.03744],[-83.67739,46.07299],[-83.73218,46.08692],[-83.70011,46.10387],[-83.47322,45.98442],[-83.56184,45.91256],[-83.88287,45.97545]]],[[[-83.88406,46.06483],[-83.87954,46.07241],[-83.87681,46.06483],[-83.88406,46.06483]]],[[[-83.90093,46.01624],[-83.89713,46.0183],[-83.89867,46.01549],[-83.90093,46.01624]]],[[[-83.98614,46.08939],[-83.98483,46.09219],[-83.98364,46.08865],[-83.98614,46.08939]]],[[[-83.99113,46.10085],[-83.9897,46.10315],[-83.98768,46.09829],[-83.99113,46.10085]]],[[[-84.00123,46.07909],[-83.99529,46.09483],[-83.97345,46.06529],[-84.00123,46.07909]]],[[[-84.0225,46.10843],[-84.02072,46.10983],[-84.02036,46.10769],[-84.0225,46.10843]]],[[[-84.16841,46.21552],[-84.16984,46.21935],[-84.16605,46.21533],[-84.16841,46.21552]]],[[[-84.20313,45.96847],[-84.19984,45.97002],[-84.19994,45.96716],[-84.20313,45.96847]]],[[[-84.42976,45.91884],[-84.4312,45.92602],[-84.42871,45.91841],[-84.42976,45.91884]]],[[[-84.43724,45.98027],[-84.42204,45.9747],[-84.42222,45.9732],[-84.43724,45.98027]]],[[[-84.51672,46.4419],[-84.51538,46.44358],[-84.51406,46.44171],[-84.51672,46.4419]]],[[[-84.56795,45.95248],[-84.57496,45.97065],[-84.56239,45.95684],[-84.56795,45.95248]]],[[[-84.59024,45.8128],[-84.42033,45.81132],[-84.35595,45.77069],[-84.48142,45.73005],[-84.59024,45.8128]]],[[[-84.60734,45.82562],[-84.59429,45.83064],[-84.59095,45.82242],[-84.60734,45.82562]]],[[[-84.63157,45.95535],[-84.63582,45.98087],[-84.60878,45.96747],[-84.63157,45.95535]]],[[[-84.61979,45.84555],[-84.64181,45.88547],[-84.60214,45.85206],[-84.61979,45.84555]]],[[[-84.6819,46.49104],[-84.68222,46.49348],[-84.67906,46.49342],[-84.6819,46.49104]]],[[[-84.74806,45.83439],[-84.74655,45.83636],[-84.74479,45.83877],[-84.74409,45.83663],[-84.74806,45.83439]]],[[[-84.87999,45.86121],[-84.86313,45.86106],[-84.86483,45.85403],[-84.87999,45.86121]]],[[[-85.03403,45.76098],[-85.027,45.76611],[-85.01951,45.76297],[-85.03403,45.76098]]],[[[-85.07309,45.76236],[-85.06465,45.76659],[-85.05517,45.7644],[-85.07309,45.76236]]],[[[-85.20143,46.04309],[-85.20195,46.04486],[-85.19954,46.04422],[-85.20143,46.04309]]],[[[-85.30154,45.81544],[-85.29905,45.81753],[-85.29976,45.8151],[-85.30154,45.81544]]],[[[-85.35764,45.77853],[-85.36776,45.79616],[-85.36308,45.81791],[-85.35764,45.77853]]],[[[-85.49562,45.7734],[-85.51682,45.82745],[-85.45547,45.77783],[-85.49562,45.7734]]],[[[-85.56586,45.0995],[-85.56753,45.10052],[-85.56773,45.10141],[-85.56586,45.0995]]],[[[-85.57064,44.86452],[-85.58121,44.86994],[-85.57024,44.8728],[-85.57064,44.86452]]],[[[-85.58918,45.83331],[-85.58817,45.8407],[-85.58376,45.83949],[-85.58918,45.83331]]],[[[-85.61112,45.80738],[-85.61197,45.8143],[-85.60431,45.81182],[-85.61112,45.80738]]],[[[-85.62598,45.60159],[-85.56799,45.75858],[-85.50127,45.75442],[-85.49173,45.60753],[-85.62598,45.60159]]],[[[-85.6931,45.77089],[-85.68819,45.77506],[-85.68408,45.77012],[-85.6931,45.77089]]],[[[-85.69758,45.69765],[-85.64489,45.7427],[-85.67509,45.69724],[-85.69758,45.69765]]],[[[-85.79296,45.48198],[-85.77061,45.48649],[-85.77015,45.46074],[-85.79296,45.48198]]],[[[-85.83429,45.69734],[-85.84071,45.70739],[-85.8372,45.71034],[-85.83429,45.69734]]],[[[-85.84216,45.39109],[-85.83197,45.42048],[-85.83872,45.37715],[-85.84216,45.39109]]],[[[-86.00753,45.05717],[-85.98941,45.15107],[-85.96088,45.06051],[-86.00753,45.05717]]],[[[-86.1157,44.99909],[-86.11791,45.04848],[-86.07781,45.03241],[-86.1157,44.99909]]],[[[-86.66031,45.736],[-86.65819,45.74078],[-86.65707,45.74264],[-86.65754,45.73658],[-86.66031,45.736]]],[[[-86.64891,45.54434],[-86.62682,45.57293],[-86.63462,45.5448],[-86.64891,45.54434]]],[[[-86.66706,45.52168],[-86.66118,45.53296],[-86.66226,45.52098],[-86.66706,45.52168]]],[[[-86.69017,45.59572],[-86.69239,45.61713],[-86.66789,45.60605],[-86.69017,45.59572]]],[[[-86.70904,46.54521],[-86.62633,46.5349],[-86.62308,46.4565],[-86.6876,46.45623],[-86.70904,46.54521]]],[[[-86.70699,45.60887],[-86.70806,45.61153],[-86.7052,45.61062],[-86.70699,45.60887]]],[[[-86.71721,45.49953],[-86.71389,45.4998],[-86.71614,45.49778],[-86.71721,45.49953]]],[[[-86.71932,46.47903],[-86.7188,46.48223],[-86.71674,46.4786],[-86.71932,46.47903]]],[[[-86.72291,45.50852],[-86.72065,45.51152],[-86.71669,45.50948],[-86.72291,45.50852]]],[[[-86.72624,45.5206],[-86.72509,45.52173],[-86.72309,45.52052],[-86.72624,45.5206]]],[[[-86.74417,46.50529],[-86.73729,46.51115],[-86.73692,46.50397],[-86.74417,46.50529]]],[[[-86.7588,45.79669],[-86.75571,45.80017],[-86.75381,45.79793],[-86.7588,45.79669]]],[[[-86.76344,45.74356],[-86.76546,45.74878],[-86.75928,45.7443],[-86.76344,45.74356]]],[[[-86.78281,45.48678],[-86.75755,45.50412],[-86.75999,45.47787],[-86.78281,45.48678]]],[[[-86.82483,41.76024],[-86.5979,41.91829],[-86.2466,42.49011],[-86.22058,42.95579],[-86.5385,43.6175],[-86.4302,43.82757],[-86.5147,44.05812],[-86.26871,44.34532],[-86.255,44.69193],[-86.08956,44.74198],[-86.06674,44.90568],[-85.8074,44.94981],[-85.54075,45.21091],[-85.65236,44.84909],[-85.59544,44.76711],[-85.47494,44.99172],[-85.52719,44.7475],[-85.38926,44.94806],[-85.37159,45.27083],[-84.91454,45.39562],[-85.11548,45.53941],[-84.94376,45.71029],[-85.00835,45.76167],[-84.72886,45.78815],[-84.21588,45.63482],[-84.08976,45.49443],[-83.48993,45.35847],[-83.38163,45.26977],[-83.41256,45.23922],[-83.31532,45.05257],[-83.26242,45.02541],[-83.385,45.07705],[-83.46384,45.00314],[-83.27029,44.70878],[-83.33253,44.34046],[-83.53771,44.24817],[-83.57987,44.04944],[-83.84817,43.98954],[-83.95393,43.75022],[-83.90535,43.67004],[-83.68521,43.58444],[-83.4905,43.70259],[-83.32506,43.884],[-83.40093,43.91707],[-82.96386,44.06827],[-82.75618,44.00193],[-82.41347,42.97689],[-82.52334,42.60749],[-82.67906,42.52221],[-82.63085,42.67334],[-82.80561,42.64877],[-82.88218,42.40519],[-83.09729,42.29007],[-83.13202,42.09017],[-83.43961,41.81316],[-83.4554,41.73284],[-84.806,41.69612],[-84.80588,41.76022],[-86.82483,41.76024]]],[[[-86.8991,46.48415],[-86.89053,46.48623],[-86.8911,46.47946],[-86.8991,46.48415]]],[[[-87.40211,46.59346],[-87.40263,46.59554],[-87.39941,46.59505],[-87.40211,46.59346]]],[[[-87.41651,46.59748],[-87.41336,46.6054],[-87.41008,46.60272],[-87.41651,46.59748]]],[[[-87.45716,46.6381],[-87.46045,46.63914],[-87.45831,46.63979],[-87.45716,46.6381]]],[[[-87.54182,46.70355],[-87.54046,46.70513],[-87.53905,46.7047],[-87.54182,46.70355]]],[[[-87.60034,47.40771],[-87.62367,47.42628],[-87.58622,47.41834],[-87.60034,47.40771]]],[[[-87.95755,46.94925],[-87.95654,46.95161],[-87.95579,46.94895],[-87.95755,46.94925]]],[[[-87.97189,46.9504],[-87.96904,46.95376],[-87.96363,46.95131],[-87.97189,46.9504]]],[[[-87.99939,46.9612],[-87.99718,46.96281],[-87.99836,46.95871],[-87.99939,46.9612]]],[[[-88.2693,47.06949],[-88.27409,47.07491],[-88.26901,47.07608],[-88.2693,47.06949]]],[[[-88.36779,48.22295],[-88.3525,48.23548],[-88.33634,48.23714],[-88.36779,48.22295]]],[[[-88.72122,48.10394],[-88.72322,48.10415],[-88.70549,48.11117],[-88.72122,48.10394]]],[[[-88.79747,47.93497],[-88.79898,47.93571],[-88.78231,47.94072],[-88.79747,47.93497]]],[[[-88.84723,47.91264],[-88.84977,47.91427],[-88.84506,47.91524],[-88.84723,47.91264]]],[[[-89.2628,47.86986],[-89.17915,47.93503],[-88.78756,48.06303],[-88.63271,48.14858],[-88.4226,48.19097],[-89.00391,47.9071],[-88.91166,47.89134],[-89.2628,47.86986]]],[[[-90.41814,46.56609],[-89.78875,46.8181],[-89.42533,46.84145],[-88.9728,47.0021],[-88.21815,47.44952],[-87.80118,47.4733],[-87.71242,47.4014],[-87.95706,47.38726],[-88.34995,47.07638],[-88.49733,46.75511],[-88.14295,46.9669],[-88.28342,46.82299],[-88.08187,46.92046],[-87.81679,46.89115],[-87.35941,46.50345],[-87.00531,46.53395],[-86.87515,46.43728],[-86.75016,46.47911],[-86.64471,46.4108],[-86.16168,46.66947],[-84.95625,46.77189],[-85.01521,46.47971],[-84.63102,46.48487],[-84.58331,46.4135],[-84.12892,46.53012],[-84.09777,46.25651],[-84.27302,46.20145],[-84.02963,46.13454],[-84.07174,46.09244],[-83.89546,45.98644],[-84.26722,45.99076],[-84.38159,45.9336],[-84.42272,46.00203],[-84.65657,46.05265],[-84.75242,45.83974],[-85.01399,46.01077],[-85.33591,46.09259],[-85.50621,46.09639],[-85.65888,45.9658],[-86.27577,45.94355],[-86.61427,45.60012],[-86.71751,45.68029],[-86.55962,45.77224],[-86.53521,45.8858],[-86.78208,45.86019],[-86.96786,45.66826],[-86.97794,45.90562],[-87.59219,45.09476],[-87.73651,45.17339],[-87.65735,45.36875],[-87.88805,45.3547],[-87.78223,45.68305],[-88.12946,45.80929],[-88.10291,45.92187],[-90.12049,46.33685],[-90.21659,46.50176],[-90.41814,46.56609]]]]}},{"type":"Feature","id":"27","properties":{"name":"Minnesota","abbreviation":"MN","label_lon":-94.49643,"label_lat":46.42225},"geometry":{"type":"MultiPolygon","coordinates":[[[[-89.58639,47.95878],[-89.5749,47.98068],[-89.55349,47.97334],[-89.58639,47.95878]]],[[[-89.66012,47.95078],[-89.66174,47.95479],[-89.65511,47.95274],[-89.66012,47.95078]]],[[[-91.55319,47.08763],[-91.55174,47.09059],[-91.55158,47.08734],[-91.55319,47.08763]]],[[[-97.23921,48.96868],[-95.15371,48.9989],[-95.15331,49.38436],[-94.95746,49.37019],[-94.81622,49.32099],[-94.64539,48.74408],[-93.84435,48.63022],[-93.79445,48.51602],[-92.95488,48.63149],[-92.63493,48.54287],[-92.71256,48.46301],[-92.45633,48.4142],[-92.36917,48.22027],[-92.26228,48.35493],[-92.05523,48.35921],[-91.56725,48.04372],[-90.88548,48.24578],[-90.75161,48.09097],[-90.13619,48.11214],[-89.89741,47.9876],[-89.49398,48.00471],[-89.62453,47.99466],[-90.777,47.60623],[-92.08534,46.79577],[-92.01529,46.70647],[-92.11659,46.74864],[-92.29129,46.66814],[-92.29403,46.07438],[-92.7077,45.8949],[-92.86919,45.71757],[-92.88375,45.57548],[-92.6466,45.44164],[-92.76187,45.28701],[-92.80732,44.75036],[-92.54806,44.56779],[-91.97027,44.36584],[-91.87516,44.20057],[-91.43252,43.99683],[-91.24413,43.77467],[-91.21771,43.50055],[-96.45326,43.50039],[-96.45307,45.29811],[-96.85775,45.60596],[-96.58308,45.82002],[-96.55451,46.08398],[-96.79794,46.62911],[-96.85105,47.59794],[-97.14667,48.1432],[-97.09033,48.68451],[-97.23921,48.96868]]]]}},{"type":"Feature","id":"28","properties":{"name":"Mississippi","abbreviation":"MS","label_lon":-89.72452,"label_lat":32.64177},"geometry":{"type":"MultiPolygon","coordinates":[[[[-88.45365,30.19658],[-88.45344,30.20124],[-88.41309,30.20634],[-88.45365,30.19658]]],[[[-88.57951,30.32987],[-88.57099,30.34103],[-88.56867,30.33113],[-88.57951,30.32987]]],[[[-88.71494,30.24372],[-88.7153,30.25226],[-88.5955,30.22417],[-88.71494,30.24372]]],[[[-88.86639,30.38149],[-88.82991,30.37164],[-88.81882,30.36092],[-88.86639,30.38149]]],[[[-88.89799,30.22988],[-88.88143,30.24387],[-88.87277,30.24777],[-88.89799,30.22988]]],[[[-88.95951,30.20845],[-88.97154,30.21297],[-88.95188,30.21278],[-88.95951,30.20845]]],[[[-89.08507,30.21322],[-89.078,30.22945],[-89.06571,30.24569],[-89.08507,30.21322]]],[[[-91.65501,31.25181],[-91.51208,31.28418],[-91.56518,31.42345],[-91.47246,31.37133],[-91.52254,31.52208],[-91.40391,31.58977],[-91.51234,31.63472],[-91.40102,31.62037],[-91.3718,31.74295],[-91.26341,31.75447],[-91.36553,31.76163],[-91.34571,31.84286],[-91.25561,31.81266],[-91.07591,32.01683],[-91.16031,32.07035],[-91.00641,32.13995],[-91.16282,32.13269],[-91.16417,32.19689],[-90.99516,32.19212],[-90.87563,32.37243],[-90.99362,32.35405],[-90.96959,32.43949],[-91.11601,32.48314],[-91.09374,32.54913],[-90.9872,32.49566],[-91.0804,32.55644],[-91.01429,32.64048],[-91.15356,32.62618],[-91.05475,32.71923],[-91.16533,32.7513],[-91.0868,32.97627],[-91.21397,32.9272],[-91.12038,33.05453],[-91.19966,33.12853],[-91.08765,33.1354],[-91.04519,33.2654],[-91.14162,33.29954],[-91.05808,33.44654],[-91.14882,33.37876],[-91.13215,33.48156],[-91.23518,33.43897],[-91.23339,33.56275],[-91.12868,33.60847],[-91.22991,33.68435],[-91.03392,33.67356],[-91.14881,33.73136],[-90.98847,33.78453],[-91.0862,34.00642],[-90.96617,33.96466],[-90.87108,34.08118],[-90.95864,34.13548],[-90.80756,34.16182],[-90.93555,34.23785],[-90.84715,34.20613],[-90.76439,34.36368],[-90.66934,34.31302],[-90.58623,34.40917],[-90.48126,34.88107],[-90.30738,34.84619],[-90.24133,34.91903],[-90.30836,34.99569],[-88.20006,34.99563],[-88.09789,34.8922],[-88.47323,31.89386],[-88.39455,30.35009],[-88.72889,30.34267],[-88.85779,30.43019],[-89.28574,30.3031],[-89.33594,30.37402],[-89.45811,30.17781],[-89.57015,30.1803],[-89.85226,30.66293],[-89.72962,31.00393],[-91.63694,30.99942],[-91.55991,31.05412],[-91.65501,31.25181]]]]}},{"type":"Feature","id":"29","properties":{"name":"Missouri","abbreviation":"MO","label_lon":-92.49026,"label_lat":38.35391},"geometry":{"type":"Polygon","coordinates":[[[-95.77355,40.57821],[-91.72911,40.61364],[-91.6219,40.54229],[-91.41942,40.37826],[-91.51032,40.12799],[-91.37001,39.73252],[-90.72996,39.25589],[-90.66347,38.92738],[-90.56656,38.86885],[-90.40637,38.96255],[-90.10941,38.84355],[-90.3539,38.21386],[-89.92508,37.96002],[-89.95059,37.88153],[-89.84265,37.9052],[-89.51668,37.69276],[-89.42105,37.38767],[-89.51834,37.2855],[-89.38394,37.04644],[-89.27863,36.98867],[-89.25493,37.07201],[-89.09959,36.96454],[-89.21745,36.57616],[-89.36555,36.62506],[-89.46415,36.45719],[-89.47909,36.56821],[-89.56682,36.56422],[-89.50972,36.37363],[-89.62026,36.32301],[-89.53475,36.25258],[-89.70351,36.24341],[-89.59161,36.1441],[-89.70693,36.00098],[-90.37789,35.99568],[-90.06398,36.30304],[-90.15248,36.49795],[-94.61792,36.49941],[-94.58841,39.14987],[-94.82379,39.20987],[-94.88503,39.3898],[-95.1093,39.54228],[-94.96532,39.73906],[-94.86294,39.74299],[-94.92957,39.88875],[-95.12817,39.87416],[-95.40726,40.03311],[-95.4775,40.24272],[-95.65733,40.31086],[-95.65585,40.54661],[-95.77355,40.57821]]]}},{"type":"Feature","id":"30","properties":{"name":"Montana","abbreviation":"MT","label_lon":-109.22789,"label_lat":47.18781},"geometry":{"type":"Polygon","coordinates":[[[-116.04911,47.97684],[-116.04909,49.00085],[-110.53162,48.99839],[-104.04874,48.99988],[-104.03969,44.99807],[-111.05456,45.00096],[-111.05578,44.4768],[-111.38511,44.7549],[-111.51617,44.64406],[-111.46827,44.53898],[-112.28604,44.56861],[-112.38734,44.4476],[-112.77984,44.48461],[-112.85509,44.35997],[-113.00506,44.45372],[-113.13183,44.77304],[-113.45507,44.86542],[-113.45204,45.05917],[-113.93526,45.69434],[-114.32958,45.45997],[-114.56497,45.55781],[-114.56646,45.77331],[-114.3873,45.88775],[-114.5271,46.14622],[-114.32112,46.64751],[-114.76727,46.69719],[-115.32015,47.2567],[-115.7593,47.42386],[-115.62997,47.47963],[-116.04911,47.97684]]]}},{"type":"Feature","id":"31","properties":{"name":"Nebraska","abbreviation":"NE","label_lon":-100.09095,"label_lat":41.5577},"geometry":{"type":"Polygon","coordinates":[[[-104.05325,41.00141],[-104.05303,43.00059],[-98.49855,42.99856],[-98.01723,42.76241],[-97.84527,42.86773],[-97.30668,42.8676],[-96.69127,42.6562],[-96.61149,42.50609],[-96.38601,42.47449],[-96.34775,42.16681],[-96.06488,41.79623],[-96.09201,41.53391],[-95.92571,41.45938],[-95.87149,41.2958],[-95.88535,40.72109],[-95.76286,40.52837],[-95.65585,40.54661],[-95.65733,40.31086],[-95.4775,40.24272],[-95.30829,40.0],[-102.05174,40.00308],[-102.05161,41.00238],[-104.05325,41.00141]]]}},{"type":"Feature","id":"32","properties":{"name":"Nevada","abbreviation":"NV","label_lon":-116.4834,"label_lat":38.65867},"geometry":{"type":"Polygon","coordinates":[[[-120.00101,38.99957],[-119.99923,41.99494],[-114.04148,41.99387],[-114.04394,36.19335],[-114.15139,36.02313],[-114.37449,36.14366],[-114.7532,36.08951],[-114.56924,35.18348],[-114.63349,35.00186],[-120.00101,38.99957]]]}},{"type":"Feature","id":"33","properties":{"name":"New Hampshire","abbreviation":"NH","label_lon":-71.52044,"label_lat":43.96783},"geometry":{"type":"MultiPolygon","coordinates":[[[[-70.61399,42.97335],[-70.61457,42.9786],[-70.61062,42.97641],[-70.61399,42.97335]]],[[[-70.62613,42.9677],[-70.62232,42.96812],[-70.62268,42.9672],[-70.62613,42.9677]]],[[[-70.62776,42.97538],[-70.62685,42.97815],[-70.62428,42.97666],[-70.62776,42.97538]]],[[[-72.55725,42.85302],[-72.44376,43.00624],[-72.38015,43.57362],[-72.03184,44.07854],[-72.06543,44.27723],[-71.57676,44.50262],[-71.63188,44.75246],[-71.44337,45.23772],[-71.08392,45.30545],[-70.98765,43.38952],[-70.71894,43.03235],[-70.8173,42.87229],[-71.0312,42.85909],[-71.29421,42.69699],[-72.45852,42.72685],[-72.55725,42.85302]]]]}},{"type":"Feature","id":"34","properties":{"name":"New Jersey","abbreviation":"NJ","label_lon":-74.41112,"label_lat":40.06995},"geometry":{"type":"MultiPolygon","coordinates":[[[[-74.04406,40.69828],[-74.039,40.69762],[-74.04166,40.69643],[-74.04406,40.69828]]],[[[-75.5589,39.62877],[-75.41506,39.80192],[-74.72219,40.14994],[-75.20181,40.61719],[-75.05103,40.86566],[-75.13057,40.99109],[-74.79504,41.32041],[-74.69491,41.35742],[-73.89363,40.99717],[-74.27269,40.48841],[-73.98606,40.45443],[-74.0991,39.75682],[-74.86446,38.94041],[-74.972,38.94037],[-74.89985,39.17331],[-75.1514,39.19],[-75.53643,39.46056],[-75.5589,39.62877]]]]}},{"type":"Feature","id":"35","properties":{"name":"New Mexico","abbreviation":"NM","label_lon":-106.05506,"label_lat":34.41383},"geometry":{"type":"Polygon","coordinates":[[[-109.05004,31.3325],[-109.04522,36.99908],[-103.0022,37.0001],[-103.06442,32.00052],[-106.61849,32.0005],[-106.63593,31.86623],[-106.52824,31.78315],[-108.20839,31.7836],[-108.20857,31.33339],[-109.05004,31.3325]]]}},{"type":"Feature","id":"36","properties":{"name":"New York","abbreviation":"NY","label_lon":-75.07036,"label_lat":43.01302},"geometry":{"type":"MultiPolygon","coordinates":[[[[-72.00246,41.25287],[-72.02305,41.27485],[-71.92261,41.29234],[-72.00246,41.25287]]],[[[-72.1064,41.08888],[-72.07793,41.09987],[-72.087,41.05903],[-72.1064,41.08888]]],[[[-72.19732,41.16547],[-72.18914,41.18831],[-72.16183,41.19032],[-72.19732,41.16547]]],[[[-73.77156,40.84716],[-73.76562,40.85566],[-73.76979,40.84497],[-73.77156,40.84716]]],[[[-73.77401,40.88264],[-73.76707,40.88603],[-73.76771,40.88104],[-73.77401,40.88264]]],[[[-73.79112,40.84718],[-73.78217,40.84672],[-73.78416,40.83711],[-73.79112,40.84718]]],[[[-74.02464,40.68394],[-74.0195,40.69338],[-74.01213,40.69068],[-74.02464,40.68394]]],[[[-74.0422,40.69997],[-74.03762,40.69921],[-74.039,40.69762],[-74.0422,40.69997]]],[[[-74.04573,40.6886],[-74.04358,40.69031],[-74.04325,40.68934],[-74.04573,40.6886]]],[[[-74.16125,40.64179],[-74.15724,40.64301],[-74.15891,40.64137],[-74.16125,40.64179]]],[[[-74.25563,40.50792],[-74.18771,40.64264],[-74.1544,40.63718],[-74.08648,40.6486],[-74.07149,40.64284],[-74.25563,40.50792]]],[[[-76.14503,43.94088],[-76.14299,43.94403],[-76.142,43.9428],[-76.14503,43.94088]]],[[[-76.17656,44.0172],[-76.17347,44.02472],[-76.16966,44.02489],[-76.17656,44.0172]]],[[[-76.21717,43.89237],[-76.21154,43.89752],[-76.21093,43.8958],[-76.21717,43.89237]]],[[[-76.22379,43.88565],[-76.22245,43.88931],[-76.221,43.8885],[-76.22379,43.88565]]],[[[-76.3213,44.03121],[-76.32963,44.0443],[-76.31758,44.05028],[-76.3213,44.03121]]],[[[-76.32708,43.88187],[-76.345,43.89414],[-76.30289,43.91723],[-76.32708,43.88187]]],[[[-76.36735,43.87574],[-76.36785,43.879],[-76.3644,43.87886],[-76.36735,43.87574]]],[[[-76.36093,44.03359],[-76.36794,44.05269],[-76.34277,44.0541],[-76.36093,44.03359]]],[[[-76.39576,43.8829],[-76.39378,43.88845],[-76.39235,43.88786],[-76.39576,43.8829]]],[[[-76.40147,43.90113],[-76.40636,43.9207],[-76.37941,43.9211],[-76.40147,43.90113]]],[[[-79.76215,42.24305],[-78.85345,42.78396],[-79.07447,43.07785],[-79.07047,43.26245],[-78.48586,43.37488],[-77.76023,43.34116],[-77.53955,43.23509],[-76.7841,43.31235],[-76.20985,43.56014],[-76.29739,43.85592],[-76.20301,43.85075],[-76.05906,43.9857],[-76.19981,43.96834],[-76.11875,44.03447],[-76.20164,44.07904],[-76.28139,43.96095],[-76.31265,44.19904],[-75.91299,44.36808],[-75.28314,44.84916],[-74.82658,45.01585],[-73.34312,45.01084],[-73.39023,44.61835],[-73.29361,44.44056],[-73.43774,44.04501],[-73.35059,43.77194],[-73.43123,43.58828],[-73.30623,43.62802],[-73.24159,43.53497],[-73.26496,42.74594],[-73.50814,42.08626],[-73.48271,41.21276],[-73.72777,41.1007],[-73.6563,40.97972],[-73.81798,40.86364],[-73.81417,40.82591],[-73.75622,40.76636],[-73.63313,40.90269],[-73.46939,40.86643],[-73.48537,40.9464],[-73.35756,40.89304],[-73.39924,40.95568],[-73.22838,40.90596],[-73.11843,40.97729],[-72.63556,40.98196],[-72.27879,41.15872],[-72.27587,41.03657],[-72.10216,40.99151],[-71.85648,41.07104],[-73.05496,40.66637],[-73.94054,40.54404],[-73.87922,40.57466],[-74.04171,40.62638],[-73.99999,40.66382],[-73.89363,40.99717],[-74.98334,41.48089],[-75.07217,41.81373],[-75.26053,41.8638],[-75.35958,41.99944],[-79.76137,41.99907],[-79.76215,42.24305]]]]}},{"type":"Feature","id":"37","properties":{"name":"North Carolina","abbreviation":"NC","label_lon":-79.65461,"label_lat":35.57555},"geometry":{"type":"MultiPolygon","coordinates":[[[[-75.72681,35.93584],[-75.64512,35.90579],[-75.62045,35.80925],[-75.67505,35.8302],[-75.72681,35.93584]]],[[[-75.73248,35.20035],[-75.52178,35.27178],[-75.52345,35.77357],[-75.46062,35.57697],[-75.52782,35.22766],[-75.73248,35.20035]]],[[[-76.00292,35.06793],[-75.98224,35.12044],[-75.77361,35.18728],[-76.00292,35.06793]]],[[[-76.27121,35.3103],[-76.27418,35.33018],[-76.2624,35.31386],[-76.27121,35.3103]]],[[[-76.32263,34.8481],[-76.07592,35.06993],[-76.03779,35.06191],[-76.32263,34.8481]]],[[[-76.544,34.70125],[-76.5219,34.70965],[-76.52285,34.6991],[-76.544,34.70125]]],[[[-76.53547,34.59155],[-76.53224,34.61049],[-76.43812,34.76129],[-76.33753,34.83881],[-76.53547,34.59155]]],[[[-76.58156,34.6991],[-76.56064,34.71004],[-76.5257,34.68522],[-76.58156,34.6991]]],[[[-76.66549,34.68974],[-76.58928,34.67197],[-76.53024,34.64358],[-76.52881,34.63154],[-76.66549,34.68974]]],[[[-77.09851,34.64689],[-77.01463,34.67603],[-76.82221,34.70472],[-76.67599,34.69769],[-77.09851,34.64689]]],[[[-77.16922,34.62238],[-77.12121,34.64796],[-77.11037,34.64515],[-77.16922,34.62238]]],[[[-77.22693,34.59672],[-77.2024,34.61284],[-77.17949,34.62043],[-77.22693,34.59672]]],[[[-84.31749,35.02184],[-84.29024,35.22557],[-84.05261,35.26998],[-83.88007,35.51874],[-83.49833,35.56298],[-82.99205,35.77395],[-82.92001,35.92842],[-82.63716,36.0658],[-82.55787,35.9539],[-82.35516,36.11561],[-82.03314,36.12042],[-81.90814,36.30201],[-81.70744,36.33517],[-81.67754,36.58812],[-79.51065,36.54074],[-75.86765,36.55041],[-75.53633,35.79261],[-75.72983,36.00728],[-75.84332,36.41996],[-76.00263,36.53711],[-75.79817,36.0722],[-75.92329,36.24595],[-75.92463,36.16455],[-76.21478,36.30061],[-76.06422,36.14377],[-76.27715,36.19088],[-76.23372,36.09785],[-76.45469,36.1928],[-76.30401,36.09453],[-76.58043,36.01055],[-76.6919,36.06629],[-76.67217,36.27198],[-76.69998,36.28539],[-76.7283,35.93358],[-76.06252,35.99075],[-76.03804,35.64577],[-75.94729,35.95984],[-75.83628,35.9705],[-75.73607,35.6255],[-75.77797,35.57976],[-75.83339,35.57153],[-75.88962,35.64064],[-76.15192,35.33137],[-76.41191,35.34641],[-76.39551,35.43166],[-76.53218,35.40125],[-76.58708,35.5089],[-76.48535,35.50658],[-76.46539,35.55841],[-76.63795,35.51296],[-76.57756,35.38758],[-77.05317,35.53521],[-76.96618,35.43399],[-76.46973,35.28089],[-76.63414,35.17426],[-76.56949,35.09846],[-76.80361,34.96378],[-77.05959,35.14687],[-76.93576,34.97313],[-76.76082,34.91585],[-76.48417,34.98812],[-76.46347,35.07641],[-76.42285,34.95073],[-76.31945,34.96592],[-76.36414,35.0366],[-76.24696,34.98735],[-76.51269,34.72033],[-76.60443,34.78985],[-76.61937,34.70419],[-76.84193,34.72935],[-77.12586,34.68524],[-77.5827,34.40068],[-77.82937,34.16325],[-77.96279,33.84232],[-78.23923,33.91745],[-78.54186,33.85296],[-79.6753,34.80474],[-80.79754,34.81979],[-80.78204,34.93578],[-80.93495,35.10741],[-81.04149,35.0447],[-81.04363,35.14988],[-82.39293,35.2154],[-83.10956,35.0012],[-84.31749,35.02184]]]]}},{"type":"Feature","id":"38","properties":{"name":"North Dakota","abbreviation":"ND","label_lon":-100.45781,"label_lat":47.50713},"geometry":{"type":"Polygon","coordinates":[[[-104.04544,45.94531],[-104.04874,48.99988],[-97.22872,49.00056],[-97.09033,48.68451],[-97.14667,48.1432],[-96.85105,47.59794],[-96.79794,46.62911],[-96.59976,46.33039],[-96.56367,45.93524],[-104.04544,45.94531]]]}},{"type":"Feature","id":"39","properties":{"name":"Ohio","abbreviation":"OH","label_lon":-82.75694,"label_lat":40.32228},"geometry":{"type":"MultiPolygon","coordinates":[[[[-82.68869,41.58654],[-82.71802,41.61942],[-82.67358,41.62322],[-82.68869,41.58654]]],[[[-82.73804,41.48938],[-82.73218,41.50286],[-82.72734,41.50212],[-82.73804,41.48938]]],[[[-82.7867,41.67719],[-82.78414,41.67895],[-82.78399,41.67788],[-82.7867,41.67719]]],[[[-82.78985,41.69312],[-82.78396,41.69729],[-82.7804,41.69678],[-82.78985,41.69312]]],[[[-82.82228,41.65721],[-82.82153,41.65932],[-82.81953,41.65854],[-82.82228,41.65721]]],[[[-82.81366,41.67135],[-82.80334,41.68924],[-82.80551,41.67234],[-82.81366,41.67135]]],[[[-82.82972,41.69088],[-82.82611,41.69349],[-82.82278,41.69186],[-82.82972,41.69088]]],[[[-82.83414,41.59025],[-82.83085,41.59213],[-82.83032,41.59123],[-82.83414,41.59025]]],[[[-82.80932,41.70884],[-82.82572,41.72281],[-82.81349,41.72347],[-82.80932,41.70884]]],[[[-82.83503,41.62982],[-82.83409,41.65712],[-82.81439,41.65423],[-82.79371,41.6648],[-82.83503,41.62982]]],[[[-82.8503,41.67752],[-82.84797,41.68041],[-82.84462,41.67845],[-82.8503,41.67752]]],[[[-82.86808,41.64496],[-82.86359,41.64689],[-82.86283,41.64554],[-82.86808,41.64496]]],[[[-83.10608,41.73686],[-83.10557,41.74251],[-83.10209,41.7418],[-83.10608,41.73686]]],[[[-83.43842,41.69432],[-83.42761,41.71174],[-83.42128,41.70338],[-83.43842,41.69432]]],[[[-83.46079,41.70126],[-83.44934,41.7105],[-83.44687,41.70699],[-83.46079,41.70126]]],[[[-84.82015,39.11201],[-84.80597,41.69612],[-83.4554,41.73284],[-83.48021,41.68208],[-83.33587,41.70549],[-82.95701,41.52032],[-82.83962,41.58666],[-82.71158,41.53632],[-83.03888,41.46471],[-83.00943,41.42848],[-82.68693,41.4914],[-82.48121,41.38134],[-82.0124,41.51551],[-81.73876,41.48855],[-81.28382,41.76205],[-80.51941,41.97716],[-80.51899,40.6388],[-80.66796,40.5825],[-80.5999,40.31767],[-80.83187,39.70566],[-81.21731,39.38759],[-81.37596,39.3417],[-81.45614,39.40927],[-81.57025,39.26767],[-81.68948,39.26604],[-81.81386,39.07928],[-81.76266,38.92412],[-81.89854,38.87458],[-82.03775,39.02387],[-82.33034,38.4445],[-82.579,38.40778],[-82.84431,38.59086],[-82.88919,38.75608],[-83.15378,38.61883],[-83.52095,38.70305],[-83.67144,38.62738],[-83.87317,38.76242],[-84.2129,38.80571],[-84.45534,39.12036],[-84.82015,39.11201]]]]}},{"type":"Feature","id":"40","properties":{"name":"Oklahoma","abbreviation":"OK","label_lon":-97.21785,"label_lat":35.4106},"geometry":{"type":"Polygon","coordinates":[[[-103.00257,36.52659],[-103.0022,37.0001],[-98.35407,36.99796],[-94.61796,36.9989],[-94.43066,35.39248],[-94.48751,33.62894],[-95.21763,33.96265],[-95.2893,33.8731],[-95.59383,33.94303],[-95.77056,33.84527],[-96.14807,33.8378],[-96.34831,33.68638],[-96.62929,33.84549],[-96.58793,33.89478],[-96.76159,33.82441],[-96.98134,33.95638],[-97.1261,33.71694],[-97.21092,33.91606],[-97.42649,33.8194],[-97.67177,33.99137],[-97.83433,33.85767],[-97.96778,33.88243],[-97.94573,33.98984],[-98.0882,34.00548],[-98.10946,34.15411],[-98.36562,34.15699],[-98.48633,34.0626],[-98.59979,34.16057],[-99.18951,34.21431],[-99.36961,34.4587],[-99.40296,34.37348],[-99.69497,34.37833],[-100.00038,34.56051],[-100.00041,36.4997],[-103.00257,36.52659]]]}},{"type":"Feature","id":"41","properties":{"name":"Oregon","abbreviation":"OR","label_lon":-120.73031,"label_lat":44.0989},"geometry":{"type":"MultiPolygon","coordinates":[[[[-123.65064,46.24407],[-123.64897,46.24846],[-123.64134,46.24798],[-123.65064,46.24407]]],[[[-124.02833,46.27397],[-124.02402,46.29083],[-124.00893,46.26557],[-124.02833,46.27397]]],[[[-124.32377,42.06444],[-124.32177,42.0673],[-124.32209,42.06423],[-124.32377,42.06444]]],[[[-124.42693,42.31285],[-124.42535,42.3153],[-124.42504,42.31283],[-124.42693,42.31285]]],[[[-124.47697,42.66615],[-124.47489,42.66803],[-124.47586,42.66549],[-124.47697,42.66615]]],[[[-124.56459,42.84088],[-124.15027,43.91085],[-123.95806,45.27801],[-124.01263,46.23685],[-123.8548,46.15734],[-123.50124,46.271],[-123.37143,46.14637],[-123.1159,46.18527],[-122.814,45.96098],[-122.76381,45.65714],[-122.2949,45.54354],[-121.8113,45.70676],[-121.33777,45.70495],[-121.16785,45.6061],[-120.63497,45.74585],[-120.40396,45.69925],[-118.98713,45.99985],[-116.91599,45.99541],[-116.78268,45.82538],[-116.53717,45.73729],[-116.46364,45.60278],[-117.24268,44.39655],[-117.19815,44.27383],[-116.89408,44.16019],[-117.03288,43.83002],[-117.0262,41.99989],[-120.32639,41.99259],[-124.21161,41.99846],[-124.35403,42.10354],[-124.40118,42.62719],[-124.56459,42.84088]]]]}},{"type":"Feature","id":"42","properties":{"name":"Pennsylvania","abbreviation":"PA","label_lon":-77.77554,"label_lat":40.85553},"geometry":{"type":"Polygon","coordinates":[[[-80.51934,39.7214],[-80.51941,41.97716],[-79.76195,42.26986],[-79.76137,41.99907],[-75.35958,41.99944],[-75.26053,41.8638],[-75.07217,41.81373],[-74.98334,41.48089],[-74.68952,41.36384],[-75.13057,40.99109],[-75.05103,40.86566],[-75.20392,40.6915],[-75.05885,40.41806],[-74.72219,40.14994],[-75.14375,39.885],[-75.63471,39.83016],[-75.77379,39.7222],[-80.51934,39.7214]]]}},{"type":"Feature","id":"44","properties":{"name":"Rhode Island","abbreviation":"RI","label_lon":-71.59828,"label_lat":41.65782},"geometry":{"type":"MultiPolygon","coordinates":[[[[-71.28535,41.63685],[-71.27817,41.64731],[-71.27213,41.63706],[-71.28535,41.63685]]],[[[-71.30081,41.58061],[-71.29856,41.58492],[-71.29716,41.57977],[-71.30081,41.58061]]],[[[-71.32565,41.45211],[-71.32635,41.45471],[-71.32496,41.45469],[-71.32565,41.45211]]],[[[-71.329,41.48713],[-71.32537,41.4876],[-71.32782,41.48298],[-71.329,41.48713]]],[[[-71.34313,41.49493],[-71.34127,41.50049],[-71.33867,41.49493],[-71.34313,41.49493]]],[[[-71.34591,41.52958],[-71.34313,41.53584],[-71.34257,41.52902],[-71.34591,41.52958]]],[[[-71.32556,41.62414],[-71.30405,41.61878],[-71.3261,41.57858],[-71.32556,41.62414]]],[[[-71.24043,41.47615],[-71.31652,41.47756],[-71.27186,41.62399],[-71.13289,41.6601],[-71.12057,41.49745],[-71.19398,41.4564],[-71.21934,41.62548],[-71.24043,41.47615]]],[[[-71.36254,41.65114],[-71.3534,41.65787],[-71.36001,41.64988],[-71.36254,41.65114]]],[[[-71.36479,41.60143],[-71.36732,41.60595],[-71.36338,41.60669],[-71.36479,41.60143]]],[[[-71.35431,41.47889],[-71.37891,41.50495],[-71.37019,41.57396],[-71.35431,41.47889]]],[[[-71.39628,41.5037],[-71.40363,41.50457],[-71.39739,41.5062],[-71.39628,41.5037]]],[[[-71.54705,41.15368],[-71.58063,41.20337],[-71.57769,41.23123],[-71.54705,41.15368]]],[[[-71.86267,41.31086],[-71.79924,42.00806],[-71.3814,42.0188],[-71.23844,41.66556],[-71.39056,41.78371],[-71.48087,41.36025],[-71.86267,41.31086]]]]}},{"type":"Feature","id":"45","properties":{"name":"South Carolina","abbreviation":"SC","label_lon":-80.70011,"label_lat":33.55921},"geometry":{"type":"MultiPolygon","coordinates":[[[[-79.50311,33.01756],[-79.50237,33.02058],[-79.50097,33.01819],[-79.50311,33.01756]]],[[[-79.55218,32.98879],[-79.54873,32.99298],[-79.54522,32.99072],[-79.55218,32.98879]]],[[[-80.18205,32.54722],[-80.18449,32.55358],[-80.17715,32.54826],[-80.18205,32.54722]]],[[[-83.35391,34.69922],[-83.10956,35.0012],[-82.39293,35.2154],[-81.04363,35.14988],[-81.04149,35.0447],[-80.93495,35.10741],[-80.78204,34.93578],[-80.79754,34.81979],[-79.6753,34.80474],[-78.54732,33.85648],[-78.95726,33.62083],[-79.36229,33.00909],[-79.52522,33.03729],[-79.57111,33.01381],[-79.72639,32.806],[-79.9232,32.78181],[-79.88558,32.68487],[-80.0008,32.60589],[-80.47207,32.49696],[-80.4533,32.32191],[-80.63297,32.25693],[-80.73364,32.31947],[-80.66917,32.21678],[-80.92103,32.03999],[-81.11537,32.1147],[-81.18695,32.46357],[-81.41812,32.62835],[-81.49225,33.00934],[-81.75414,33.15055],[-81.93974,33.34494],[-81.92634,33.46294],[-82.55684,33.94535],[-82.8874,34.48096],[-83.03336,34.48309],[-83.35391,34.69922]]]]}},{"type":"Feature","id":"46","properties":{"name":"South Dakota","abbreviation":"SD","label_lon":-100.2603,"label_lat":44.25961},"geometry":{"type":"Polygon","coordinates":[[[-104.05303,43.00059],[-104.04544,45.94531],[-96.56367,45.93524],[-96.85775,45.60596],[-96.45307,45.29811],[-96.45326,43.50039],[-96.60261,43.44965],[-96.43659,43.12084],[-96.63862,42.73492],[-96.44551,42.49063],[-97.23787,42.85314],[-97.84527,42.86773],[-98.03503,42.7642],[-98.49855,42.99856],[-104.05303,43.00059]]]}},{"type":"Feature","id":"47","properties":{"name":"Tennessee","abbreviation":"TN","label_lon":-86.4814,"label_lat":35.91998},"geometry":{"type":"Polygon","coordinates":[[[-90.31045,35.0027],[-90.06518,35.1394],[-90.16879,35.27909],[-90.08067,35.38566],[-90.17927,35.38519],[-90.10772,35.47693],[-90.05432,35.38928],[-90.00332,35.42963],[-90.0345,35.55263],[-89.90464,35.51935],[-89.9579,35.58726],[-89.85118,35.65743],[-89.95834,35.72656],[-89.6965,35.82058],[-89.74313,35.91118],[-89.64562,35.88583],[-89.73306,36.00081],[-89.59221,36.15012],[-89.70533,36.2399],[-89.53475,36.25258],[-89.62026,36.32301],[-89.51318,36.3599],[-89.53923,36.49793],[-88.05321,36.49713],[-88.07053,36.67812],[-84.27118,36.59188],[-81.6469,36.61192],[-81.70744,36.33517],[-81.90814,36.30201],[-82.03314,36.12042],[-82.35516,36.11561],[-82.55787,35.9539],[-82.63716,36.0658],[-82.92001,35.92842],[-82.99205,35.77395],[-83.49833,35.56298],[-83.88007,35.51874],[-84.05261,35.26998],[-84.29024,35.22557],[-84.32187,34.98841],[-90.31045,35.0027]]]}},{"type":"Feature","id":"48","properties":{"name":"Texas","abbreviation":"TX","label_lon":-99.5519,"label_lat":31.24911},"geometry":{"type":"MultiPolygon","coordinates":[[[[-94.71618,29.72777],[-94.71651,29.73352],[-94.71444,29.73299],[-94.71618,29.72777]]],[[[-94.79843,29.31242],[-94.81052,29.35213],[-94.7812,29.33247],[-94.79843,29.31242]]],[[[-94.82425,29.34892],[-94.82097,29.35267],[-94.82058,29.34908],[-94.82425,29.34892]]],[[[-94.91382,29.26992],[-94.90919,29.27396],[-94.90919,29.26982],[-94.91382,29.26992]]],[[[-94.91683,29.56764],[-94.91956,29.58831],[-94.90744,29.57136],[-94.91683,29.56764]]],[[[-94.92439,29.28161],[-94.92271,29.28844],[-94.91966,29.28682],[-94.92439,29.28161]]],[[[-94.95334,29.61871],[-94.94773,29.67023],[-94.94475,29.61301],[-94.95334,29.61871]]],[[[-94.97957,29.6883],[-94.97518,29.69398],[-94.97375,29.68912],[-94.97957,29.6883]]],[[[-95.11062,29.08668],[-94.87437,29.28993],[-94.72617,29.33252],[-95.11062,29.08668]]],[[[-97.10898,27.89202],[-97.10292,27.90336],[-97.09722,27.90346],[-97.10898,27.89202]]],[[[-97.12574,27.90746],[-97.12502,27.91292],[-97.12205,27.91134],[-97.12574,27.90746]]],[[[-97.12705,27.84106],[-97.07892,27.91701],[-97.06513,27.91313],[-97.06097,27.84632],[-97.12705,27.84106]]],[[[-97.11829,27.88562],[-97.11342,27.89213],[-97.11021,27.88919],[-97.11829,27.88562]]],[[[-97.1297,27.89749],[-97.12886,27.90505],[-97.12708,27.904],[-97.1297,27.89749]]],[[[-97.14336,27.84948],[-97.13873,27.85578],[-97.13742,27.84937],[-97.14336,27.84948]]],[[[-97.14538,27.87659],[-97.14467,27.88089],[-97.14205,27.8811],[-97.14538,27.87659]]],[[[-97.14766,27.8161],[-97.15336,27.82189],[-97.14288,27.82042],[-97.14766,27.8161]]],[[[-97.16842,27.75442],[-97.1727,27.76084],[-97.16486,27.76399],[-97.16842,27.75442]]],[[[-97.18781,27.8128],[-97.17854,27.81837],[-97.17747,27.81459],[-97.18781,27.8128]]],[[[-97.2073,27.80734],[-97.20409,27.81385],[-97.19637,27.81396],[-97.2073,27.80734]]],[[[-97.24005,27.83357],[-97.2343,27.83582],[-97.23099,27.82892],[-97.24005,27.83357]]],[[[-97.23152,27.64089],[-97.23737,27.68695],[-97.21554,27.68283],[-97.23152,27.64089]]],[[[-97.25489,26.41522],[-97.2524,26.4265],[-97.25169,26.41522],[-97.25489,26.41522]]],[[[-97.24509,27.84097],[-97.25221,27.87122],[-97.239,27.8398],[-97.24509,27.84097]]],[[[-97.314,27.49751],[-97.31388,27.50542],[-97.31127,27.507],[-97.314,27.49751]]],[[[-97.31673,27.4779],[-97.31352,27.49045],[-97.30449,27.49551],[-97.31673,27.4779]]],[[[-97.25714,26.50029],[-97.27188,26.55994],[-97.19287,26.29],[-97.15371,26.06758],[-97.25714,26.50029]]],[[[-97.39839,26.86789],[-97.36182,27.35906],[-97.12148,27.78513],[-97.13538,27.82455],[-97.05683,27.84199],[-97.36539,27.19989],[-97.27877,26.56464],[-97.39839,26.86789]]],[[[-97.40434,27.2902],[-97.40208,27.31048],[-97.40053,27.3109],[-97.40434,27.2902]]],[[[-97.40386,27.31492],[-97.40291,27.32315],[-97.40065,27.32547],[-97.40386,27.31492]]],[[[-97.42311,26.74072],[-97.41265,26.75186],[-97.41538,26.74072],[-97.42311,26.74072]]],[[[-106.64548,31.89867],[-106.61849,32.0005],[-103.06442,32.00052],[-103.04192,36.50044],[-100.00041,36.4997],[-100.00038,34.56051],[-99.69497,34.37833],[-99.40296,34.37348],[-99.36961,34.4587],[-99.18951,34.21431],[-98.59979,34.16057],[-98.48633,34.0626],[-98.36562,34.15699],[-98.10946,34.15411],[-98.0882,34.00548],[-97.94573,33.98984],[-97.96778,33.88243],[-97.83433,33.85767],[-97.67177,33.99137],[-97.42649,33.8194],[-97.21092,33.91606],[-97.1261,33.71694],[-96.98134,33.95638],[-96.76159,33.82441],[-96.58793,33.89478],[-96.62929,33.84549],[-96.34831,33.68638],[-96.14807,33.8378],[-95.77056,33.84527],[-95.59383,33.94303],[-95.2893,33.8731],[-95.21763,33.96265],[-94.86069,33.74195],[-94.44864,33.64277],[-94.38609,33.54492],[-94.0566,33.56782],[-94.04183,31.9924],[-93.82344,31.7751],[-93.83492,31.58621],[-93.71158,31.51279],[-93.50829,31.03235],[-93.74025,30.53957],[-93.6994,30.05925],[-93.92799,29.80964],[-93.83773,29.67902],[-94.11953,29.65236],[-94.73341,29.36799],[-94.4707,29.55658],[-94.77899,29.53016],[-94.68937,29.69326],[-94.72625,29.79511],[-94.90104,29.65759],[-94.94268,29.69778],[-95.01651,29.70687],[-95.02099,29.55153],[-94.86437,29.37051],[-95.15697,29.19505],[-95.12384,29.07064],[-95.38368,28.87],[-96.34248,28.41872],[-97.04608,27.83954],[-96.88006,28.13107],[-96.41635,28.41387],[-96.6652,28.30961],[-96.70617,28.4046],[-96.81506,28.47521],[-96.78523,28.22954],[-96.91305,28.12044],[-96.96738,28.12325],[-96.91801,28.26937],[-96.97968,28.12536],[-97.01673,28.20333],[-97.22283,28.07735],[-97.12193,28.02092],[-97.02496,28.11331],[-97.07508,27.91935],[-97.07964,27.97554],[-97.20104,27.82128],[-97.22489,27.82668],[-97.22085,27.85026],[-97.26357,27.88081],[-97.51662,27.87142],[-97.24354,27.68923],[-97.41444,27.32157],[-97.5083,27.27501],[-97.54444,27.28417],[-97.48146,27.34046],[-97.49358,27.3906],[-97.61302,27.28524],[-97.7088,27.38564],[-97.65488,27.3051],[-97.74011,27.26754],[-97.42259,27.26205],[-97.44571,26.60936],[-97.2812,26.28051],[-97.31254,26.12034],[-97.14966,26.06414],[-97.14728,25.95332],[-97.28445,25.95916],[-97.42489,25.84063],[-97.66273,26.03808],[-98.19399,26.05332],[-98.80735,26.36942],[-99.08513,26.39878],[-99.26861,26.84321],[-99.44609,27.02334],[-99.51222,27.56809],[-99.87655,27.79736],[-99.93181,27.98097],[-100.2914,28.2754],[-100.67466,29.09978],[-101.06015,29.45866],[-101.2549,29.52034],[-101.40088,29.77007],[-102.07365,29.78693],[-102.31539,29.87992],[-102.38832,29.76127],[-102.674,29.74457],[-102.86847,29.22288],[-103.11533,28.98527],[-103.28346,28.97694],[-104.03828,29.32016],[-104.50902,29.63328],[-104.92294,30.60385],[-105.40046,30.85262],[-106.64548,31.89867]]]]}},{"type":"Feature","id":"49","properties":{"name":"Utah","abbreviation":"UT","label_lon":-111.56064,"label_lat":39.47872},"geometry":{"type":"Polygon","coordinates":[[[-114.0506,37.0004],[-114.04148,41.99387],[-111.04671,42.0017],[-111.04672,40.99796],[-109.05008,41.00066],[-109.04522,36.99908],[-114.0506,37.0004]]]}},{"type":"Feature","id":"50","properties":{"name":"Vermont","abbreviation":"VT","label_lon":-72.80609,"label_lat":43.95568},"geometry":{"type":"Polygon","coordinates":[[[-73.43774,44.04501],[-73.29385,44.43756],[-73.39023,44.61835],[-73.34312,45.01084],[-71.46456,45.01364],[-71.63188,44.75246],[-71.57676,44.50262],[-72.03282,44.32045],[-72.03184,44.07854],[-72.38015,43.57362],[-72.44376,43.00624],[-72.55621,42.86695],[-72.45852,42.72685],[-73.27642,42.74602],[-73.24159,43.53497],[-73.30623,43.62802],[-73.43095,43.58704],[-73.35059,43.77194],[-73.43774,44.04501]]]}},{"type":"Feature","id":"51","properties":{"name":"Virginia","abbreviation":"VA","label_lon":-78.24169,"label_lat":37.68155},"geometry":{"type":"MultiPolygon","coordinates":[[[[-75.7405,37.80124],[-75.73515,37.80641],[-75.73515,37.8004],[-75.7405,37.80124]]],[[[-75.85411,37.70014],[-75.85078,37.70549],[-75.849,37.70183],[-75.85411,37.70014]]],[[[-75.85779,37.6834],[-75.86314,37.69083],[-75.86053,37.69308],[-75.85779,37.6834]]],[[[-75.89642,37.80209],[-75.89416,37.80566],[-75.89178,37.79618],[-75.89642,37.80209]]],[[[-75.90319,37.89555],[-75.89879,37.89761],[-75.90058,37.89377],[-75.90319,37.89555]]],[[[-75.9672,37.0846],[-75.96205,37.1075],[-75.94289,37.09804],[-75.9672,37.0846]]],[[[-75.99905,37.8186],[-75.99686,37.85042],[-75.98828,37.80744],[-75.99905,37.8186]]],[[[-76.0023,37.86197],[-76.0042,37.87051],[-75.99981,37.86028],[-76.0023,37.86197]]],[[[-76.0248,37.26269],[-75.79505,37.72674],[-75.8164,37.78934],[-75.73337,37.78593],[-75.67264,37.84696],[-75.7569,37.90155],[-75.62445,37.9942],[-75.24247,38.02703],[-75.52682,37.78871],[-75.89837,37.11855],[-76.0248,37.26269]]],[[[-76.02843,37.9205],[-76.0414,37.95401],[-75.9939,37.95349],[-76.02843,37.9205]]],[[[-76.30268,36.98181],[-76.30259,36.98716],[-76.29986,36.98692],[-76.30268,36.98181]]],[[[-76.31864,36.9992],[-76.31771,37.00192],[-76.31707,36.99907],[-76.31864,36.9992]]],[[[-76.41929,37.59261],[-76.41781,37.59832],[-76.41728,37.59203],[-76.41929,37.59261]]],[[[-83.67461,36.60308],[-83.13639,36.74309],[-83.07259,36.85459],[-82.87857,36.88958],[-82.7221,37.12017],[-81.96801,37.53803],[-81.92564,37.35732],[-81.67821,37.20148],[-81.36216,37.33769],[-81.2251,37.23487],[-80.9479,37.29587],[-80.85956,37.42957],[-80.77008,37.37236],[-80.30933,37.50288],[-80.22098,37.62777],[-80.29614,37.69178],[-79.78894,38.2687],[-79.64907,38.59151],[-79.28297,38.41809],[-78.99817,38.84735],[-78.86928,38.76299],[-78.4037,39.16745],[-78.34709,39.46601],[-77.82816,39.13233],[-77.73005,39.31567],[-77.5666,39.30612],[-77.45768,39.22502],[-77.51993,39.12092],[-77.0406,38.87121],[-77.04325,38.71901],[-77.23593,38.66007],[-77.31729,38.38358],[-77.2401,38.33099],[-77.04152,38.40019],[-76.96231,38.21408],[-76.61206,38.14866],[-76.5551,38.02459],[-76.23673,37.88917],[-76.28008,37.61514],[-76.4687,37.69573],[-76.51019,37.64232],[-76.92854,38.06861],[-76.54925,37.62141],[-76.29803,37.55987],[-76.27621,37.31083],[-76.41289,37.41808],[-76.46958,37.37059],[-76.35455,37.27233],[-76.50903,37.23948],[-76.29928,37.13012],[-76.30427,37.00138],[-76.34067,37.01525],[-76.42525,36.96641],[-76.64987,37.22091],[-76.94708,37.22803],[-76.73728,37.14616],[-76.68658,37.19727],[-76.66256,37.04575],[-76.49157,36.8811],[-76.35453,36.92276],[-76.37052,36.83427],[-76.32567,36.96319],[-75.99625,36.92205],[-75.86765,36.55041],[-80.12218,36.54265],[-83.67461,36.60308]]]]}},{"type":"Feature","id":"53","properties":{"name":"Washington","abbreviation":"WA","label_lon":-120.49377,"label_lat":47.39678},"geometry":{"type":"MultiPolygon","coordinates":[[[[-122.32612,48.01029],[-122.32236,48.02104],[-122.30345,48.0056],[-122.32612,48.01029]]],[[[-122.49946,47.5337],[-122.47952,47.54186],[-122.48516,47.53009],[-122.49946,47.5337]]],[[[-122.52603,47.35891],[-122.51395,47.4489],[-122.46856,47.51008],[-122.37363,47.38872],[-122.52603,47.35891]]],[[[-122.52748,48.35972],[-122.53021,48.36574],[-122.52445,48.36237],[-122.52748,48.35972]]],[[[-122.55066,48.52149],[-122.54489,48.52589],[-122.54674,48.5199],[-122.55066,48.52149]]],[[[-122.555,48.5347],[-122.5581,48.5371],[-122.5544,48.5369],[-122.555,48.5347]]],[[[-122.57017,48.53584],[-122.56768,48.5374],[-122.56742,48.53526],[-122.57017,48.53584]]],[[[-122.56229,48.39793],[-122.57534,48.40097],[-122.56013,48.40271],[-122.56229,48.39793]]],[[[-122.57948,48.41179],[-122.57793,48.4152],[-122.57693,48.41487],[-122.57948,48.41179]]],[[[-122.57331,47.59458],[-122.5112,47.70871],[-122.48028,47.58327],[-122.57331,47.59458]]],[[[-122.58382,48.64524],[-122.58382,48.65999],[-122.57764,48.64762],[-122.58382,48.64524]]],[[[-122.60612,48.60588],[-122.60172,48.61403],[-122.59848,48.60767],[-122.60612,48.60588]]],[[[-122.60933,48.58086],[-122.61289,48.58275],[-122.61004,48.58243],[-122.60933,48.58086]]],[[[-122.63039,47.15354],[-122.63588,47.16396],[-122.63113,47.16767],[-122.63039,47.15354]]],[[[-122.6224,48.69395],[-122.61413,48.7151],[-122.60591,48.69973],[-122.6224,48.69395]]],[[[-122.64041,48.52586],[-122.64559,48.58889],[-122.57297,48.52903],[-122.64041,48.52586]]],[[[-122.66964,47.27647],[-122.58886,47.23714],[-122.60254,47.21751],[-122.61424,47.22087],[-122.66964,47.27647]]],[[[-122.6768,48.61005],[-122.67417,48.62994],[-122.65702,48.60989],[-122.6768,48.61005]]],[[[-122.70569,48.45918],[-122.69965,48.46973],[-122.69584,48.4598],[-122.70569,48.45918]]],[[[-122.69094,48.47278],[-122.70915,48.48407],[-122.6861,48.4869],[-122.69094,48.47278]]],[[[-122.71883,48.71682],[-122.68752,48.73472],[-122.60857,48.64045],[-122.71883,48.71682]]],[[[-122.67772,47.1911],[-122.68523,47.23238],[-122.6418,47.20501],[-122.67772,47.1911]]],[[[-122.72241,48.54061],[-122.71105,48.60931],[-122.68229,48.54531],[-122.72241,48.54061]]],[[[-122.69475,47.1259],[-122.70671,47.18738],[-122.67393,47.17467],[-122.69475,47.1259]]],[[[-122.76434,48.69566],[-122.7596,48.69567],[-122.76076,48.69428],[-122.76434,48.69566]]],[[[-122.76994,48.22755],[-122.60198,48.40991],[-122.50583,48.29768],[-122.73236,48.22614],[-122.60641,48.20826],[-122.54152,48.01774],[-122.52542,48.09654],[-122.37626,48.03446],[-122.3805,47.90402],[-122.54682,47.96721],[-122.61271,48.1559],[-122.76994,48.22755]]],[[[-122.77626,48.69593],[-122.77593,48.70262],[-122.77451,48.70302],[-122.77626,48.69593]]],[[[-122.81541,48.58994],[-122.81484,48.60003],[-122.80457,48.59778],[-122.81541,48.58994]]],[[[-122.81136,48.53319],[-122.77095,48.56309],[-122.79472,48.53445],[-122.81136,48.53319]]],[[[-122.83411,47.2568],[-122.84005,47.26809],[-122.82532,47.27051],[-122.83411,47.2568]]],[[[-122.84202,48.3169],[-122.84253,48.32131],[-122.83818,48.31967],[-122.84202,48.3169]]],[[[-122.83435,48.74352],[-122.84067,48.74952],[-122.82813,48.74528],[-122.83435,48.74352]]],[[[-122.88661,48.74863],[-122.89869,48.76992],[-122.88941,48.76729],[-122.88661,48.74863]]],[[[-122.93529,48.1213],[-122.92777,48.13277],[-122.9096,48.12655],[-122.93529,48.1213]]],[[[-122.94573,48.47777],[-122.88468,48.57315],[-122.84927,48.44719],[-122.83701,48.51676],[-122.76941,48.5121],[-122.81262,48.42098],[-122.94573,48.47777]]],[[[-122.94801,48.78106],[-122.94462,48.78673],[-122.9416,48.78417],[-122.94801,48.78106]]],[[[-122.94826,48.54689],[-122.96658,48.59467],[-122.9028,48.5785],[-122.94826,48.54689]]],[[[-123.01612,48.6024],[-123.01718,48.60629],[-123.01505,48.60683],[-123.01612,48.6024]]],[[[-123.02501,48.59407],[-123.01918,48.59743],[-123.01837,48.59482],[-123.02501,48.59407]]],[[[-123.03034,48.62989],[-122.95182,48.71222],[-122.74148,48.66035],[-122.82978,48.6012],[-122.91807,48.68955],[-122.88416,48.58872],[-123.03034,48.62989]]],[[[-123.03333,48.5908],[-123.03214,48.59316],[-123.02864,48.59296],[-123.03333,48.5908]]],[[[-123.03842,48.73157],[-123.0321,48.7331],[-123.0318,48.73212],[-123.03842,48.73157]]],[[[-123.05044,48.61193],[-123.04247,48.61869],[-123.03862,48.61049],[-123.05044,48.61193]]],[[[-123.02895,48.67833],[-123.04018,48.7173],[-123.00979,48.72229],[-123.02895,48.67833]]],[[[-123.08493,48.64493],[-123.07839,48.64961],[-123.07696,48.64772],[-123.08493,48.64493]]],[[[-123.08401,48.97146],[-123.03539,49.00215],[-123.02199,48.97647],[-123.08401,48.97146]]],[[[-123.13139,48.64851],[-123.12804,48.65074],[-123.12355,48.64772],[-123.13139,48.64851]]],[[[-123.15183,48.63877],[-123.14993,48.64144],[-123.14732,48.63846],[-123.15183,48.63877]]],[[[-123.13814,48.63853],[-123.12783,48.64369],[-123.10515,48.63338],[-123.13814,48.63853]]],[[[-123.20331,48.59555],[-123.1053,48.62264],[-122.96098,48.45121],[-123.13298,48.49831],[-123.20331,48.59555]]],[[[-123.18282,48.65744],[-123.18321,48.6843],[-123.12749,48.65675],[-123.18282,48.65744]]],[[[-123.86053,46.95606],[-123.86481,46.96514],[-123.8534,46.95866],[-123.86053,46.95606]]],[[[-124.48378,47.67208],[-124.48509,47.67752],[-124.48065,47.6798],[-124.48378,47.67208]]],[[[-124.50805,47.79746],[-124.50715,47.79917],[-124.50436,47.79694],[-124.50805,47.79746]]],[[[-124.59936,48.37683],[-124.59936,48.38551],[-124.59294,48.37793],[-124.59936,48.37683]]],[[[-124.65164,47.90528],[-124.6457,47.90738],[-124.64594,47.90419],[-124.65164,47.90528]]],[[[-124.64143,47.90785],[-124.67626,48.39137],[-123.98103,48.16476],[-123.3327,48.11297],[-123.10189,48.18495],[-122.88459,47.98975],[-122.88494,48.10511],[-122.75451,48.14434],[-122.61034,47.88734],[-122.78489,47.68733],[-122.86465,47.80467],[-123.15958,47.35439],[-123.03027,47.35095],[-122.87459,47.41387],[-123.11968,47.38553],[-122.57367,47.85758],[-122.61702,47.93899],[-122.52533,47.91234],[-122.47184,47.74982],[-122.6311,47.70734],[-122.69845,47.52669],[-122.55499,47.58997],[-122.49532,47.51102],[-122.57599,47.32642],[-122.54752,47.28534],[-122.69583,47.28138],[-122.68394,47.36515],[-122.77162,47.16711],[-122.8328,47.24341],[-122.76906,47.34054],[-122.82666,47.40581],[-122.87147,47.27686],[-122.8478,47.1306],[-122.71317,47.09348],[-122.59083,47.17811],[-122.52969,47.28331],[-122.54741,47.31773],[-122.43676,47.26186],[-122.32483,47.34852],[-122.43694,47.66172],[-122.21898,48.02028],[-122.38391,48.22749],[-122.47901,48.1757],[-122.35896,48.05485],[-122.51056,48.13221],[-122.531,48.24982],[-122.37174,48.29925],[-122.55038,48.44845],[-122.67416,48.42473],[-122.68452,48.50912],[-122.47022,48.46877],[-122.56084,48.58165],[-122.42527,48.59952],[-122.5358,48.77613],[-122.67347,48.73308],[-122.82163,48.94137],[-122.75802,49.00236],[-117.03235,48.99919],[-117.06275,46.35362],[-116.91599,45.99541],[-118.98713,45.99985],[-120.21075,45.72595],[-120.63497,45.74585],[-121.16785,45.6061],[-121.53311,45.72654],[-122.2667,45.54384],[-122.64391,45.60974],[-122.76381,45.65714],[-122.814,45.96098],[-123.00423,46.13382],[-123.37143,46.14637],[-123.47484,46.26783],[-123.70073,46.3046],[-124.07777,46.27232],[-124.06434,46.64126],[-124.01526,46.37868],[-123.96392,46.37671],[-123.96064,46.63636],[-123.82936,46.71336],[-124.09218,46.74162],[-124.13823,46.90553],[-123.8389,46.95395],[-123.8591,46.96758],[-124.01222,46.98518],[-124.12206,47.04165],[-124.17388,46.92723],[-124.4252,47.73843],[-124.64143,47.90785]]],[[[-124.74648,48.39135],[-124.73721,48.39561],[-124.73222,48.39088],[-124.74648,48.39135]]],[[[-124.74862,48.15488],[-124.75141,48.16056],[-124.74547,48.15554],[-124.74862,48.15488]]],[[[-124.76235,48.1756],[-124.75567,48.17556],[-124.75521,48.17419],[-124.76235,48.1756]]]]}},{"type":"Feature","id":"54","properties":{"name":"West Virginia","abbreviation":"WV","label_lon":-80.42813,"label_lat":38.83634},"geometry":{"type":"Polygon","coordinates":[[[-82.6432,38.16909],[-82.59348,38.42182],[-82.33034,38.4445],[-82.29127,38.57898],[-82.17727,38.60378],[-82.22157,38.78719],[-82.03775,39.02387],[-81.89854,38.87458],[-81.76266,38.92412],[-81.81386,39.07928],[-81.68363,39.27094],[-81.57025,39.26767],[-81.45614,39.40927],[-81.37596,39.3417],[-81.21731,39.38759],[-80.88036,39.62071],[-80.5999,40.31767],[-80.62717,40.61994],[-80.51899,40.6388],[-80.51934,39.7214],[-79.47666,39.72108],[-79.48687,39.20596],[-79.10319,39.476],[-78.95675,39.44026],[-78.76584,39.64849],[-78.68945,39.54577],[-78.47117,39.5161],[-78.43025,39.62329],[-78.17136,39.69561],[-77.83801,39.60612],[-77.86613,39.51766],[-77.7654,39.4944],[-77.71952,39.32131],[-77.82816,39.13233],[-78.34709,39.46601],[-78.4037,39.16745],[-78.86928,38.76299],[-78.99817,38.84735],[-79.28297,38.41809],[-79.64907,38.59151],[-79.78894,38.2687],[-80.29614,37.69178],[-80.22098,37.62777],[-80.29979,37.50827],[-80.4756,37.42295],[-80.51139,37.48167],[-80.77008,37.37236],[-80.85956,37.42957],[-80.90054,37.315],[-81.2251,37.23487],[-81.36216,37.33769],[-81.67821,37.20148],[-81.9285,37.36064],[-81.94401,37.53096],[-82.30395,37.67576],[-82.6432,38.16909]]]}},{"type":"Feature","id":"55","properties":{"name":"Wisconsin","abbreviation":"WI","label_lon":-90.39686,"label_lat":44.71488},"geometry":{"type":"MultiPolygon","coordinates":[[[[-86.82956,45.40592],[-86.81006,45.42262],[-86.80541,45.40732],[-86.82956,45.40592]]],[[[-86.89707,45.29606],[-86.93739,45.42097],[-86.83785,45.39371],[-86.89707,45.29606]]],[[[-86.95722,45.30476],[-86.9476,45.31232],[-86.94416,45.30063],[-86.95722,45.30476]]],[[[-87.21206,45.17699],[-87.20712,45.18],[-87.20724,45.17764],[-87.21206,45.17699]]],[[[-87.26365,45.15708],[-87.26473,45.1613],[-87.26222,45.1608],[-87.26365,45.15708]]],[[[-87.33263,45.16092],[-87.3752,45.19819],[-87.33507,45.21125],[-87.33263,45.16092]]],[[[-87.50469,45.05911],[-87.49715,45.06114],[-87.49203,45.05597],[-87.50469,45.05911]]],[[[-87.98126,44.58667],[-87.98132,44.59695],[-87.97912,44.58701],[-87.98126,44.58667]]],[[[-88.00059,44.61075],[-88.00337,44.61711],[-87.99154,44.60491],[-88.00059,44.61075]]],[[[-90.41042,47.01688],[-90.44828,47.06531],[-90.39507,47.07696],[-90.41042,47.01688]]],[[[-90.47556,46.87509],[-90.45854,46.89732],[-90.44895,46.89646],[-90.47556,46.87509]]],[[[-90.56357,46.99716],[-90.54649,47.01771],[-90.55893,46.99677],[-90.56357,46.99716]]],[[[-90.58943,47.05895],[-90.58958,47.0724],[-90.58652,47.07568],[-90.58943,47.05895]]],[[[-90.61745,46.98943],[-90.60597,47.00704],[-90.60317,46.99537],[-90.61745,46.98943]]],[[[-90.64125,47.02556],[-90.64496,47.04018],[-90.6377,47.03818],[-90.64125,47.02556]]],[[[-90.65426,46.92234],[-90.57647,46.95846],[-90.50863,46.95769],[-90.53973,46.91017],[-90.65426,46.92234]]],[[[-90.6612,46.95324],[-90.65492,46.97693],[-90.63412,46.97963],[-90.6612,46.95324]]],[[[-90.6803,47.01895],[-90.68868,47.04322],[-90.64866,47.05313],[-90.6803,47.01895]]],[[[-90.68967,46.87897],[-90.67791,46.89586],[-90.66744,46.89135],[-90.68967,46.87897]]],[[[-90.69478,46.98288],[-90.69656,47.00846],[-90.66921,47.00013],[-90.69478,46.98288]]],[[[-90.73004,47.06561],[-90.72077,47.07329],[-90.72674,47.06213],[-90.73004,47.06561]]],[[[-90.73277,46.84756],[-90.74948,46.86247],[-90.72663,46.87235],[-90.73277,46.84756]]],[[[-90.7367,46.91344],[-90.71564,46.95836],[-90.68899,46.91746],[-90.7367,46.91344]]],[[[-90.7708,47.00505],[-90.74729,47.02577],[-90.75062,47.00045],[-90.7708,47.00505]]],[[[-90.76365,46.75493],[-90.62205,46.87287],[-90.57001,46.8497],[-90.76365,46.75493]]],[[[-90.79078,46.97043],[-90.79532,46.98045],[-90.78736,46.97946],[-90.79078,46.97043]]],[[[-90.76602,46.71285],[-90.78442,46.72937],[-90.77366,46.723],[-90.76602,46.71285]]],[[[-90.87633,46.98496],[-90.85127,46.98539],[-90.85635,46.97639],[-90.87633,46.98496]]],[[[-90.93196,46.96312],[-90.93748,47.0031],[-90.92421,46.99007],[-90.93196,46.96312]]],[[[-91.03801,46.94186],[-91.03422,46.94525],[-91.03683,46.94082],[-91.03801,46.94186]]],[[[-92.88811,45.62838],[-92.7125,45.8917],[-92.29403,46.07438],[-92.29129,46.66814],[-92.10819,46.74914],[-91.79013,46.69467],[-90.8639,46.96266],[-90.75103,46.88796],[-90.94449,46.58766],[-90.6932,46.65999],[-90.75343,46.70383],[-90.21659,46.50176],[-90.12049,46.33685],[-88.67083,45.98855],[-88.18979,45.95221],[-88.10325,45.79136],[-87.80587,45.70684],[-87.88805,45.3547],[-87.65735,45.36875],[-87.73651,45.17339],[-87.58739,45.08708],[-87.63118,44.9844],[-87.83926,44.93276],[-88.04955,44.5656],[-88.00243,44.53866],[-87.61006,44.83838],[-87.43313,44.89274],[-87.38555,44.83114],[-87.23768,45.16817],[-87.17862,45.14837],[-86.98336,45.29537],[-87.46809,44.55192],[-87.5129,44.19281],[-87.73626,43.88102],[-87.70269,43.6876],[-87.91179,43.25041],[-87.75791,42.78214],[-87.80209,42.49258],[-90.64284,42.50848],[-90.7092,42.63608],[-91.05373,42.73824],[-91.17946,43.06743],[-91.05792,43.25537],[-91.21477,43.36587],[-91.28414,43.84706],[-91.87516,44.20057],[-91.9636,44.36211],[-92.33611,44.554],[-92.54806,44.56779],[-92.80732,44.75036],[-92.76187,45.28701],[-92.6466,45.44164],[-92.88811,45.62838]]]]}},{"type":"Feature","id":"56","properties":{"name":"Wyoming","abbreviation":"WY","label_lon":-107.56495,"label_lat":43.03442},"geometry":{"type":"Polygon","coordinates":[[[-111.05456,45.00096],[-104.05788,44.99761],[-104.05325,41.00141],[-111.04672,40.99796],[-111.05456,45.00096]]]}}]}
